=== RUN   TestT2RealCloudProvisioning
    t2_provision_test.go:146: A0.6: ArgoCD-with-repos SKIPPED — no apps/BYO repo configured (set ALETHIA_E2E_ARGO_APPS_REPO + ALETHIA_E2E_ARGO_BYO_CHART_REPO + ALETHIA_E2E_GIT_TOKEN). Base T2 proof still runs.
    t2_provision_test.go:164: #1268: cross-account keyless secrets SKIPPED — set ALETHIA_E2E_SECRETS_XACCT (+ its target vars) to enable.
    t2_provision_test.go:182: #1511: keyless DB auth SKIPPED — set ALETHIA_E2E_KEYLESS_DB (+ its engine vars) to enable.
    t2_provision_test.go:201: #1047: cross-account keyless registry SKIPPED — set ALETHIA_E2E_XACCT_REGISTRY (+ its target vars) to enable.
    t2_provision_test.go:219: T2 target: provider=hetzner region=nbg1 cluster=e2e-hetzner-08050640-fb08050640
    t2_provision_test.go:318: A0.5: seeded console graph (project=6ad6b298-7b21-4dbf-855e-98e18cc5163a env=8c7142ca-4da4-477e-a8ca-5e651ab53deb) + loaded fidelity fixture; enforce=false real_snapshot=false
    t2_provision_test.go:354: A0.5 WARN (set ALETHIA_E2E_A05_ENFORCE to hard-fail): snapshot fidelity — 1 divergence(s) across the 2 compared key(s) [addons provider]: key "addons" diverges from the console shape: seeded=[map[chart:argo-rollouts chartRepo:https://argoproj.github.io/argo-helm id:argo-rollouts mode:managed namespace:argo-rollouts syncWave:2 values:map[controller:map[replicas:2] dashboard:map[enabled:false]] version:2.37.7] map[chart:external-dns chartRepo:https://kubernetes-sigs.github.io/external-dns/ id:external-dns mode:managed namespace:external-dns syncWave:2 values:map[provider:map[name:cloudflare]] version:1.15.0] map[chart:falco chartRepo:https://falcosecurity.github.io/charts id:falco mode:managed namespace:falco syncWave:2 values:map[driver:map[kind:auto] falco:map[json_output:false] falcosidekick:map[enabled:false]] version:4.9.0] map[chart:goldilocks chartRepo:https://charts.fairwinds.com/stable id:goldilocks mode:managed namespace:goldilocks syncWave:4 values:map[dashboard:map[replicaCount:2] vpa:map[enabled:false]] version:9.0.0] map[chart:harbor chartRepo:https://helm.goharbor.io id:harbor mode:managed namespace:harbor syncWave:2 values:map[expose:map[type:ingress] persistence:map[persistentVolumeClaim:map[registry:map[size:50Gi]]]] version:1.15.1] map[chart:ingress-nginx chartRepo:https://kubernetes.github.io/ingress-nginx id:ingress-nginx mode:managed namespace:ingress-nginx syncWave:1 values:map[controller:map[metrics:map[enabled:false] replicaCount:1 service:map[type:LoadBalancer]]] version:4.11.2] map[chart:keda chartRepo:https://kedacore.github.io/charts id:keda mode:managed namespace:keda syncWave:2 values:map[operator:map[replicaCount:1]] version:2.15.1] map[chart:kube-prometheus-stack chartRepo:https://prometheus-community.github.io/helm-charts id:kube-prometheus-stack mode:managed namespace:monitoring syncWave:2 values:map[alertmanager:map[enabled:true] grafana:map[enabled:true] prometheus:map[prometheusSpec:map[retention:15d scrapeInterval:30s storageSpec:map[volumeClaimTemplate:map[spec:map[resources:map[requests:map[storage:20Gi]]]]]]]] version:61.9.0] map[chart:kyverno chartRepo:https://kyverno.github.io/kyverno/ id:kyverno mode:managed namespace:kyverno syncWave:1 values:map[admissionController:map[replicas:3] backgroundController:map[enabled:true]] version:3.2.6] map[chart:loki chartRepo:https://grafana.github.io/helm-charts id:loki mode:managed namespace:monitoring syncWave:3 values:map[backend:map[replicas:1] deploymentMode:SingleBinary loki:map[commonConfig:map[replication_factor:1] limits_config:map[retention_period:336h] schemaConfig:map[configs:[map[from:2024-01-01 index:map[period:24h prefix:index_] object_store:filesystem schema:v13 store:tsdb]]] storage:map[type:filesystem]] read:map[replicas:1] singleBinary:map[persistence:map[size:10Gi]] write:map[replicas:1]] version:6.6.0] map[chart:minio chartRepo:https://charts.min.io/ id:minio mode:managed namespace:minio syncWave:2 values:map[mode:standalone persistence:map[size:50Gi]] version:5.2.0] map[chart:opentelemetry-collector chartRepo:https://open-telemetry.github.io/opentelemetry-helm-charts id:opentelemetry-collector mode:managed namespace:observability syncWave:3 values:map[config:map[exporters:map[debug:map[]] receivers:map[otlp:map[protocols:map[grpc:map[] http:map[]]]] service:map[pipelines:map[logs:map[exporters:[debug] receivers:[otlp]] metrics:map[exporters:[debug] receivers:[otlp]] traces:map[exporters:[debug] receivers:[otlp]]]]] image:map[repository:otel/opentelemetry-collector-contrib] mode:deployment replicaCount:1] version:0.108.0] map[chart:reloader chartRepo:https://stakater.github.io/stakater-charts id:reloader mode:managed namespace:reloader syncWave:1 values:map[reloader:map[deployment:map[replicas:1] watchGlobally:true]] version:1.1.0] map[chart:sealed-secrets chartRepo:https://bitnami.github.io/sealed-secrets id:sealed-secrets mode:managed namespace:kube-system syncWave:1 values:map[keyrenewperiod:720h] version:2.16.1] map[chart:tempo chartRepo:https://grafana.github.io/helm-charts id:tempo mode:managed namespace:monitoring syncWave:3 values:map[persistence:map[enabled:true size:10Gi] tempo:map[retention:24h]] version:1.10.3] map[chart:trivy-operator chartRepo:https://aquasecurity.github.io/helm-charts/ id:trivy-operator mode:managed namespace:trivy-system syncWave:2 values:map[trivy:map[ignoreUnfixed:true]] version:0.24.1] map[chart:vault chartRepo:https://helm.releases.hashicorp.com id:vault mode:managed namespace:vault syncWave:2 values:map[server:map[ha:map[enabled:false]] ui:map[enabled:true]] version:0.28.1] map[chart:velero chartRepo:https://vmware-tanzu.github.io/helm-charts id:velero mode:managed namespace:velero syncWave:3 values:map[deployNodeAgent:false snapshotsEnabled:true] version:7.2.1]] fixture=[map[chart:reloader chartRepo:https://stakater.github.io/stakater-charts id:reloader mode:managed namespace:reloader syncWave:1 values:map[reloader:map[deployment:map[replicas:1] watchGlobally:true]] version:1.1.0]]
    t2_provision_test.go:360: seeded QUEUED DEPLOY job 55527122-3b86-46d9-acb8-d8cde57f2654 targeting hetzner template (cluster e2e-hetzner-08050640-fb08050640)
    t2_provision_test.go:486: verified signed receipt sealed to plan sha256 1f6312a0e9da14f417603fb7f09bc16464abec116f754bcbfcd66e02bcc84795
    t2_provision_test.go:499: 220 log lines shipped to job_logs
    t2_provision_test.go:505: kubectl get nodes:
        e2e-hetzner-08050640-fb08050640-cp-1       Ready   control-plane   11m   v1.35.6
        e2e-hetzner-08050640-fb08050640-worker-1   Ready   <none>          11m   v1.35.6
        e2e-hetzner-08050640-fb08050640-worker-2   Ready   <none>          11m   v1.35.6
        e2e-hetzner-08050640-fb08050640-worker-3   Ready   <none>          11m   v1.35.6
        e2e-hetzner-08050640-fb08050640-worker-4   Ready   <none>          11m   v1.35.6
        e2e-hetzner-08050640-fb08050640-worker-5   Ready   <none>          11m   v1.35.6
        e2e-hetzner-08050640-fb08050640-worker-6   Ready   <none>          11m   v1.35.6
    t2_provision_test.go:516: asserting ArgoCD Applications reach Healthy+Synced: [addon-argo-rollouts addon-external-dns addon-falco addon-goldilocks addon-harbor addon-ingress-nginx addon-keda addon-kube-prometheus-stack addon-kyverno addon-loki addon-minio addon-opentelemetry-collector addon-reloader addon-sealed-secrets addon-tempo addon-trivy-operator addon-vault addon-velero external-secrets-operator metrics-server]
    t2_provision_test.go:554: ArgoCD application health assertion failed: ArgoCD Applications did not all reach Healthy+Synced within 8m0s:
        12/20 expected ArgoCD Applications are not Healthy+Synced:
          - addon-argo-rollouts: health=Healthy sync=OutOfSync
          - addon-external-dns: health=Degraded sync=Synced
          - addon-falco: health=Progressing sync=Synced
          - addon-harbor: health=Degraded sync=OutOfSync [SyncError: Failed sync attempt to 1.15.1: one or more objects failed to apply, reason: Internal error occurred: failed calling webhook "validate.nginx.ingress.kubernetes.io": failed to call webhook: Post "https://addon-ingress-nginx-controller-admission.ingress-nginx.svc:443/networking/v1/ingresses?timeout=10s": tls: failed to verify certificate: x509: certificate signed by unknown authority (retried 5 times).]
          - addon-ingress-nginx: health=Progressing sync=Synced
          - addon-kube-prometheus-stack: health=Progressing sync=Synced
          - addon-kyverno: health=Healthy sync=OutOfSync
          - addon-loki: health=Healthy sync=Unknown [ComparisonError: Failed to load target state: failed to generate manifest for source 1 of 1: rpc error: code = Unknown desc = failed to execute helm template command: failed to get command args to log: `helm template . --name-template addon-loki --namespace monitoring --kube-version 1.35 --values /tmp/0a6ebb11-4580-4735-abb0-b4b6a646f355 <api versions removed> --include-crds` failed exit status 1: Error: execution error at (loki/templates/validate.yaml:19:4): Cannot run scalable targets (backend, read, write) or distributed targets without an object storage backend.
        
        Use --debug flag to render out invalid YAML]
          - addon-minio: health=Degraded sync=OutOfSync
          - addon-tempo: health=Healthy sync=OutOfSync
          - addon-vault: health=Progressing sync=OutOfSync
          - addon-velero: health=Missing sync=OutOfSync
        all Applications observed in the argocd namespace:
          - addon-argo-rollouts: health=Healthy sync=OutOfSync
          - addon-external-dns: health=Degraded sync=Synced
          - addon-falco: health=Progressing sync=Synced
          - addon-goldilocks: health=Healthy sync=Synced
          - addon-harbor: health=Degraded sync=OutOfSync
          - addon-ingress-nginx: health=Progressing sync=Synced
          - addon-keda: health=Healthy sync=Synced
          - addon-kube-prometheus-stack: health=Progressing sync=Synced
          - addon-kyverno: health=Healthy sync=OutOfSync
          - addon-loki: health=Healthy sync=Unknown
          - addon-minio: health=Degraded sync=OutOfSync
          - addon-opentelemetry-collector: health=Healthy sync=Synced
          - addon-reloader: health=Healthy sync=Synced
          - addon-sealed-secrets: health=Healthy sync=Synced
          - addon-tempo: health=Healthy sync=OutOfSync
          - addon-trivy-operator: health=Healthy sync=Synced
          - addon-vault: health=Progressing sync=OutOfSync
          - addon-velero: health=Missing sync=OutOfSync
          - external-secrets-operator: health=Healthy sync=Synced
          - metrics-server: health=Healthy sync=Synced
        ──── kubectl describe application addon-argo-rollouts ────
        Name:         addon-argo-rollouts
        Namespace:    argocd
        Labels:       alethia.io/addon-id=argo-rollouts
                      alethia.io/addon-mode=managed
                      alethia.io/addon-source=helm
                      alethia.io/managed-by=addon-marketplace
                      alethia.io/project-id=e2e-fb08050640
        Annotations:  argocd.argoproj.io/sync-wave: 2
        API Version:  argoproj.io/v1alpha1
        Kind:         Application
        Metadata:
          Creation Timestamp:  2026-08-05T06:45:49Z
          Finalizers:
            resources-finalizer.argocd.argoproj.io
          Generation:        45
          Resource Version:  12825
          UID:               25e37710-8b0b-4225-9d72-76f6c9be1280
        Spec:
          Destination:
            Namespace:  argo-rollouts
            Server:     https://kubernetes.default.svc
          Ignore Differences:
            Group:  apps
            Jq Path Expressions:
              .spec.template.spec.containers[]?.env[]?.valueFrom.resourceFieldRef.divisor
            Json Pointers:
              /status/terminatingReplicas
            Kind:                  Deployment
          Project:                 infra
          Revision History Limit:  3
          Source:
            Chart:  argo-rollouts
            Helm:
              Values:  controller:
          replicas: 2
        dashboard:
          enabled: false
        
            Repo URL:         https://argoproj.github.io/argo-helm
            Target Revision:  2.37.7
          Sync Policy:
            Automated:
              Prune:      true
              Self Heal:  true
            Sync Options:
              CreateNamespace=true
              ServerSideApply=true
              RespectIgnoreDifferences=true
        Status:
          Controller Namespace:  argocd
          Health:
            Last Transition Time:  2026-08-05T06:46:33Z
            Status:                Healthy
          History:
            Deploy Started At:  2026-08-05T06:45:52Z
            Deployed At:        2026-08-05T06:45:57Z
            Id:                 0
            Initiated By:
              Automated:  true
            Revision:     2.37.7
            Source:
              Chart:  argo-rollouts
              Helm:
                Values:  controller:
          replicas: 2
        dashboard:
          enabled: false
        
              Repo URL:         https://argoproj.github.io/argo-helm
              Target Revision:  2.37.7
          Operation State:
            Finished At:  2026-08-05T07:00:08Z
            Message:      successfully synced (all tasks run)
            Operation:
              Initiated By:
                Automated:  true
              Retry:
                Limit:  5
              Sync:
                Auto Heal Attempts Count:  8
                Prune:                     true
                Resources:
                  Group:   apiextensions.k8s.io
                  Kind:    CustomResourceDefinition
                  Name:    analysisruns.argoproj.io
                  Group:   apiextensions.k8s.io
                  Kind:    CustomResourceDefinition
                  Name:    analysistemplates.argoproj.io
                  Group:   apiextensions.k8s.io
                  Kind:    CustomResourceDefinition
                  Name:    clusteranalysistemplates.argoproj.io
                  Group:   apiextensions.k8s.io
                  Kind:    CustomResourceDefinition
                  Name:    rollouts.argoproj.io
                  Group:   apiextensions.k8s.io
                  Kind:    CustomResourceDefinition
                  Name:    experiments.argoproj.io
                Revision:  2.37.7
                Sync Options:
                  CreateNamespace=true
                  ServerSideApply=true
                  RespectIgnoreDifferences=true
            Phase:       Succeeded
            Started At:  2026-08-05T07:00:08Z
            Sync Result:
              Resources:
                Group:       apiextensions.k8s.io
                Hook Phase:  Running
                Kind:        CustomResourceDefinition
                Message:     customresourcedefinition.apiextensions.k8s.io/experiments.argoproj.io serverside-applied
                Name:        experiments.argoproj.io
                Namespace:   argo-rollouts
                Status:      Synced
                Sync Phase:  Sync
                Version:     v1
                Group:       apiextensions.k8s.io
                Hook Phase:  Running
                Kind:        CustomResourceDefinition
                Message:     customresourcedefinition.apiextensions.k8s.io/analysisruns.argoproj.io serverside-applied
                Name:        analysisruns.argoproj.io
                Namespace:   argo-rollouts
                Status:      Synced
                Sync Phase:  Sync
                Version:     v1
                Group:       apiextensions.k8s.io
                Hook Phase:  Runn…(truncated)
        ──── kubectl describe application addon-external-dns ────
        Name:         addon-external-dns
        Namespace:    argocd
        Labels:       alethia.io/addon-id=external-dns
                      alethia.io/addon-mode=managed
                      alethia.io/addon-source=helm
                      alethia.io/managed-by=addon-marketplace
                      alethia.io/project-id=e2e-fb08050640
        Annotations:  argocd.argoproj.io/sync-wave: 2
        API Version:  argoproj.io/v1alpha1
        Kind:         Application
        Metadata:
          Creation Timestamp:  2026-08-05T06:45:50Z
          Finalizers:
            resources-finalizer.argocd.argoproj.io
          Generation:        18
          Resource Version:  11601
          UID:               aa726dd0-13ed-40b6-b975-d163f9da21e5
        Spec:
          Destination:
            Namespace:  external-dns
            Server:     https://kubernetes.default.svc
          Ignore Differences:
            Group:  apps
            Jq Path Expressions:
              .spec.template.spec.containers[]?.env[]?.valueFrom.resourceFieldRef.divisor
            Json Pointers:
              /status/terminatingReplicas
            Kind:                  Deployment
          Project:                 infra
          Revision History Limit:  3
          Source:
            Chart:  external-dns
            Helm:
              Values:  provider:
          name: cloudflare
        
            Repo URL:         https://kubernetes-sigs.github.io/external-dns/
            Target Revision:  1.15.0
          Sync Policy:
            Automated:
              Prune:      true
              Self Heal:  true
            Sync Options:
              CreateNamespace=true
              ServerSideApply=true
              RespectIgnoreDifferences=true
        Status:
          Controller Namespace:  argocd
          Health:
            Last Transition Time:  2026-08-05T06:55:52Z
            Status:                Degraded
          History:
            Deploy Started At:  2026-08-05T06:45:50Z
            Deployed At:        2026-08-05T06:45:51Z
            Id:                 0
            Initiated By:
              Automated:  true
            Revision:     1.15.0
            Source:
              Chart:  external-dns
              Helm:
                Values:  provider:
          name: cloudflare
        
              Repo URL:         https://kubernetes-sigs.github.io/external-dns/
              Target Revision:  1.15.0
          Operation State:
            Finished At:  2026-08-05T06:45:52Z
            Message:      successfully synced (all tasks run)
            Operation:
              Initiated By:
                Automated:  true
              Retry:
                Limit:  5
              Sync:
                Auto Heal Attempts Count:  1
                Prune:                     true
                Resources:
                  Group:   apiextensions.k8s.io
                  Kind:    CustomResourceDefinition
                  Name:    dnsendpoints.externaldns.k8s.io
                  Kind:    ServiceAccount
                  Name:    addon-external-dns
                  Group:   rbac.authorization.k8s.io
                  Kind:    ClusterRole
                  Name:    addon-external-dns
                  Group:   rbac.authorization.k8s.io
                  Kind:    ClusterRoleBinding
                  Name:    addon-external-dns-viewer
                  Kind:    Service
                  Name:    addon-external-dns
                  Group:   apps
                  Kind:    Deployment
                  Name:    addon-external-dns
                Revision:  1.15.0
                Sync Options:
                  CreateNamespace=true
                  ServerSideApply=true
                  RespectIgnoreDifferences=true
            Phase:       Succeeded
            Started At:  2026-08-05T06:45:51Z
            Sync Result:
              Resources:
                Group:       
                Hook Phase:  Running
                Kind:        ServiceAccount
                Message:     serviceaccount/addon-external-dns serverside-applied
                Name:        addon-external-dns
                Namespace:   external-dns
                Status:      Synced
                Sync Phase:  Sync
                Version:     v1
                Group:       apiextensions.k8s.io
                Hook Phase:  Running
                Kind:        CustomResourceDefinition
                Message:     customresourcedefinition.apiextensions.k8s.io/dnsendpoints.externaldns.k8s.io serverside-applied
                Name:        dnsendpoints.externaldns.k8s.io
                Namespace:   external-dns
                Status:      Synced
                Sync Phase:  Sync
                Version:     v1
                Group:       rbac.authorization.k8s.io
                Hook Phase:  Running
                Kind:        ClusterRole
                Message:     clusterrole.rbac.authorization.k8s.io/addon-external-dns reconciled. clust…(truncated)
        ──── kubectl describe application addon-falco ────
        Name:         addon-falco
        Namespace:    argocd
        Labels:       alethia.io/addon-id=falco
                      alethia.io/addon-mode=managed
                      alethia.io/addon-source=helm
                      alethia.io/managed-by=addon-marketplace
                      alethia.io/project-id=e2e-fb08050640
        Annotations:  argocd.argoproj.io/sync-wave: 2
        API Version:  argoproj.io/v1alpha1
        Kind:         Application
        Metadata:
          Creation Timestamp:  2026-08-05T06:45:50Z
          Finalizers:
            resources-finalizer.argocd.argoproj.io
          Generation:        16
          Resource Version:  11781
          UID:               63bd0900-7f19-4e51-b95a-a26da493f595
        Spec:
          Destination:
            Namespace:  falco
            Server:     https://kubernetes.default.svc
          Ignore Differences:
            Group:  apps
            Jq Path Expressions:
              .spec.template.spec.containers[]?.env[]?.valueFrom.resourceFieldRef.divisor
            Json Pointers:
              /status/terminatingReplicas
            Kind:                  Deployment
          Project:                 infra
          Revision History Limit:  3
          Source:
            Chart:  falco
            Helm:
              Values:  driver:
          kind: auto
        falco:
          json_output: false
        falcosidekick:
          enabled: false
        
            Repo URL:         https://falcosecurity.github.io/charts
            Target Revision:  4.9.0
          Sync Policy:
            Automated:
              Prune:      true
              Self Heal:  true
            Sync Options:
              CreateNamespace=true
              ServerSideApply=true
              RespectIgnoreDifferences=true
        Status:
          Controller Namespace:  argocd
          Health:
            Last Transition Time:  2026-08-05T06:45:53Z
            Status:                Progressing
          History:
            Deploy Started At:  2026-08-05T06:45:52Z
            Deployed At:        2026-08-05T06:45:53Z
            Id:                 0
            Initiated By:
              Automated:  true
            Revision:     4.9.0
            Source:
              Chart:  falco
              Helm:
                Values:  driver:
          kind: auto
        falco:
          json_output: false
        falcosidekick:
          enabled: false
        
              Repo URL:         https://falcosecurity.github.io/charts
              Target Revision:  4.9.0
          Operation State:
            Finished At:  2026-08-05T06:45:53Z
            Message:      successfully synced (all tasks run)
            Operation:
              Initiated By:
                Automated:  true
              Retry:
                Limit:  5
              Sync:
                Prune:     true
                Revision:  4.9.0
                Sync Options:
                  CreateNamespace=true
                  ServerSideApply=true
                  RespectIgnoreDifferences=true
            Phase:       Succeeded
            Started At:  2026-08-05T06:45:52Z
            Sync Result:
              Resources:
                Group:       
                Hook Phase:  Running
                Kind:        Namespace
                Message:     namespace/falco serverside-applied
                Name:        falco
                Namespace:   
                Status:      Synced
                Sync Phase:  PreSync
                Version:     v1
                Group:       
                Hook Phase:  Running
                Kind:        ServiceAccount
                Message:     serviceaccount/addon-falco serverside-applied
                Name:        addon-falco
                Namespace:   falco
                Status:      Synced
                Sync Phase:  Sync
                Version:     v1
                Group:       
                Hook Phase:  Running
                Kind:        ConfigMap
                Message:     configmap/addon-falco serverside-applied
                Name:        addon-falco
                Namespace:   falco
                Status:      Synced
                Sync Phase:  Sync
                Version:     v1
                Group:       
                Hook Phase:  Running
                Kind:        ConfigMap
                Message:     configmap/addon-falco-falcoctl serverside-applied
                Name:        addon-falco-falcoctl
                Namespace:   falco
                Status:      Synced
                Sync Phase:  Sync
                Version:     v1
                Group:       rbac.authorization.k8s.io
                Hook Phase:  Running
                Kind:        Role
                Message:     role.rbac.authorization.k8s.io/addon-falco reconciled. reconciliation required create
                             missing rules added:
                               {Verbs:[get list update] APIGroups:[] Resources:[configmaps] ResourceNames:[] NonResourceURLs:[]}. role.rbac.authorization.k8s.io…(truncated)
        ──── kubectl describe application addon-harbor ────
        Name:         addon-harbor
        Namespace:    argocd
        Labels:       alethia.io/addon-id=harbor
                      alethia.io/addon-mode=managed
                      alethia.io/addon-source=helm
                      alethia.io/managed-by=addon-marketplace
                      alethia.io/project-id=e2e-fb08050640
        Annotations:  argocd.argoproj.io/sync-wave: 2
        API Version:  argoproj.io/v1alpha1
        Kind:         Application
        Metadata:
          Creation Timestamp:  2026-08-05T06:45:50Z
          Finalizers:
            resources-finalizer.argocd.argoproj.io
          Generation:        36
          Resource Version:  11907
          UID:               3a7bb2ec-d626-4f22-82c2-be22d5d44281
        Spec:
          Destination:
            Namespace:  harbor
            Server:     https://kubernetes.default.svc
          Ignore Differences:
            Group:  apps
            Jq Path Expressions:
              .spec.template.spec.containers[]?.env[]?.valueFrom.resourceFieldRef.divisor
            Json Pointers:
              /status/terminatingReplicas
            Kind:                  Deployment
          Project:                 infra
          Revision History Limit:  3
          Source:
            Chart:  harbor
            Helm:
              Values:  expose:
          type: ingress
        persistence:
          persistentVolumeClaim:
            registry:
              size: 50Gi
        
            Repo URL:         https://helm.goharbor.io
            Target Revision:  1.15.1
          Sync Policy:
            Automated:
              Prune:      true
              Self Heal:  true
            Sync Options:
              CreateNamespace=true
              ServerSideApply=true
              RespectIgnoreDifferences=true
        Status:
          Conditions:
            Last Transition Time:  2026-08-05T06:51:33Z
            Message:               Failed sync attempt to 1.15.1: one or more objects failed to apply, reason: Internal error occurred: failed calling webhook "validate.nginx.ingress.kubernetes.io": failed to call webhook: Post "https://addon-ingress-nginx-controller-admission.ingress-nginx.svc:443/networking/v1/ingresses?timeout=10s": tls: failed to verify certificate: x509: certificate signed by unknown authority (retried 5 times).
            Type:                  SyncError
          Controller Namespace:    argocd
          Health:
            Last Transition Time:  2026-08-05T07:01:34Z
            Status:                Degraded
          Operation State:
            Finished At:  2026-08-05T06:51:33Z
            Message:      one or more objects failed to apply, reason: Internal error occurred: failed calling webhook "validate.nginx.ingress.kubernetes.io": failed to call webhook: Post "https://addon-ingress-nginx-controller-admission.ingress-nginx.svc:443/networking/v1/ingresses?timeout=10s": tls: failed to verify certificate: x509: certificate signed by unknown authority (retried 5 times).
            Operation:
              Initiated By:
                Automated:  true
              Retry:
                Limit:  5
              Sync:
                Prune:     true
                Revision:  1.15.1
                Sync Options:
                  CreateNamespace=true
                  ServerSideApply=true
                  RespectIgnoreDifferences=true
            Phase:        Failed
            Retry Count:  5
            Started At:   2026-08-05T06:45:53Z
            Sync Result:
              Resources:
                Group:       
                Hook Phase:  Running
                Kind:        Secret
                Message:     secret/addon-harbor-ingress serverside-applied
                Name:        addon-harbor-ingress
                Namespace:   harbor
                Status:      Synced
                Sync Phase:  Sync
                Version:     v1
                Group:       
                Hook Phase:  Running
                Kind:        Secret
                Message:     secret/addon-harbor-trivy serverside-applied
                Name:        addon-harbor-trivy
                Namespace:   harbor
                Status:      Synced
                Sync Phase:  Sync
                Version:     v1
                Group:       
                Hook Phase:  Running
                Kind:        Secret
                Message:     secret/addon-harbor-registryctl serverside-applied
                Name:        addon-harbor-registryctl
                Namespace:   harbor
                Status:      Synced
                Sync Phase:  Sync
                Version:     v1
                Group:       
                Hook Phase:  Running
                Kind:        Secret
                Message:     secret/addon-harbor-core serverside-applied
                Name:        addon-harbor-core
                Namesp…(truncated)
        ──── kubectl describe application addon-ingress-nginx ────
        Name:         addon-ingress-nginx
        Namespace:    argocd
        Labels:       alethia.io/addon-id=ingress-nginx
                      alethia.io/addon-mode=managed
                      alethia.io/addon-source=helm
                      alethia.io/managed-by=addon-marketplace
                      alethia.io/project-id=e2e-fb08050640
        Annotations:  argocd.argoproj.io/sync-wave: 1
        API Version:  argoproj.io/v1alpha1
        Kind:         Application
        Metadata:
          Creation Timestamp:  2026-08-05T06:45:48Z
          Finalizers:
            resources-finalizer.argocd.argoproj.io
          Generation:        19
          Resource Version:  12703
          UID:               31ed37de-89e4-4dd3-a6a3-d63dd3db4630
        Operation:
          Initiated By:
            Automated:  true
          Retry:
            Limit:  5
          Sync:
            Prune:     true
            Revision:  4.11.2
            Sync Options:
              CreateNamespace=true
              ServerSideApply=true
              RespectIgnoreDifferences=true
        Spec:
          Destination:
            Namespace:  ingress-nginx
            Server:     https://kubernetes.default.svc
          Ignore Differences:
            Group:  apps
            Jq Path Expressions:
              .spec.template.spec.containers[]?.env[]?.valueFrom.resourceFieldRef.divisor
            Json Pointers:
              /status/terminatingReplicas
            Kind:                  Deployment
          Project:                 infra
          Revision History Limit:  3
          Source:
            Chart:  ingress-nginx
            Helm:
              Values:  controller:
          metrics:
            enabled: false
          replicaCount: 1
          service:
            type: LoadBalancer
        
            Repo URL:         https://kubernetes.github.io/ingress-nginx
            Target Revision:  4.11.2
          Sync Policy:
            Automated:
              Prune:      true
              Self Heal:  true
            Sync Options:
              CreateNamespace=true
              ServerSideApply=true
              RespectIgnoreDifferences=true
        Status:
          Controller Namespace:  argocd
          Health:
            Last Transition Time:  2026-08-05T06:46:04Z
            Status:                Progressing
          Operation State:
            Message:  waiting for healthy state of /Service/addon-ingress-nginx-controller
            Operation:
              Initiated By:
                Automated:  true
              Retry:
                Limit:  5
              Sync:
                Prune:     true
                Revision:  4.11.2
                Sync Options:
                  CreateNamespace=true
                  ServerSideApply=true
                  RespectIgnoreDifferences=true
            Phase:       Running
            Started At:  2026-08-05T06:45:50Z
            Sync Result:
              Resources:
                Group:       
                Hook Phase:  Running
                Kind:        Namespace
                Message:     namespace/ingress-nginx serverside-applied
                Name:        ingress-nginx
                Namespace:   
                Status:      Synced
                Sync Phase:  PreSync
                Version:     v1
                Group:       
                Hook Phase:  Succeeded
                Hook Type:   PreSync
                Kind:        ServiceAccount
                Message:     addon-ingress-nginx-admission created
                Name:        addon-ingress-nginx-admission
                Namespace:   ingress-nginx
                Sync Phase:  PreSync
                Version:     v1
                Group:       rbac.authorization.k8s.io
                Hook Phase:  Succeeded
                Hook Type:   PreSync
                Kind:        ClusterRole
                Message:     addon-ingress-nginx-admission created
                Name:        addon-ingress-nginx-admission
                Namespace:   ingress-nginx
                Sync Phase:  PreSync
                Version:     v1
                Group:       rbac.authorization.k8s.io
                Hook Phase:  Succeeded
                Hook Type:   PreSync
                Kind:        ClusterRoleBinding
                Message:     addon-ingress-nginx-admission created
                Name:        addon-ingress-nginx-admission
                Namespace:   ingress-nginx
                Sync Phase:  PreSync
                Version:     v1
                Group:       rbac.authorization.k8s.io
                Hook Phase:  Succeeded
                Hook Type:   PreSync
                Kind:        Role
                Message:     addon-ingress-nginx-admission created
                Name:        addon-ingress-nginx-admission
                Namespace:   ingress-nginx
                Sync Phase:  PreSync
                Version:     v1
                Group:       rbac.authorization.k8s.io
                Hook Phase:  Succeeded
                Hook …(truncated)
        … 7 more failing Applications not described
    t2_provision_test.go:430: ──── runner process output ────
        runner dev
        {"time":"2026-08-05T09:40:50.753004+03:00","level":"INFO","msg":"runner started","runner_id":"93c16fb1-321b-48f6-a032-df6f56d43a9f","operator":"self","version":"dev","alethia_url":"http://127.0.0.1:56196"}
        {"time":"2026-08-05T09:40:50.91936+03:00","level":"INFO","msg":"claimed job","runner_id":"93c16fb1-321b-48f6-a032-df6f56d43a9f","job_id":"55527122-3b86-46d9-acb8-d8cde57f2654","job_type":"DEPLOY"}
        ▸ Job claimed — preparing workspace…
        [sandbox] job isolation DISABLED (PassthroughSandbox): running "deploy" job 55527122-3b86-46d9-acb8-d8cde57f2654 in-process with the full host environment — safe only for trusted (non-BYO) work
        Starting deployment for project: e2e-hetzner-08050640 (provider: hetzner)
        Using bundled templates from project-templates/hetzner
        State backend: console HTTP proxy (per-job token)
        Initializing OpenTofu...
        {
          "terraform_version": "1.12.3",
          "platform": "darwin_arm64",
          "provider_selections": {
            "registry.opentofu.org/aminueza/minio": "3.38.5",
            "registry.opentofu.org/hashicorp/helm": "2.17.0",
            "registry.opentofu.org/hcloud-talos/imager": "1.0.18",
            "registry.opentofu.org/hetznercloud/hcloud": "1.67.0",
            "registry.opentofu.org/siderolabs/talos": "0.11.0"
          }
        }
        
        Initializing the backend...
        
        Successfully configured the backend "http"! OpenTofu will automatically
        use this backend unless the backend configuration changes.
        
        Initializing provider plugins...
        - terraform.io/builtin/terraform is built in to OpenTofu
        - Reusing previous version of hetznercloud/hcloud from the dependency lock file
        - Reusing previous version of siderolabs/talos from the dependency lock file
        - Reusing previous version of hcloud-talos/imager from the dependency lock file
        - Reusing previous version of hashicorp/helm from the dependency lock file
        - Reusing previous version of aminueza/minio from the dependency lock file
        - Detected previously-installed aminueza/minio v3.38.5 in the shared cache directory
        - Using aminueza/minio v3.38.5 from the shared cache directory
        - Detected previously-installed hashicorp/helm v2.17.0 in the shared cache directory
        - Using hashicorp/helm v2.17.0 from the shared cache directory
        - Detected previously-installed siderolabs/talos v0.11.0 in the shared cache directory
        - Using siderolabs/talos v0.11.0 from the shared cache directory
        - Installing hcloud-talos/imager v1.0.18 to the shared cache directory...
        - Installing hetznercloud/hcloud v1.67.0 to the shared cache directory...
        - Installed hetznercloud/hcloud v1.67.0 (signed, key ID 5219EACB3A77198B)
        - Using hetznercloud/hcloud v1.67.0 from the shared cache directory
        - Installed hcloud-talos/imager v1.0.18. Signature validation was skipped due to the registry not containing GPG keys for this provider
        - Using hcloud-talos/imager v1.0.18 from the shared cache directory
        
        Providers are signed by their developers.
        If you'd like to know more about provider signing, you can read about it here:
        https://opentofu.org/docs/cli/plugins/signing/
        
        OpenTofu has made some changes to the provider dependency selections recorded
        in the .terraform.lock.hcl file. Review those changes and commit them to your
        version control system if they represent changes you intended to make.
        
        OpenTofu has been successfully initialized!
        Running OpenTofu plan...
        data.talos_image_factory_extensions_versions.this: Reading...
        data.hcloud_location.selected: Reading...
        data.helm_template.hcloud_ccm: Reading...
        data.helm_template.hcloud_csi: Reading...
        data.helm_template.cilium: Reading...
        data.hcloud_location.selected: Read complete after 0s [name=nbg1]
        data.talos_image_factory_extensions_versions.this: Read complete after 0s [id=extensions_info]
        data.helm_template.hcloud_ccm: Read complete after 4s [id=hcloud-cloud-controller-manager]
        data.helm_template.cilium: Read complete after 8s [id=cilium]
        data.helm_template.hcloud_csi: Still reading... [10s elapsed]
        data.helm_template.hcloud_csi: Read complete after 15s [id=hcloud-csi]
        
        OpenTofu used the selected providers to generate the following execution
        plan. Resource actions are indicated with the following symbols:
          + create
         <= read (data resources)
        
        OpenTofu will perform the following actions:
        
          # data.talos_client_configuration.this will be read during apply
          # (config refers to values not yet known)
         <= data "talos_client_configuration" "this" {
              + client_configuration = (known after apply)
              + cluster_name         = "e2e-hetzner-08050640-fb08050640"
              + endpoints            = [
                  + (known after apply),
                ]
              + id                   = (known after apply)
              + talos_config         = (sensitive value)
            }
        
          # data.talos_image_factory_urls.amd64[0] will be read during apply
          # (config refers to values not yet known)
         <= data "talos_image_factory_urls" "amd64" {
              + architecture  = "amd64"
              + id            = (known after apply)
              + platform      = "hcloud"
              + schematic_id  = (known after apply)
              + talos_version = "v1.13.6"
              + urls          = (known after apply)
            }
        
          # data.talos_machine_configuration.control_plane will be read during apply
          # (config refers to values not yet known)
         <= data "talos_machine_configuration" "control_plane" {
              + cluster_endpoint      = (known after apply)
              + cluster_name          = "e2e-hetzner-08050640-fb08050640"
              + config_patches        = [
                  + (known after apply),
                  + <<-EOT
                        "cluster":
                          "adminKubeconfig":
                            "certLifetime": "24h0m0s"
                          "network":
                            "cni":
                              "name": "none"
                            "podSubnets":
                            - "10.0.128.0/17"
                            "serviceSubnets":
                            - "10.0.96.0/19"
                          "proxy":
                            "disabled": true
                    EOT,
                ]
              + docs                  = false
              + examples              = false
              + id                    = (known after apply)
              + kubernetes_version    = "1.35.6"
              + machine_configuration = (sensitive value)
              + machine_secrets       = (known after apply)
              + machine_type          = "controlplane"
              + talos_version         = "v1.13.6"
            }
        
          # data.talos_machine_configuration.worker will be read during apply
          # (config refers to values not yet known)
         <= data "talos_machine_configuration" "worker" {
              + cluster_endpoint      = (known after apply)
              + cluster_name          = "e2e-hetzner-08050640-fb08050640"
              + config_patches        = [
                  + (known after apply),
                  + <<-EOT
                        "cluster":
                          "adminKubeconfig":
                            "certLifetime": "24h0m0s"
                          "network":
                            "cni":
                              "name": "none"
                            "podSubnets":
                            - "10.0.128.0/17"
                            "serviceSubnets":
                            - "10.0.96.0/19"
                          "proxy":
                            "disabled": true
                    EOT,
                ]
              + docs                  = false
              + examples              = false
              + id                    = (known after apply)
              + kubernetes_version    = "1.35.6"
              + machine_configuration = (sensitive value)
              + machine_secrets       = (known after apply)
              + machine_type          = "worker"
              + talos_version         = "v1.13.6"
            }
        
          # hcloud_firewall.this will be created
          + resource "hcloud_firewall" "this" {
              + id     = (known after apply)
              + labels = {
                  + "alethia_project-id" = "e2e-fb08050640"
                  + "cluster"            = "e2e-hetzner-08050640-fb08050640"
                }
              + name   = "e2e-hetzner-08050640-fb08050640"
        
              + rule {
                  + description     = "Intra-cluster ICMP (private network)"
                  + destination_ips = []
                  + direction       = "in"
                  + protocol        = "icmp"
                  + source_ips      = [
                      + "10.0.0.0/16",
                    ]
                }
              + rule {
                  + description     = "Intra-cluster TCP (private network)"
                  + destination_ips = []
                  + direction       = "in"
                  + port            = "any"
                  + protocol        = "tcp"
                  + source_ips      = [
                      + "10.0.0.0/16",
                    ]
                }
              + rule {
                  + description     = "Intra-cluster UDP (private network)"
                  + destination_ips = []
                  + direction       = "in"
                  + port            = "any"
                  + protocol        = "udp"
                  + source_ips      = [
                      + "10.0.0.0/16",
                    ]
                }
              + rule {
                  + description     = "Kubernetes API server"
                  + destination_ips = []
                  + direction       = "in"
                  + port            = "6443"
                  + protocol        = "tcp"
                  + source_ips      = [
                      + "0.0.0.0/0",
                      + "::/0",
                    ]
                }
              + rule {
                  + description     = "Talos apid (trustd)"
                  + destination_ips = []
                  + direction       = "in"
                  + port            = "50001"
                  + protocol        = "tcp"
                  + source_ips      = [
                      + "0.0.0.0/0",
                      + "::/0",
                    ]
                }
              + rule {
                  + description     = "Talos apid"
                  + destination_ips = []
                  + direction       = "in"
                  + port            = "50000"
                  + protocol        = "tcp"
                  + source_ips      = [
                      + "0.0.0.0/0",
                      + "::/0",
                    ]
                }
            }
        
          # hcloud_network.this[0] will be created
          + resource "hcloud_network" "this" {
              + delete_protection        = false
              + expose_routes_to_vswitch = false
              + id                       = (known after apply)
              + ip_range                 = "10.0.0.0/16"
              + labels                   = {
                  + "alethia_project-id" = "e2e-fb08050640"
                  + "cluster"            = "e2e-hetzner-08050640-fb08050640"
                }
              + name                     = "e2e-hetzner-08050640-fb08050640"
            }
        
          # hcloud_network_subnet.nodes will be created
          + resource "hcloud_network_subnet" "nodes" {
              + gateway      = (known after apply)
              + id           = (known after apply)
              + ip_range     = "10.0.0.0/24"
              + network_id   = (known after apply)
              + network_zone = "eu-central"
              + type         = "cloud"
            }
        
          # hcloud_primary_ip.control_plane_ipv4[0] will be created
          + resource "hcloud_primary_ip" "control_plane_ipv4" {
              + assignee_id       = (known after apply)
              + assignee_type     = (known after apply)
              + auto_delete       = false
              + datacenter        = (known after apply)
              + delete_protection = false
              + id                = (known after apply)
              + ip_address        = (known after apply)
              + ip_network        = (known after apply)
              + labels            = {
                  + "alethia_project-id" = "e2e-fb08050640"
                  + "cluster"            = "e2e-hetzner-08050640-fb08050640"
                  + "role"               = "control-plane"
                }
              + location          = "nbg1"
              + name              = "e2e-hetzner-08050640-fb08050640-cp-1-ipv4"
              + type              = "ipv4"
            }
        
          # hcloud_primary_ip.worker_ipv4[0] will be created
          + resource "hcloud_primary_ip" "worker_ipv4" {
              + assignee_id       = (known after apply)
              + assignee_type     = (known after apply)
              + auto_delete       = false
              + datacenter        = (known after apply)
              + delete_protection = false
              + id                = (known after apply)
              + ip_address        = (known after apply)
              + ip_network        = (known after apply)
              + labels            = {
                  + "alethia_project-id" = "e2e-fb08050640"
                  + "cluster"            = "e2e-hetzner-08050640-fb08050640"
                  + "role"               = "worker"
                }
              + location          = "nbg1"
              + name              = "e2e-hetzner-08050640-fb08050640-worker-1-ipv4"
              + type              = "ipv4"
            }
        
          # hcloud_primary_ip.worker_ipv4[1] will be created
          + resource "hcloud_primary_ip" "worker_ipv4" {
              + assignee_id       = (known after apply)
              + assignee_type     = (known after apply)
              + auto_delete       = false
              + datacenter        = (known after apply)
              + delete_protection = false
              + id                = (known after apply)
              + ip_address        = (known after apply)
              + ip_network        = (known after apply)
              + labels            = {
                  + "alethia_project-id" = "e2e-fb08050640"
                  + "cluster"            = "e2e-hetzner-08050640-fb08050640"
                  + "role"               = "worker"
                }
              + location          = "nbg1"
              + name              = "e2e-hetzner-08050640-fb08050640-worker-2-ipv4"
              + type              = "ipv4"
            }
        
          # hcloud_primary_ip.worker_ipv4[2] will be created
          + resource "hcloud_primary_ip" "worker_ipv4" {
              + assignee_id       = (known after apply)
              + assignee_type     = (known after apply)
              + auto_delete       = false
              + datacenter        = (known after apply)
              + delete_protection = false
              + id                = (known after apply)
              + ip_address        = (known after apply)
              + ip_network        = (known after apply)
              + labels            = {
                  + "alethia_project-id" = "e2e-fb08050640"
                  + "cluster"            = "e2e-hetzner-08050640-fb08050640"
                  + "role"               = "worker"
                }
              + location          = "nbg1"
              + name              = "e2e-hetzner-08050640-fb08050640-worker-3-ipv4"
              + type              = "ipv4"
            }
        
          # hcloud_primary_ip.worker_ipv4[3] will be created
          + resource "hcloud_primary_ip" "worker_ipv4" {
              + assignee_id       = (known after apply)
              + assignee_type     = (known after apply)
              + auto_delete       = false
              + datacenter        = (known after apply)
              + delete_protection = false
              + id                = (known after apply)
              + ip_address        = (known after apply)
              + ip_network        = (known after apply)
              + labels            = {
                  + "alethia_project-id" = "e2e-fb08050640"
                  + "cluster"            = "e2e-hetzner-08050640-fb08050640"
                  + "role"               = "worker"
                }
              + location          = "nbg1"
              + name              = "e2e-hetzner-08050640-fb08050640-worker-4-ipv4"
              + type              = "ipv4"
            }
        
          # hcloud_primary_ip.worker_ipv4[4] will be created
          + resource "hcloud_primary_ip" "worker_ipv4" {
              + assignee_id       = (known after apply)
              + assignee_type     = (known after apply)
              + auto_delete       = false
              + datacenter        = (known after apply)
              + delete_protection = false
              + id                = (known after apply)
              + ip_address        = (known after apply)
              + ip_network        = (known after apply)
              + labels            = {
                  + "alethia_project-id" = "e2e-fb08050640"
                  + "cluster"            = "e2e-hetzner-08050640-fb08050640"
                  + "role"               = "worker"
                }
              + location          = "nbg1"
              + name              = "e2e-hetzner-08050640-fb08050640-worker-5-ipv4"
              + type              = "ipv4"
            }
        
          # hcloud_primary_ip.worker_ipv4[5] will be created
          + resource "hcloud_primary_ip" "worker_ipv4" {
              + assignee_id       = (known after apply)
              + assignee_type     = (known after apply)
              + auto_delete       = false
              + datacenter        = (known after apply)
              + delete_protection = false
              + id                = (known after apply)
              + ip_address        = (known after apply)
              + ip_network        = (known after apply)
              + labels            = {
                  + "alethia_project-id" = "e2e-fb08050640"
                  + "cluster"            = "e2e-hetzner-08050640-fb08050640"
                  + "role"               = "worker"
                }
              + location          = "nbg1"
              + name              = "e2e-hetzner-08050640-fb08050640-worker-6-ipv4"
              + type              = "ipv4"
            }
        
          # hcloud_server.control_planes["e2e-hetzner-08050640-fb08050640-cp-1"] will be created
          + resource "hcloud_server" "control_planes" {
              + backup_window              = (known after apply)
              + backups                    = false
              + datacenter                 = (known after apply)
              + delete_protection          = false
              + firewall_ids               = (known after apply)
              + id                         = (known after apply)
              + ignore_remote_firewall_ids = false
              + image                      = (known after apply)
              + ipv4_address               = (known after apply)
              + ipv6_address               = (known after apply)
              + ipv6_network               = (known after apply)
              + keep_disk                  = false
              + labels                     = {
                  + "alethia_project-id" = "e2e-fb08050640"
                  + "cluster"            = "e2e-hetzner-08050640-fb08050640"
                  + "role"               = "control-plane"
                }
              + location                   = "nbg1"
              + name                       = "e2e-hetzner-08050640-fb08050640-cp-1"
              + primary_disk_size          = (known after apply)
              + rebuild_protection         = false
              + server_type                = "cx33"
              + shutdown_before_deletion   = false
              + status                     = (known after apply)
              + user_data                  = (sensitive value)
        
              + network {
                  + alias_ips   = (known after apply)
                  + ip          = "10.0.0.101"
                  + mac_address = (known after apply)
                  + network_id  = (known after apply)
                  + subnet_id   = (known after apply)
                }
        
              + public_net {
                  + ipv4         = (known after apply)
                  + ipv4_enabled = true
                  + ipv6         = (known after apply)
                  + ipv6_enabled = true
                }
            }
        
          # hcloud_server.workers["e2e-hetzner-08050640-fb08050640-worker-1"] will be created
          + resource "hcloud_server" "workers" {
              + backup_window              = (known after apply)
              + backups                    = false
              + datacenter                 = (known after apply)
              + delete_protection          = false
              + firewall_ids               = (known after apply)
              + id                         = (known after apply)
              + ignore_remote_firewall_ids = false
              + image                      = (known after apply)
              + ipv4_address               = (known after apply)
              + ipv6_address               = (known after apply)
              + ipv6_network               = (known after apply)
              + keep_disk                  = false
              + labels                     = {
                  + "alethia_project-id" = "e2e-fb08050640"
                  + "cluster"            = "e2e-hetzner-08050640-fb08050640"
                  + "role"               = "worker"
                }
              + location                   = "nbg1"
              + name                       = "e2e-hetzner-08050640-fb08050640-worker-1"
              + primary_disk_size          = (known after apply)
              + rebuild_protection         = false
              + server_type                = "cx33"
              + shutdown_before_deletion   = false
              + status                     = (known after apply)
              + user_data                  = (sensitive value)
        
              + network {
                  + alias_ips   = (known after apply)
                  + ip          = "10.0.0.201"
                  + mac_address = (known after apply)
                  + network_id  = (known after apply)
                  + subnet_id   = (known after apply)
                }
        
              + public_net {
                  + ipv4         = (known after apply)
                  + ipv4_enabled = true
                  + ipv6         = (known after apply)
                  + ipv6_enabled = true
                }
            }
        
          # hcloud_server.workers["e2e-hetzner-08050640-fb08050640-worker-2"] will be created
          + resource "hcloud_server" "workers" {
              + backup_window              = (known after apply)
              + backups                    = false
              + datacenter                 = (known after apply)
              + delete_protection          = false
              + firewall_ids               = (known after apply)
              + id                         = (known after apply)
              + ignore_remote_firewall_ids = false
              + image                      = (known after apply)
              + ipv4_address               = (known after apply)
              + ipv6_address               = (known after apply)
              + ipv6_network               = (known after apply)
              + keep_disk                  = false
              + labels                     = {
                  + "alethia_project-id" = "e2e-fb08050640"
                  + "cluster"            = "e2e-hetzner-08050640-fb08050640"
                  + "role"               = "worker"
                }
              + location                   = "nbg1"
              + name                       = "e2e-hetzner-08050640-fb08050640-worker-2"
              + primary_disk_size          = (known after apply)
              + rebuild_protection         = false
              + server_type                = "cx33"
              + shutdown_before_deletion   = false
              + status                     = (known after apply)
              + user_data                  = (sensitive value)
        
              + network {
                  + alias_ips   = (known after apply)
                  + ip          = "10.0.0.202"
                  + mac_address = (known after apply)
                  + network_id  = (known after apply)
                  + subnet_id   = (known after apply)
                }
        
              + public_net {
                  + ipv4         = (known after apply)
                  + ipv4_enabled = true
                  + ipv6         = (known after apply)
                  + ipv6_enabled = true
                }
            }
        
          # hcloud_server.workers["e2e-hetzner-08050640-fb08050640-worker-3"] will be created
          + resource "hcloud_server" "workers" {
              + backup_window              = (known after apply)
              + backups                    = false
              + datacenter                 = (known after apply)
              + delete_protection          = false
              + firewall_ids               = (known after apply)
              + id                         = (known after apply)
              + ignore_remote_firewall_ids = false
              + image                      = (known after apply)
              + ipv4_address               = (known after apply)
              + ipv6_address               = (known after apply)
              + ipv6_network               = (known after apply)
              + keep_disk                  = false
              + labels                     = {
                  + "alethia_project-id" = "e2e-fb08050640"
                  + "cluster"            = "e2e-hetzner-08050640-fb08050640"
                  + "role"               = "worker"
                }
              + location                   = "nbg1"
              + name                       = "e2e-hetzner-08050640-fb08050640-worker-3"
              + primary_disk_size          = (known after apply)
              + rebuild_protection         = false
              + server_type                = "cx33"
              + shutdown_before_deletion   = false
              + status                     = (known after apply)
              + user_data                  = (sensitive value)
        
              + network {
                  + alias_ips   = (known after apply)
                  + ip          = "10.0.0.203"
                  + mac_address = (known after apply)
                  + network_id  = (known after apply)
                  + subnet_id   = (known after apply)
                }
        
              + public_net {
                  + ipv4         = (known after apply)
                  + ipv4_enabled = true
                  + ipv6         = (known after apply)
                  + ipv6_enabled = true
                }
            }
        
          # hcloud_server.workers["e2e-hetzner-08050640-fb08050640-worker-4"] will be created
          + resource "hcloud_server" "workers" {
              + backup_window              = (known after apply)
              + backups                    = false
              + datacenter                 = (known after apply)
              + delete_protection          = false
              + firewall_ids               = (known after apply)
              + id                         = (known after apply)
              + ignore_remote_firewall_ids = false
              + image                      = (known after apply)
              + ipv4_address               = (known after apply)
              + ipv6_address               = (known after apply)
              + ipv6_network               = (known after apply)
              + keep_disk                  = false
              + labels                     = {
                  + "alethia_project-id" = "e2e-fb08050640"
                  + "cluster"            = "e2e-hetzner-08050640-fb08050640"
                  + "role"               = "worker"
                }
              + location                   = "nbg1"
              + name                       = "e2e-hetzner-08050640-fb08050640-worker-4"
              + primary_disk_size          = (known after apply)
              + rebuild_protection         = false
              + server_type                = "cx33"
              + shutdown_before_deletion   = false
              + status                     = (known after apply)
              + user_data                  = (sensitive value)
        
              + network {
                  + alias_ips   = (known after apply)
                  + ip          = "10.0.0.204"
                  + mac_address = (known after apply)
                  + network_id  = (known after apply)
                  + subnet_id   = (known after apply)
                }
        
              + public_net {
                  + ipv4         = (known after apply)
                  + ipv4_enabled = true
                  + ipv6         = (known after apply)
                  + ipv6_enabled = true
                }
            }
        
          # hcloud_server.workers["e2e-hetzner-08050640-fb08050640-worker-5"] will be created
          + resource "hcloud_server" "workers" {
              + backup_window              = (known after apply)
              + backups                    = false
              + datacenter                 = (known after apply)
              + delete_protection          = false
              + firewall_ids               = (known after apply)
              + id                         = (known after apply)
              + ignore_remote_firewall_ids = false
              + image                      = (known after apply)
              + ipv4_address               = (known after apply)
              + ipv6_address               = (known after apply)
              + ipv6_network               = (known after apply)
              + keep_disk                  = false
              + labels                     = {
                  + "alethia_project-id" = "e2e-fb08050640"
                  + "cluster"            = "e2e-hetzner-08050640-fb08050640"
                  + "role"               = "worker"
                }
              + location                   = "nbg1"
              + name                       = "e2e-hetzner-08050640-fb08050640-worker-5"
              + primary_disk_size          = (known after apply)
              + rebuild_protection         = false
              + server_type                = "cx33"
              + shutdown_before_deletion   = false
              + status                     = (known after apply)
              + user_data                  = (sensitive value)
        
              + network {
                  + alias_ips   = (known after apply)
                  + ip          = "10.0.0.205"
                  + mac_address = (known after apply)
                  + network_id  = (known after apply)
                  + subnet_id   = (known after apply)
                }
        
              + public_net {
                  + ipv4         = (known after apply)
                  + ipv4_enabled = true
                  + ipv6         = (known after apply)
                  + ipv6_enabled = true
                }
            }
        
          # hcloud_server.workers["e2e-hetzner-08050640-fb08050640-worker-6"] will be created
          + resource "hcloud_server" "workers" {
              + backup_window              = (known after apply)
              + backups                    = false
              + datacenter                 = (known after apply)
              + delete_protection          = false
              + firewall_ids               = (known after apply)
              + id                         = (known after apply)
              + ignore_remote_firewall_ids = false
              + image                      = (known after apply)
              + ipv4_address               = (known after apply)
              + ipv6_address               = (known after apply)
              + ipv6_network               = (known after apply)
              + keep_disk                  = false
              + labels                     = {
                  + "alethia_project-id" = "e2e-fb08050640"
                  + "cluster"            = "e2e-hetzner-08050640-fb08050640"
                  + "role"               = "worker"
                }
              + location                   = "nbg1"
              + name                       = "e2e-hetzner-08050640-fb08050640-worker-6"
              + primary_disk_size          = (known after apply)
              + rebuild_protection         = false
              + server_type                = "cx33"
              + shutdown_before_deletion   = false
              + status                     = (known after apply)
              + user_data                  = (sensitive value)
        
              + network {
                  + alias_ips   = (known after apply)
                  + ip          = "10.0.0.206"
                  + mac_address = (known after apply)
                  + network_id  = (known after apply)
                  + subnet_id   = (known after apply)
                }
        
              + public_net {
                  + ipv4         = (known after apply)
                  + ipv4_enabled = true
                  + ipv6         = (known after apply)
                  + ipv6_enabled = true
                }
            }
        
          # imager_image.amd64[0] will be created
          + resource "imager_image" "amd64" {
              + architecture       = "x86"
              + debug_skip_cleanup = false
              + description        = "e2e-hetzner-08050640-fb08050640-talos-v1.13.6-amd64"
              + effective_labels   = (known after apply)
              + id                 = (known after apply)
              + image_id           = (known after apply)
              + image_url          = (known after apply)
              + labels             = {
                  + "alethia_project-id" = "e2e-fb08050640"
                  + "cluster"            = "e2e-hetzner-08050640-fb08050640"
                  + "os"                 = "talos"
                }
              + location           = "nbg1"
            }
        
          # talos_cluster_kubeconfig.this will be created
          + resource "talos_cluster_kubeconfig" "this" {
              + certificate_renewal_duration    = "720h"
              + client_configuration            = (known after apply)
              + endpoint                        = (known after apply)
              + id                              = (known after apply)
              + kubeconfig_raw                  = (sensitive value)
              + kubernetes_client_configuration = (known after apply)
              + node                            = (known after apply)
            }
        
          # talos_image_factory_schematic.this will be created
          + resource "talos_image_factory_schematic" "this" {
              + id        = (known after apply)
              + schematic = <<-EOT
                    "customization":
                      "systemExtensions":
                        "officialExtensions":
                        - "siderolabs/qemu-guest-agent"
                EOT
            }
        
          # talos_machine_bootstrap.this will be created
          + resource "talos_machine_bootstrap" "this" {
              + client_configuration    = (known after apply)
              + client_configuration_wo = (write-only attribute)
              + endpoint                = (known after apply)
              + id                      = (known after apply)
              + node                    = (known after apply)
            }
        
          # talos_machine_configuration_apply.control_plane["e2e-hetzner-08050640-fb08050640-cp-1"] will be created
          + resource "talos_machine_configuration_apply" "control_plane" {
              + apply_mode                     = "auto"
              + client_configuration           = (known after apply)
              + client_configuration_wo        = (write-only attribute)
              + endpoint                       = (known after apply)
              + id                             = (known after apply)
              + machine_configuration          = (sensitive value)
              + machine_configuration_hash     = (known after apply)
              + machine_configuration_input    = (sensitive value)
              + machine_configuration_input_wo = (write-only attribute)
              + node                           = (known after apply)
              + resolved_apply_mode            = (known after apply)
            }
        
          # talos_machine_configuration_apply.worker["e2e-hetzner-08050640-fb08050640-worker-1"] will be created
          + resource "talos_machine_configuration_apply" "worker" {
              + apply_mode                     = "auto"
              + client_configuration           = (known after apply)
              + client_configuration_wo        = (write-only attribute)
              + endpoint                       = (known after apply)
              + id                             = (known after apply)
              + machine_configuration          = (sensitive value)
              + machine_configuration_hash     = (known after apply)
              + machine_configuration_input    = (sensitive value)
              + machine_configuration_input_wo = (write-only attribute)
              + node                           = (known after apply)
              + resolved_apply_mode            = (known after apply)
            }
        
          # talos_machine_configuration_apply.worker["e2e-hetzner-08050640-fb08050640-worker-2"] will be created
          + resource "talos_machine_configuration_apply" "worker" {
              + apply_mode                     = "auto"
              + client_configuration           = (known after apply)
              + client_configuration_wo        = (write-only attribute)
              + endpoint                       = (known after apply)
              + id                             = (known after apply)
              + machine_configuration          = (sensitive value)
              + machine_configuration_hash     = (known after apply)
              + machine_configuration_input    = (sensitive value)
              + machine_configuration_input_wo = (write-only attribute)
              + node                           = (known after apply)
              + resolved_apply_mode            = (known after apply)
            }
        
          # talos_machine_configuration_apply.worker["e2e-hetzner-08050640-fb08050640-worker-3"] will be created
          + resource "talos_machine_configuration_apply" "worker" {
              + apply_mode                     = "auto"
              + client_configuration           = (known after apply)
              + client_configuration_wo        = (write-only attribute)
              + endpoint                       = (known after apply)
              + id                             = (known after apply)
              + machine_configuration          = (sensitive value)
              + machine_configuration_hash     = (known after apply)
              + machine_configuration_input    = (sensitive value)
              + machine_configuration_input_wo = (write-only attribute)
              + node                           = (known after apply)
              + resolved_apply_mode            = (known after apply)
            }
        
          # talos_machine_configuration_apply.worker["e2e-hetzner-08050640-fb08050640-worker-4"] will be created
          + resource "talos_machine_configuration_apply" "worker" {
              + apply_mode                     = "auto"
              + client_configuration           = (known after apply)
              + client_configuration_wo        = (write-only attribute)
              + endpoint                       = (known after apply)
              + id                             = (known after apply)
              + machine_configuration          = (sensitive value)
              + machine_configuration_hash     = (known after apply)
              + machine_configuration_input    = (sensitive value)
              + machine_configuration_input_wo = (write-only attribute)
              + node                           = (known after apply)
              + resolved_apply_mode            = (known after apply)
            }
        
          # talos_machine_configuration_apply.worker["e2e-hetzner-08050640-fb08050640-worker-5"] will be created
          + resource "talos_machine_configuration_apply" "worker" {
              + apply_mode                     = "auto"
              + client_configuration           = (known after apply)
              + client_configuration_wo        = (write-only attribute)
              + endpoint                       = (known after apply)
              + id                             = (known after apply)
              + machine_configuration          = (sensitive value)
              + machine_configuration_hash     = (known after apply)
              + machine_configuration_input    = (sensitive value)
              + machine_configuration_input_wo = (write-only attribute)
              + node                           = (known after apply)
              + resolved_apply_mode            = (known after apply)
            }
        
          # talos_machine_configuration_apply.worker["e2e-hetzner-08050640-fb08050640-worker-6"] will be created
          + resource "talos_machine_configuration_apply" "worker" {
              + apply_mode                     = "auto"
              + client_configuration           = (known after apply)
              + client_configuration_wo        = (write-only attribute)
              + endpoint                       = (known after apply)
              + id                             = (known after apply)
              + machine_configuration          = (sensitive value)
              + machine_configuration_hash     = (known after apply)
              + machine_configuration_input    = (sensitive value)
              + machine_configuration_input_wo = (write-only attribute)
              + node                           = (known after apply)
              + resolved_apply_mode            = (known after apply)
            }
        
          # talos_machine_secrets.this will be created
          + resource "talos_machine_secrets" "this" {
              + client_configuration = (known after apply)
              + id                   = (known after apply)
              + machine_secrets      = (known after apply)
              + talos_version        = "v1.13.6"
            }
        
          # terraform_data.byo_network_guard will be created
          + resource "terraform_data" "byo_network_guard" {
              + id = (known after apply)
            }
        
          # terraform_data.compat_k8s_guard will be created
          + resource "terraform_data" "compat_k8s_guard" {
              + id = (known after apply)
            }
        
          # terraform_data.csi_volume_label_guard will be created
          + resource "terraform_data" "csi_volume_label_guard" {
              + id     = (known after apply)
              + input  = "2.22.0"
              + output = (known after apply)
            }
        
          # terraform_data.dns_zone_guard will be created
          + resource "terraform_data" "dns_zone_guard" {
              + id = (known after apply)
            }
        
        Plan: 33 to add, 0 to change, 0 to destroy.
        
        Changes to Outputs:
          + bootstrap_manifests    = (sensitive value)
          + bucket_endpoints       = {}
          + bucket_names           = []
          + dns_name_servers       = []
          + dns_zone_id            = ""
          + kubeconfig             = (sensitive value)
          + network_id             = (known after apply)
          + talos_cluster_endpoint = (known after apply)
          + talos_cluster_name     = "e2e-hetzner-08050640-fb08050640"
          + talosconfig            = (sensitive value)
        
        Warning: Value for undeclared variable
        
        The root module does not declare a variable named "secrets_provider" but a
        value was found in file
        "/var/folders/vm/lhl4207s6nx4bn8xn8slz2lr0000gn/T/alethia-deploy-4148279320/work/tofu.tfvars.json".
        If you meant to use this value, add a "variable" block to the configuration.
        
        To silence these warnings, use TF_VAR_... environment variables to provide
        certain "global" settings to all configurations in your organization. To
        reduce the verbosity of these warnings, use the -compact-warnings option.
        
        Warning: Value for undeclared variable
        
        The root module does not declare a variable named "registry_pull_provider"
        but a value was found in file
        "/var/folders/vm/lhl4207s6nx4bn8xn8slz2lr0000gn/T/alethia-deploy-4148279320/work/tofu.tfvars.json".
        If you meant to use this value, add a "variable" block to the configuration.
        
        To silence these warnings, use TF_VAR_... environment variables to provide
        certain "global" settings to all configurations in your organization. To
        reduce the verbosity of these warnings, use the -compact-warnings option.
        
        Warning: Values for undeclared variables
        
        In addition to the other similar warnings shown, 2 other variable(s) defined
        without being declared.
        Generating plan JSON...
        {"format_version":"1.2","terraform_version":"1.12.3","variables":{"admin_kubeconfig_cert_lifetime":{"value":"[REDACTED]"},"buckets":{"value":[]},"classification_tags":{"value":{"alethia_project-id":"e2e-fb08050640"}},"cloud_dns_enabled":{"value":false},"control_plane_arch":{"value":"amd64"},"control_plane_count":{"value":1},"control_plane_server_type":{"value":"cx33"},"dns_hosted_zone":{"value":""},"dns_main_domain":{"value":""},"dns_provider":{"value":"native"},"dns_zone_ttl":{"value":3600},"environment":{"value":"fb08050640"},"hcloud_token":{"value":"[REDACTED]"},"hetzner_s3_access_key":{"value":"[REDACTED]"},"hetzner_s3_endpoint":{"value":"nbg1.your-objectstorage.com"},"hetzner_s3_region":{"value":"nbg1"},"hetzner_s3_secret_key":{"value":"[REDACTED]"},"kubernetes_version":{"value":"1.35.6"},"network_cidr":{"value":"10.0.0.0/16"},"network_id":{"value":""},"pod_cidr":{"value":"10.0.128.0/17"},"project_name":{"value":"e2e-hetzner-08050640"},"provision_network":{"value":true},"region":{"value":"nbg1"},"service_cidr":{"value":"10.0.96.0/19"},"talos_version":{"value":"v1.13.6"},"worker_arch":{"value":"amd64"},"worker_count":{"value":6},"worker_server_type":{"value":"cx33"}},"planned_values":{"outputs":{"bootstrap_manifests":{"sensitive":true},"bucket_endpoints":{"sensitive":false,"type":["object",{}],"value":{}},"bucket_names":{"sensitive":false,"type":["tuple",[]],"value":[]},"dns_name_servers":{"sensitive":false,"type":["tuple",[]],"value":[]},"dns_zone_id":{"sensitive":false,"type":"string","value":""},"kubeconfig":{"sensitive":true},"network_id":{"sensitive":false},"talos_cluster_endpoint":{"sensitive":false},"talos_cluster_name":{"sensitive":false,"type":"string","value":"e2e-hetzner-08050640-fb08050640"},"talosconfig":{"sensitive":true}},"root_module":{"resources":[{"address":"data.talos_client_configuration.this","mode":"data","type":"talos_client_configuration","name":"this","provider_name":"registry.opentofu.org/siderolabs/talos","schema_version":0,"values":{"cluster_name":"e2e-hetzner-08050640-fb08050640","endpoints":[null],"nodes":null},"sensitive_values":{"client_configuration":{},"endpoints":[false]}},{"address":"data.talos_image_factory_urls.amd64[0]","mode":"data","type":"talos_image_factory_urls","name":"amd64","index":0,"provider_name":"registry.opentofu.org/siderolabs/talos","schema_version":0,"values":{"architecture":"amd64","platform":"hcloud","sbc":null,"talos_version":"v1.13.6"},"sensitive_values":{"urls":{}}},{"address":"data.talos_machine_configuration.control_plane","mode":"data","type":"talos_machine_configuration","name":"control_plane","provider_name":"registry.opentofu.org/siderolabs/talos","schema_version":0,"values":{"cluster_name":"e2e-hetzner-08050640-fb08050640","config_patches":[null,"\"cluster\":\n  \"adminKubeconfig\":\n    \"certLifetime\": \"24h0m0s\"\n  \"network\":\n    \"cni\":\n      \"name\": \"none\"\n    \"podSubnets\":\n    - \"10.0.128.0/17\"\n    \"serviceSubnets\":\n    - \"10.0.96.0/19\"\n  \"proxy\":\n    \"disabled\": true\n"],"docs":false,"examples":false,"kubernetes_version":"1.35.6","machine_type":"controlplane","talos_version":"v1.13.6"},"sensitive_values":{"config_patches":[false,false],"machine_secrets":{}}},{"address":"data.talos_machine_configuration.worker","mode":"data","type":"talos_machine_configuration","name":"worker","provider_name":"registry.opentofu.org/siderolabs/talos","schema_version":0,"values":{"cluster_name":"e2e-hetzner-08050640-fb08050640","config_patches":[null,"\"cluster\":\n  \"adminKubeconfig\":\n    \"certLifetime\": \"24h0m0s\"\n  \"network\":\n    \"cni\":\n      \"name\": \"none\"\n    \"podSubnets\":\n    - \"10.0.128.0/17\"\n    \"serviceSubnets\":\n    - \"10.0.96.0/19\"\n  \"proxy\":\n    \"disabled\": true\n"],"docs":false,"examples":false,"kubernetes_version":"1.35.6","machine_type":"worker","talos_version":"v1.13.6"},"sensitive_values":{"config_patches":[false,false],"machine_secrets":{}}},{"address":"hcloud_firewall.this","mode":"managed","type":"hcloud_firewall","name":"this","provider_name":"registry.opentofu.org/hetznercloud/hcloud","schema_version":0,"values":{"apply_to":[],"labels":{"alethia_project-id":"e2e-fb08050640","cluster":"e2e-hetzner-08050640-fb08050640"},"name":"e2e-hetzner-08050640-fb08050640","rule":[{"description":"Intra-cluster ICMP (private network)","destination_ips":[],"direction":"in","port":"","protocol":"icmp","source_ips":["10.0.0.0/16"]},{"description":"Intra-cluster TCP (private network)","destination_ips":[],"direction":"in","port":"any","protocol":"tcp","source_ips":["10.0.0.0/16"]},{"description":"Intra-cluster UDP (private network)","destination_ips":[],"direction":"in","port":"any","protocol":"udp","source_ips":["10.0.0.0/16"]},{"description":"Kubernetes API server","destination_ips":[],"direction":"in","port":"6443","protocol":"tcp","source_ips":["0.0.0.0/0","::/0"]},{"description":"Talos apid (trustd)","destination_ips":[],"direction":"in","port":"50001","protocol":"tcp","source_ips":["0.0.0.0/0","::/0"]},{"description":"Talos apid","destination_ips":[],"direction":"in","port":"50000","protocol":"tcp","source_ips":["0.0.0.0/0","::/0"]}]},"sensitive_values":{"apply_to":[],"labels":{},"rule":[{"destination_ips":[],"source_ips":[false]},{"destination_ips":[],"source_ips":[false]},{"destination_ips":[],"source_ips":[false]},{"destination_ips":[],"source_ips":[false,false]},{"destination_ips":[],"source_ips":[false,false]},{"destination_ips":[],"source_ips":[false,false]}]}},{"address":"hcloud_network.this[0]","mode":"managed","type":"hcloud_network","name":"this","index":0,"provider_name":"registry.opentofu.org/hetznercloud/hcloud","schema_version":0,"values":{"delete_protection":false,"expose_routes_to_vswitch":false,"ip_range":"10.0.0.0/16","labels":{"alethia_project-id":"e2e-fb08050640","cluster":"e2e-hetzner-08050640-fb08050640"},"name":"e2e-hetzner-08050640-fb08050640"},"sensitive_values":{"labels":{}}},{"address":"hcloud_network_subnet.nodes","mode":"managed","type":"hcloud_network_subnet","name":"nodes","provider_name":"registry.opentofu.org/hetznercloud/hcloud","schema_version":0,"values":{"ip_range":"10.0.0.0/24","network_zone":"eu-central","type":"cloud","vswitch_id":null},"sensitive_values":{}},{"address":"hcloud_primary_ip.control_plane_ipv4[0]","mode":"managed","type":"hcloud_primary_ip","name":"control_plane_ipv4","index":0,"provider_name":"registry.opentofu.org/hetznercloud/hcloud","schema_version":0,"values":{"auto_delete":false,"delete_protection":false,"labels":{"alethia_project-id":"e2e-fb08050640","cluster":"e2e-hetzner-08050640-fb08050640","role":"control-plane"},"location":"nbg1","name":"e2e-hetzner-08050640-fb08050640-cp-1-ipv4","type":"ipv4"},"sensitive_values":{"labels":{}}},{"address":"hcloud_primary_ip.worker_ipv4[0]","mode":"managed","type":"hcloud_primary_ip","name":"worker_ipv4","index":0,"provider_name":"registry.opentofu.org/hetznercloud/hcloud","schema_version":0,"values":{"auto_delete":false,"delete_protection":false,"labels":{"alethia_project-id":"e2e-fb08050640","cluster":"e2e-hetzner-08050640-fb08050640","role":"worker"},"location":"nbg1","name":"e2e-hetzner-08050640-fb08050640-worker-1-ipv4","type":"ipv4"},"sensitive_values":{"labels":{}}},{"address":"hcloud_primary_ip.worker_ipv4[1]","mode":"managed","type":"hcloud_primary_ip","name":"worker_ipv4","index":1,"provider_name":"registry.opentofu.org/hetznercloud/hcloud","schema_version":0,"values":{"auto_delete":false,"delete_protection":false,"labels":{"alethia_project-id":"e2e-fb08050640","cluster":"e2e-hetzner-08050640-fb08050640","role":"worker"},"location":"nbg1","name":"e2e-hetzner-08050640-fb08050640-worker-2-ipv4","type":"ipv4"},"sensitive_values":{"labels":{}}},{"address":"hcloud_primary_ip.worker_ipv4[2]","mode":"managed","type":"hcloud_primary_ip","name":"worker_ipv4","index":2,"provider_name":"registry.opentofu.org/hetznercloud/hcloud","schema_version":0,"values":{"auto_delete":false,"delete_protection":false,"labels":{"alethia_project-id":"e2e-fb08050640","cluster":"e2e-hetzner-08050640-fb08050640","role":"worker"},"location":"nbg1","name":"e2e-hetzner-08050640-fb08050640-worker-3-ipv4","type":"ipv4"},"sensitive_values":{"labels":{}}},{"address":"hcloud_primary_ip.worker_ipv4[3]","mode":"managed","type":"hcloud_primary_ip","name":"worker_ipv4","index":3,"provider_name":"registry.opentofu.org/hetznercloud/hcloud","schema_version":0,"values":{"auto_delete":false,"delete_protection":false,"labels":{"alethia_project-id":"e2e-fb08050640","cluster":"e2e-hetzner-08050640-fb08050640","role":"worker"},"location":"nbg1","name":"e2e-hetzner-08050640-fb08050640-worker-4-ipv4","type":"ipv4"},"sensitive_values":{"labels":{}}},{"address":"hcloud_primary_ip.worker_ipv4[4]","mode":"managed","type":"hcloud_primary_ip","name":"worker_ipv4","index":4,"provider_name":"registry.opentofu.org/hetznercloud/hcloud","schema_version":0,"values":{"auto_delete":false,"delete_protection":false,"labels":{"alethia_project-id":"e2e-fb08050640","cluster":"e2e-hetzner-08050640-fb08050640","role":"worker"},"location":"nbg1","name":"e2e-hetzner-08050640-fb08050640-worker-5-ipv4","type":"ipv4"},"sensitive_values":{"labels":{}}},{"address":"hcloud_primary_ip.worker_ipv4[5]","mode":"managed","type":"hcloud_primary_ip","name":"worker_ipv4","index":5,"provider_name":"registry.opentofu.org/hetznercloud/hcloud","schema_version":0,"values":{"auto_delete":false,"delete_protection":false,"labels":{"alethia_project-id":"e2e-fb08050640","cluster":"e2e-hetzner-08050640-fb08050640","role":"worker"},"location":"nbg1","name":"e2e-hetzner-08050640-fb08050640-worker-6-ipv4","type":"ipv4"},"sensitive_values":{"labels":{}}},{"address":"hcloud_server.control_planes[\"e2e-hetzner-08050640-fb08050640-cp-1\"]","mode":"managed","type":"hcloud_server","name":"control_planes","index":"e2e-hetzner-08050640-fb08050640-cp-1","provider_name":"registry.opentofu.org/hetznercloud/hcloud","schema_version":0,"values":{"allow_deprecated_images":null,"backups":false,"delete_protection":false,"ignore_remote_firewall_ids":false,"iso":null,"keep_disk":false,"labels":{"alethia_project-id":"e2e-fb08050640","cluster":"e2e-hetzner-08050640-fb08050640","role":"control-plane"},"location":"nbg1","name":"e2e-hetzner-08050640-fb08050640-cp-1","network":[{"ip":"10.0.0.101"}],"placement_group_id":null,"public_net":[{"ipv4_enabled":true,"ipv6_enabled":true}],"rebuild_protection":false,"rescue":null,"server_type":"cx33","shutdown_before_deletion":false,"ssh_keys":null,"timeouts":null},"sensitive_values":{"firewall_ids":[],"labels":{},"network":[{"alias_ips":[]}],"public_net":[{}],"user_data":true}},{"address":"hcloud_server.workers[\"e2e-hetzner-08050640-fb08050640-worker-1\"]","mode":"managed","type":"hcloud_server","name":"workers","index":"e2e-hetzner-08050640-fb08050640-worker-1","provider_name":"registry.opentofu.org/hetznercloud/hcloud","schema_version":0,"values":{"allow_deprecated_images":null,"backups":false,"delete_protection":false,"ignore_remote_firewall_ids":false,"iso":null,"keep_disk":false,"labels":{"alethia_project-id":"e2e-fb08050640","cluster":"e2e-hetzner-08050640-fb08050640","role":"worker"},"location":"nbg1","name":"e2e-hetzner-08050640-fb08050640-worker-1","network":[{"ip":"10.0.0.201"}],"placement_group_id":null,"public_net":[{"ipv4_enabled":true,"ipv6_enabled":true}],"rebuild_protection":false,"rescue":null,"server_type":"cx33","shutdown_before_deletion":false,"ssh_keys":null,"timeouts":null},"sensitive_values":{"firewall_ids":[],"labels":{},"network":[{"alias_ips":[]}],"public_net":[{}],"user_data":true}},{"address":"hcloud_server.workers[\"e2e-hetzner-08050640-fb08050640-worker-2\"]","mode":"managed","type":"hcloud_server","name":"workers","index":"e2e-hetzner-08050640-fb08050640-worker-2","provider_name":"registry.opentofu.org/hetznercloud/hcloud","schema_version":0,"values":{"allow_deprecated_images":null,"backups":false,"delete_protection":false,"ignore_remote_firewall_ids":false,"iso":null,"keep_disk":false,"labels":{"alethia_project-id":"e2e-fb08050640","cluster":"e2e-hetzner-08050640-fb08050640","role":"worker"},"location":"nbg1","name":"e2e-hetzner-08050640-fb08050640-worker-2","network":[{"ip":"10.0.0.202"}],"placement_group_id":null,"public_net":[{"ipv4_enabled":true,"ipv6_enabled":true}],"rebuild_protection":false,"rescue":null,"server_type":"cx33","shutdown_before_deletion":false,"ssh_keys":null,"timeouts":null},"sensitive_values":{"firewall_ids":[],"labels":{},"network":[{"alias_ips":[]}],"public_net":[{}],"user_data":true}},{"address":"hcloud_server.workers[\"e2e-hetzner-08050640-fb08050640-worker-3\"]","mode":"managed","type":"hcloud_server","name":"workers","index":"e2e-hetzner-08050640-fb08050640-worker-3","provider_name":"registry.opentofu.org/hetznercloud/hcloud","schema_version":0,"values":{"allow_deprecated_images":null,"backups":false,"delete_protection":false,"ignore_remote_firewall_ids":false,"iso":null,"keep_disk":false,"labels":{"alethia_project-id":"e2e-fb08050640","cluster":"e2e-hetzner-08050640-fb08050640","role":"worker"},"location":"nbg1","name":"e2e-hetzner-08050640-fb08050640-worker-3","network":[{"ip":"10.0.0.203"}],"placement_group_id":null,"public_net":[{"ipv4_enabled":true,"ipv6_enabled":true}],"rebuild_protection":false,"rescue":null,"server_type":"cx33","shutdown_before_deletion":false,"ssh_keys":null,"timeouts":null},"sensitive_values":{"firewall_ids":[],"labels":{},"network":[{"alias_ips":[]}],"public_net":[{}],"user_data":true}},{"address":"hcloud_server.workers[\"e2e-hetzner-08050640-fb08050640-worker-4\"]","mode":"managed","type":"hcloud_server","name":"workers","index":"e2e-hetzner-08050640-fb08050640-worker-4","provider_name":"registry.opentofu.org/hetznercloud/hcloud","schema_version":0,"values":{"allow_deprecated_images":null,"backups":false,"delete_protection":false,"ignore_remote_firewall_ids":false,"iso":null,"keep_disk":false,"labels":{"alethia_project-id":"e2e-fb08050640","cluster":"e2e-hetzner-08050640-fb08050640","role":"worker"},"location":"nbg1","name":"e2e-hetzner-08050640-fb08050640-worker-4","network":[{"ip":"10.0.0.204"}],"placement_group_id":null,"public_net":[{"ipv4_enabled":true,"ipv6_enabled":true}],"rebuild_protection":false,"rescue":null,"server_type":"cx33","shutdown_before_deletion":false,"ssh_keys":null,"timeouts":null},"sensitive_values":{"firewall_ids":[],"labels":{},"network":[{"alias_ips":[]}],"public_net":[{}],"user_data":true}},{"address":"hcloud_server.workers[\"e2e-hetzner-08050640-fb08050640-worker-5\"]","mode":"managed","type":"hcloud_server","name":"workers","index":"e2e-hetzner-08050640-fb08050640-worker-5","provider_name":"registry.opentofu.org/hetznercloud/hcloud","schema_version":0,"values":{"allow_deprecated_images":null,"backups":false,"delete_protection":false,"ignore_remote_firewall_ids":false,"iso":null,"keep_disk":false,"labels":{"alethia_project-id":"e2e-fb08050640","cluster":"e2e-hetzner-08050640-fb08050640","role":"worker"},"location":"nbg1","name":"e2e-hetzner-08050640-fb08050640-worker-5","network":[{"ip":"10.0.0.205"}],"placement_group_id":null,"public_net":[{"ipv4_enabled":true,"ipv6_enabled":true}],"rebuild_protection":false,"rescue":null,"server_type":"cx33","shutdown_before_deletion":false,"ssh_keys":null,"timeouts":null},"sensitive_values":{"firewall_ids":[],"labels":{},"network":[{"alias_ips":[]}],"public_net":[{}],"user_data":true}},{"address":"hcloud_server.workers[\"e2e-hetzner-08050640-fb08050640-worker-6\"]","mode":"managed","type":"hcloud_server","name":"workers","index":"e2e-hetzner-08050640-fb08050640-worker-6","provider_name":"registry.opentofu.org/hetznercloud/hcloud","schema_version":0,"values":{"allow_deprecated_images":null,"backups":false,"delete_protection":false,"ignore_remote_firewall_ids":false,"iso":null,"keep_disk":false,"labels":{"alethia_project-id":"e2e-fb08050640","cluster":"e2e-hetzner-08050640-fb08050640","role":"worker"},"location":"nbg1","name":"e2e-hetzner-08050640-fb08050640-worker-6","network":[{"ip":"10.0.0.206"}],"placement_group_id":null,"public_net":[{"ipv4_enabled":true,"ipv6_enabled":true}],"rebuild_protection":false,"rescue":null,"server_type":"cx33","shutdown_before_deletion":false,"ssh_keys":null,"timeouts":null},"sensitive_values":{"firewall_ids":[],"labels":{},"network":[{"alias_ips":[]}],"public_net":[{}],"user_data":true}},{"address":"imager_image.amd64[0]","mode":"managed","type":"imager_image","name":"amd64","index":0,"provider_name":"registry.opentofu.org/hcloud-talos/imager","schema_version":0,"values":{"architecture":"x86","debug_skip_cleanup":false,"description":"e2e-hetzner-08050640-fb08050640-talos-v1.13.6-amd64","labels":{"alethia_project-id":"e2e-fb08050640","cluster":"e2e-hetzner-08050640-fb08050640","os":"talos"},"location":"nbg1","server_type":null,"timeouts":null},"sensitive_values":{"effective_labels":{},"labels":{}}},{"address":"talos_cluster_kubeconfig.this","mode":"managed","type":"talos_cluster_kubeconfig","name":"this","provider_name":"registry.opentofu.org/siderolabs/talos","schema_version":1,"values":{"certificate_renewal_duration":"720h","timeouts":null},"sensitive_values":{"client_configuration":{},"kubeconfig_raw":true,"kubernetes_client_configuration":{}}},{"address":"talos_image_factory_schematic.this","mode":"managed","type":"talos_image_factory_schematic","name":"this","provider_name":"registry.opentofu.org/siderolabs/talos","schema_version":0,"values":{"schematic":"\"customization\":\n  \"systemExtensions\":\n    \"officialExtensions\":\n    - \"siderolabs/qemu-guest-agent\"\n"},"sensitive_values":{}},{"address":"talos_machine_bootstrap.this","mode":"managed","type":"talos_machine_bootstrap","name":"this","provider_name":"registry.opentofu.org/siderolabs/talos","schema_version":1,"values":{"client_configuration_wo":null,"timeouts":null},"sensitive_values":{"client_configuration":{}}},{"address":"talos_machine_configuration_apply.control_plane[\"e2e-hetzner-08050640-fb08050640-cp-1\"]","mode":"managed","type":"talos_machine_configuration_apply","name":"control_plane","index":"e2e-hetzner-08050640-fb08050640-cp-1","provider_name":"registry.opentofu.org/siderolabs/talos","schema_version":1,"values":{"apply_mode":"auto","client_configuration_wo":null,"config_patches":null,"machine_configuration_input_wo":null,"on_destroy":null,"timeouts":null},"sensitive_values":{"client_configuration":{},"machine_configuration":true,"machine_configuration_input":true}},{"address":"talos_machine_configuration_apply.worker[\"e2e-hetzner-08050640-fb08050640-worker-1\"]","mode":"managed","type":"talos_machine_configuration_apply","name":"worker","index":"e2e-hetzner-08050640-fb08050640-worker-1","provider_name":"registry.opentofu.org/siderolabs/talos","schema_version":1,"values":{"apply_mode":"auto","client_configuration_wo":null,"config_patches":null,"machine_configuration_input_wo":null,"on_destroy":null,"timeouts":null},"sensitive_values":{"client_configuration":{},"machine_configuration":true,"machine_configuration_input":true}},{"address":"talos_machine_configuration_apply.worker[\"e2e-hetzner-08050640-fb08050640-worker-2\"]","mode":"managed","type":"talos_machine_configuration_apply","name":"worker","index":"e2e-hetzner-08050640-fb08050640-worker-2","provider_name":"registry.opentofu.org/siderolabs/talos","schema_version":1,"values":{"apply_mode":"auto","client_configuration_wo":null,"config_patches":null,"machine_configuration_input_wo":null,"on_destroy":null,"timeouts":null},"sensitive_values":{"client_configuration":{},"machine_configuration":true,"machine_configuration_input":true}},{"address":"talos_machine_configuration_apply.worker[\"e2e-hetzner-08050640-fb08050640-worker-3\"]","mode":"managed","type":"talos_machine_configuration_apply","name":"worker","index":"e2e-hetzner-08050640-fb08050640-worker-3","provider_name":"registry.opentofu.org/siderolabs/talos","schema_version":1,"values":{"apply_mode":"auto","client_configuration_wo":null,"config_patches":null,"machine_configuration_input_wo":null,"on_destroy":null,"timeouts":null},"sensitive_values":{"client_configuration":{},"machine_configuration":true,"machine_configuration_input":true}},{"address":"talos_machine_configuration_apply.worker[\"e2e-hetzner-08050640-fb08050640-worker-4\"]","mode":"managed","type":"talos_machine_configuration_apply","name":"worker","index":"e2e-hetzner-08050640-fb08050640-worker-4","provider_name":"registry.opentofu.org/siderolabs/talos","schema_version":1,"values":{"apply_mode":"auto","client_configuration_wo":null,"config_patches":null,"machine_configuration_input_wo":null,"on_destroy":null,"timeouts":null},"sensitive_values":{"client_configuration":{},"machine_configuration":true,"machine_configuration_input":true}},{"address":"talos_machine_configuration_apply.worker[\"e2e-hetzner-08050640-fb08050640-worker-5\"]","mode":"managed","type":"talos_machine_configuration_apply","name":"worker","index":"e2e-hetzner-08050640-fb08050640-worker-5","provider_name":"registry.opentofu.org/siderolabs/talos","schema_version":1,"values":{"apply_mode":"auto","client_configuration_wo":null,"config_patches":null,"machine_configuration_input_wo":null,"on_destroy":null,"timeouts":null},"sensitive_values":{"client_configuration":{},"machine_configuration":true,"machine_configuration_input":true}},{"address":"talos_machine_configuration_apply.worker[\"e2e-hetzner-08050640-fb08050640-worker-6\"]","mode":"managed","type":"talos_machine_configuration_apply","name":"worker","index":"e2e-hetzner-08050640-fb08050640-worker-6","provider_name":"registry.opentofu.org/siderolabs/talos","schema_version":1,"values":{"apply_mode":"auto","client_configuration_wo":null,"config_patches":null,"machine_configuration_input_wo":null,"on_destroy":null,"timeouts":null},"sensitive_values":{"client_configuration":{},"machine_configuration":true,"machine_configuration_input":true}},{"address":"talos_machine_secrets.this","mode":"managed","type":"talos_machine_secrets","name":"this","provider_name":"registry.opentofu.org/siderolabs/talos","schema_version":1,"values":{"talos_version":"v1.13.6"},"sensitive_values":{"client_configuration":{},"machine_secrets":{}}},{"address":"terraform_data.byo_network_guard","mode":"managed","type":"terraform_data","name":"byo_network_guard","provider_name":"terraform.io/builtin/terraform","schema_version":0,"values":{"input":null,"output":null,"triggers_replace":null},"sensitive_values":{}},{"address":"terraform_data.compat_k8s_guard","mode":"managed","type":"terraform_data","name":"compat_k8s_guard","provider_name":"terraform.io/builtin/terraform","schema_version":0,"values":{"input":null,"output":null,"triggers_replace":null},"sensitive_values":{}},{"address":"terraform_data.csi_volume_label_guard","mode":"managed","type":"terraform_data","name":"csi_volume_label_guard","provider_name":"terraform.io/builtin/terraform","schema_version":0,"values":{"input":"2.22.0","triggers_replace":null},"sensitive_values":{}},{"address":"terraform_data.dns_zone_guard","mode":"managed","type":"terraform_data","name":"dns_zone_guard","provider_name":"terraform.io/builtin/terraform","schema_version":0,"values":{"input":null,"output":null,"triggers_replace":null},"sensitive_values":{}}]}},"resource_changes":[{"address":"data.talos_client_configuration.this","mode":"data","type":"talos_client_configuration","name":"this","provider_name":"registry.opentofu.org/siderolabs/talos","change":{"actions":["read"],"before":null,"after":{"cluster_name":"e2e-hetzner-08050640-fb08050640","endpoints":[null],"nodes":null},"after_unknown":{"client_configuration":true,"endpoints":[true],"id":true,"talos_config":true},"before_sensitive":false,"after_sensitive":{"client_configuration":{},"endpoints":[false],"talos_config":true}},"action_reason":"read_because_config_unknown"},{"address":"data.talos_image_factory_urls.amd64[0]","mode":"data","type":"talos_image_factory_urls","name":"amd64","index":0,"provider_name":"registry.opentofu.org/siderolabs/talos","change":{"actions":["read"],"before":null,"after":{"architecture":"amd64","platform":"hcloud","sbc":null,"talos_version":"v1.13.6"},"after_unknown":{"id":true,"schematic_id":true,"urls":true},"before_sensitive":false,"after_sensitive":{"urls":{}}},"action_reason":"read_because_config_unknown"},{"address":"data.talos_machine_configuration.control_plane","mode":"data","type":"talos_machine_configuration","name":"control_plane","provider_name":"registry.opentofu.org/siderolabs/talos","change":{"actions":["read"],"before":null,"after":{"cluster_name":"e2e-hetzner-08050640-fb08050640","config_patches":[null,"\"cluster\":\n  \"adminKubeconfig\":\n    \"certLifetime\": \"24h0m0s\"\n  \"network\":\n    \"cni\":\n      \"name\": \"none\"\n    \"podSubnets\":\n    - \"10.0.128.0/17\"\n    \"serviceSubnets\":\n    - \"10.0.96.0/19\"\n  \"proxy\":\n    \"disabled\": true\n"],"docs":false,"examples":false,"kubernetes_version":"1.35.6","machine_type":"controlplane","talos_version":"v1.13.6"},"after_unknown":{"cluster_endpoint":true,"config_patches":[true,false],"id":true,"machine_configuration":true,"machine_secrets":true},"before_sensitive":false,"after_sensitive":{"config_patches":[false,false],"machine_configuration":true,"machine_secrets":{}}},"action_reason":"read_because_config_unknown"},{"address":"data.talos_machine_configuration.worker","mode":"data","type":"talos_machine_configuration","name":"worker","provider_name":"registry.opentofu.org/siderolabs/talos","change":{"actions":["read"],"before":null,"after":{"cluster_name":"e2e-hetzner-08050640-fb08050640","config_patches":[null,"\"cluster\":\n  \"adminKubeconfig\":\n    \"certLifetime\": \"24h0m0s\"\n  \"network\":\n    \"cni\":\n      \"name\": \"none\"\n    \"podSubnets\":\n    - \"10.0.128.0/17\"\n    \"serviceSubnets\":\n    - \"10.0.96.0/19\"\n  \"proxy\":\n    \"disabled\": true\n"],"docs":false,"examples":false,"kubernetes_version":"1.35.6","machine_type":"worker","talos_version":"v1.13.6"},"after_unknown":{"cluster_endpoint":true,"config_patches":[true,false],"id":true,"machine_configuration":true,"machine_secrets":true},"before_sensitive":false,"after_sensitive":{"config_patches":[false,false],"machine_configuration":true,"machine_secrets":{}}},"action_reason":"read_because_config_unknown"},{"address":"hcloud_firewall.this","mode":"managed","type":"hcloud_firewall","name":"this","provider_name":"registry.opentofu.org/hetznercloud/hcloud","change":{"actions":["create"],"before":null,"after":{"apply_to":[],"labels":{"alethia_project-id":"e2e-fb08050640","cluster":"e2e-hetzner-08050640-fb08050640"},"name":"e2e-hetzner-08050640-fb08050640","rule":[{"description":"Intra-cluster ICMP (private network)","destination_ips":[],"direction":"in","port":"","protocol":"icmp","source_ips":["10.0.0.0/16"]},{"description":"Intra-cluster TCP (private network)","destination_ips":[],"direction":"in","port":"any","protocol":"tcp","source_ips":["10.0.0.0/16"]},{"description":"Intra-cluster UDP (private network)","destination_ips":[],"direction":"in","port":"any","protocol":"udp","source_ips":["10.0.0.0/16"]},{"description":"Kubernetes API server","destination_ips":[],"direction":"in","port":"6443","protocol":"tcp","source_ips":["0.0.0.0/0","::/0"]},{"description":"Talos apid (trustd)","destination_ips":[],"direction":"in","port":"50001","protocol":"tcp","source_ips":["0.0.0.0/0","::/0"]},{"description":"Talos apid","destination_ips":[],"direction":"in","port":"50000","protocol":"tcp","source_ips":["0.0.0.0/0","::/0"]}]},"after_unknown":{"apply_to":[],"id":true,"labels":{},"rule":[{"destination_ips":[],"source_ips":[false]},{"destination_ips":[],"source_ips":[false]},{"destination_ips":[],"source_ips":[false]},{"destination_ips":[],"source_ips":[false,false]},{"destination_ips":[],"source_ips":[false,false]},{"destination_ips":[],"source_ips":[false,false]}]},"before_sensitive":false,"after_sensitive":{"apply_to":[],"labels":{},"rule":[{"destination_ips":[],"source_ips":[false]},{"destination_ips":[],"source_ips":[false]},{"destination_ips":[],"source_ips":[false]},{"destination_ips":[],"source_ips":[false,false]},{"destination_ips":[],"source_ips":[false,false]},{"destination_ips":[],"source_ips":[false,false]}]}}},{"address":"hcloud_network.this[0]","mode":"managed","type":"hcloud_network","name":"this","index":0,"provider_name":"registry.opentofu.org/hetznercloud/hcloud","change":{"actions":["create"],"before":null,"after":{"delete_protection":false,"expose_routes_to_vswitch":false,"ip_range":"10.0.0.0/16","labels":{"alethia_project-id":"e2e-fb08050640","cluster":"e2e-hetzner-08050640-fb08050640"},"name":"e2e-hetzner-08050640-fb08050640"},"after_unknown":{"id":true,"labels":{}},"before_sensitive":false,"after_sensitive":{"labels":{}}}},{"address":"hcloud_network_subnet.nodes","mode":"managed","type":"hcloud_network_subnet","name":"nodes","provider_name":"registry.opentofu.org/hetznercloud/hcloud","change":{"actions":["create"],"before":null,"after":{"ip_range":"10.0.0.0/24","network_zone":"eu-central","type":"cloud","vswitch_id":null},"after_unknown":{"gateway":true,"id":true,"network_id":true},"before_sensitive":false,"after_sensitive":{}}},{"address":"hcloud_primary_ip.control_plane_ipv4[0]","mode":"managed","type":"hcloud_primary_ip","name":"control_plane_ipv4","index":0,"provider_name":"registry.opentofu.org/hetznercloud/hcloud","change":{"actions":["create"],"before":null,"after":{"auto_delete":false,"delete_protection":false,"labels":{"alethia_project-id":"e2e-fb08050640","cluster":"e2e-hetzner-08050640-fb08050640","role":"control-plane"},"location":"nbg1","name":"e2e-hetzner-08050640-fb08050640-cp-1-ipv4","type":"ipv4"},"after_unknown":{"assignee_id":true,"assignee_type":true,"datacenter":true,"id":true,"ip_address":true,"ip_network":true,"labels":{}},"before_sensitive":false,"after_sensitive":{"labels":{}}}},{"address":"hcloud_primary_ip.worker_ipv4[0]","mode":"managed","type":"hcloud_primary_ip","name":"worker_ipv4","index":0,"provider_name":"registry.opentofu.org/hetznercloud/hcloud","change":{"actions":["create"],"before":null,"after":{"auto_delete":false,"delete_protection":false,"labels":{"alethia_project-id":"e2e-fb08050640","cluster":"e2e-hetzner-08050640-fb08050640","role":"worker"},"location":"nbg1","name":"e2e-hetzner-08050640-fb08050640-worker-1-ipv4","type":"ipv4"},"after_unknown":{"assignee_id":true,"assignee_type":true,"datacenter":true,"id":true,"ip_address":true,"ip_network":true,"labels":{}},"before_sensitive":false,"after_sensitive":{"labels":{}}}},{"address":"hcloud_primary_ip.worker_ipv4[1]","mode":"managed","type":"hcloud_primary_ip","name":"worker_ipv4","index":1,"provider_name":"registry.opentofu.org/hetznercloud/hcloud","change":{"actions":["create"],"before":null,"after":{"auto_delete":false,"delete_protection":false,"labels":{"alethia_project-id":"e2e-fb08050640","cluster":"e2e-hetzner-08050640-fb08050640","role":"worker"},"location":"nbg1","name":"e2e-hetzner-08050640-fb08050640-worker-2-ipv4","type":"ipv4"},"after_unknown":{"assignee_id":true,"assignee_type":true,"datacenter":true,"id":true,"ip_address":true,"ip_network":true,"labels":{}},"before_sensitive":false,"after_sensitive":{"labels":{}}}},{"address":"hcloud_primary_ip.worker_ipv4[2]","mode":"managed","type":"hcloud_primary_ip","name":"worker_ipv4","index":2,"provider_name":"registry.opentofu.org/hetznercloud/hcloud","change":{"actions":["create"],"before":null,"after":{"auto_delete":false,"delete_protection":false,"labels":{"alethia_project-id":"e2e-fb08050640","cluster":"e2e-hetzner-08050640-fb08050640","role":"worker"},"location":"nbg1","name":"e2e-hetzner-08050640-fb08050640-worker-3-ipv4","type":"ipv4"},"after_unknown":{"assignee_id":true,"assignee_type":true,"datacenter":true,"id":true,"ip_address":true,"ip_network":true,"labels":{}},"before_sensitive":false,"after_sensitive":{"labels":{}}}},{"address":"hcloud_primary_ip.worker_ipv4[3]","mode":"managed","type":"hcloud_primary_ip","name":"worker_ipv4","index":3,"provider_name":"registry.opentofu.org/hetznercloud/hcloud","change":{"actions":["create"],"before":null,"after":{"auto_delete":false,"delete_protection":false,"labels":{"alethia_project-id":"e2e-fb08050640","cluster":"e2e-hetzner-08050640-fb08050640","role":"worker"},"location":"nbg1","name":"e2e-hetzner-08050640-fb08050640-worker-4-ipv4","type":"ipv4"},"after_unknown":{"assignee_id":true,"assignee_type":true,"datacenter":true,"id":true,"ip_address":true,"ip_network":true,"labels":{}},"before_sensitive":false,"after_sensitive":{"labels":{}}}},{"address":"hcloud_primary_ip.worker_ipv4[4]","mode":"managed","type":"hcloud_primary_ip","name":"worker_ipv4","index":4,"provider_name":"registry.opentofu.org/hetznercloud/hcloud","change":{"actions":["create"],"before":null,"after":{"auto_delete":false,"delete_protection":false,"labels":{"alethia_project-id":"e2e-fb08050640","cluster":"e2e-hetzner-08050640-fb08050640","role":"worker"},"location":"nbg1","name":"e2e-hetzner-08050640-fb08050640-worker-5-ipv4","type":"ipv4"},"after_unknown":{"assignee_id":true,"assignee_type":true,"datacenter":true,"id":true,"ip_address":true,"ip_network":true,"labels":{}},"before_sensitive":false,"after_sensitive":{"labels":{}}}},{"address":"hcloud_primary_ip.worker_ipv4[5]","mode":"managed","type":"hcloud_primary_ip","name":"worker_ipv4","index":5,"provider_name":"registry.opentofu.org/hetznercloud/hcloud","change":{"actions":["create"],"before":null,"after":{"auto_delete":false,"delete_protection":false,"labels":{"alethia_project-id":"e2e-fb08050640","cluster":"e2e-hetzner-08050640-fb08050640","role":"worker"},"location":"nbg1","name":"e2e-hetzner-08050640-fb08050640-worker-6-ipv4","type":"ipv4"},"after_unknown":{"assignee_id":true,"assignee_type":true,"datacenter":true,"id":true,"ip_address":true,"ip_network":true,"labels":{}},"before_sensitive":false,"after_sensitive":{"labels":{}}}},{"address":"hcloud_server.control_planes[\"e2e-hetzner-08050640-fb08050640-cp-1\"]","mode":"managed","type":"hcloud_server","name":"control_planes","index":"e2e-hetzner-08050640-fb08050640-cp-1","provider_name":"registry.opentofu.org/hetznercloud/hcloud","change":{"actions":["create"],"before":null,"after":{"allow_deprecated_images":null,"backups":false,"delete_protection":false,"ignore_remote_firewall_ids":false,"iso":null,"keep_disk":false,"labels":{"alethia_project-id":"e2e-fb08050640","cluster":"e2e-hetzner-08050640-fb08050640","role":"control-plane"},"location":"nbg1","name":"e2e-hetzner-08050640-fb08050640-cp-1","network":[{"ip":"10.0.0.101"}],"placement_group_id":null,"public_net":[{"ipv4_enabled":true,"ipv6_enabled":true}],"rebuild_protection":false,"rescue":null,"server_type":"cx33","shutdown_before_deletion":false,"ssh_keys":null,"timeouts":null},"after_unknown":{"backup_window":true,"datacenter":true,"firewall_ids":true,"id":true,"image":true,"ipv4_address":true,"ipv6_address":true,"ipv6_network":true,"labels":{},"network":[{"alias_ips":true,"mac_address":true,"network_id":true,"subnet_id":true}],"primary_disk_size":true,"public_net":[{"ipv4":true,"ipv6":true}],"status":true,"user_data":true},"before_sensitive":false,"after_sensitive":{"firewall_ids":[],"labels":{},"network":[{"alias_ips":[]}],"public_net":[{}],"user_data":true}}},{"address":"hcloud_server.workers[\"e2e-hetzner-08050640-fb08050640-worker-1\"]","mode":"managed","type":"hcloud_server","name":"workers","index":"e2e-hetzner-08050640-fb08050640-worker-1","provider_name":"registry.opentofu.org/hetznercloud/hcloud","change":{"actions":["create"],"before":null,"after":{"allow_deprecated_images":null,"backups":false,"delete_protection":false,"ignore_remote_firewall_ids":false,"iso":null,"keep_disk":false,"labels":{"alethia_project-id":"e2e-fb08050640","cluster":"e2e-hetzner-08050640-fb08050640","role":"worker"},"location":"nbg1","name":"e2e-hetzner-08050640-fb08050640-worker-1","network":[{"ip":"10.0.0.201"}],"placement_group_id":null,"public_net":[{"ipv4_enabled":true,"ipv6_enabled":true}],"rebuild_protection":false,"rescue":null,"server_type":"cx33","shutdown_before_deletion":false,"ssh_keys":null,"timeouts":null},"after_unknown":{"backup_window":true,"datacenter":true,"firewall_ids":true,"id":true,"image":true,"ipv4_address":true,"ipv6_address":true,"ipv6_network":true,"labels":{},"network":[{"alias_ips":true,"mac_address":true,"network_id":true,"subnet_id":true}],"primary_disk_size":true,"public_net":[{"ipv4":true,"ipv6":true}],"status":true,"user_data":true},"before_sensitive":false,"after_sensitive":{"firewall_ids":[],"labels":{},"network":[{"alias_ips":[]}],"public_net":[{}],"user_data":true}}},{"address":"hcloud_server.workers[\"e2e-hetzner-08050640-fb08050640-worker-2\"]","mode":"managed","type":"hcloud_server","name":"workers","index":"e2e-hetzner-08050640-fb08050640-worker-2","provider_name":"registry.opentofu.org/hetznercloud/hcloud","change":{"actions":["create"],"before":null,"after":{"allow_deprecated_images":null,"backups":false,"delete_protection":false,"ignore_remote_firewall_ids":false,"iso":null,"keep_disk":false,"labels":{"alethia_project-id":"e2e-fb08050640","cluster":"e2e-hetzner-08050640-fb08050640","role":"worker"},"location":"nbg1","name":"e2e-hetzner-08050640-fb08050640-worker-2","network":[{"ip":"10.0.0.202"}],"placement_group_id":null,"public_net":[{"ipv4_enabled":true,"ipv6_enabled":true}],"rebuild_protection":false,"rescue":null,"server_type":"cx33","shutdown_before_deletion":false,"ssh_keys":null,"timeouts":null},"after_unknown":{"backup_window":true,"datacenter":true,"firewall_ids":true,"id":true,"image":true,"ipv4_address":true,"ipv6_address":true,"ipv6_network":true,"labels":{},"network":[{"alias_ips":true,"mac_address":true,"network_id":true,"subnet_id":true}],"primary_disk_size":true,"public_net":[{"ipv4":true,"ipv6":true}],"status":true,"user_data":true},"before_sensitive":false,"after_sensitive":{"firewall_ids":[],"labels":{},"network":[{"alias_ips":[]}],"public_net":[{}],"user_data":true}}},{"address":"hcloud_server.workers[\"e2e-hetzner-08050640-fb08050640-worker-3\"]","mode":"managed","type":"hcloud_server","name":"workers","index":"e2e-hetzner-08050640-fb08050640-worker-3","provider_name":"registry.opentofu.org/hetznercloud/hcloud","change":{"actions":["create"],"before":null,"after":{"allow_deprecated_images":null,"backups":false,"delete_protection":false,"ignore_remote_firewall_ids":false,"iso":null,"keep_disk":false,"labels":{"alethia_project-id":"e2e-fb08050640","cluster":"e2e-hetzner-08050640-fb08050640","role":"worker"},"location":"nbg1","name":"e2e-hetzner-08050640-fb08050640-worker-3","network":[{"ip":"10.0.0.203"}],"placement_group_id":null,"public_net":[{"ipv4_enabled":true,"ipv6_enabled":true}],"rebuild_protection":false,"rescue":null,"server_type":"cx33","shutdown_before_deletion":false,"ssh_keys":null,"timeouts":null},"after_unknown":{"backup_window":true,"datacenter":true,"firewall_ids":true,"id":true,"image":true,"ipv4_address":true,"ipv6_address":true,"ipv6_network":true,"labels":{},"network":[{"alias_ips":true,"mac_address":true,"network_id":true,"subnet_id":true}],"primary_disk_size":true,"public_net":[{"ipv4":true,"ipv6":true}],"status":true,"user_data":true},"before_sensitive":false,"after_sensitive":{"firewall_ids":[],"labels":{},"network":[{"alias_ips":[]}],"public_net":[{}],"user_data":true}}},{"address":"hcloud_server.workers[\"e2e-hetzner-08050640-fb08050640-worker-4\"]","mode":"managed","type":"hcloud_server","name":"workers","index":"e2e-hetzner-08050640-fb08050640-worker-4","provider_name":"registry.opentofu.org/hetznercloud/hcloud","change":{"actions":["create"],"before":null,"after":{"allow_deprecated_images":null,"backups":false,"delete_protection":false,"ignore_remote_firewall_ids":false,"iso":null,"keep_disk":false,"labels":{"alethia_project-id":"e2e-fb08050640","cluster":"e2e-hetzner-08050640-fb08050640","role":"worker"},"location":"nbg1","name":"e2e-hetzner-08050640-fb08050640-worker-4","network":[{"ip":"10.0.0.204"}],"placement_group_id":null,"public_net":[{"ipv4_enabled":true,"ipv6_enabled":true}],"rebuild_protection":false,"rescue":null,"server_type":"cx33","shutdown_before_deletion":false,"ssh_keys":null,"timeouts":null},"after_unknown":{"backup_window":true,"datacenter":true,"firewall_ids":true,"id":true,"image":true,"ipv4_address":true,"ipv6_address":true,"ipv6_network":true,"labels":{},"network":[{"alias_ips":true,"mac_address":true,"network_id":true,"subnet_id":true}],"primary_disk_size":true,"public_net":[{"ipv4":true,"ipv6":true}],"status":true,"user_data":true},"before_sensitive":false,"after_sensitive":{"firewall_ids":[],"labels":{},"network":[{"alias_ips":[]}],"public_net":[{}],"user_data":true}}},{"address":"hcloud_server.workers[\"e2e-hetzner-08050640-fb08050640-worker-5\"]","mode":"managed","type":"hcloud_server","name":"workers","index":"e2e-hetzner-08050640-fb08050640-worker-5","provider_name":"registry.opentofu.org/hetznercloud/hcloud","change":{"actions":["create"],"before":null,"after":{"allow_deprecated_images":null,"backups":false,"delete_protection":false,"ignore_remote_firewall_ids":false,"iso":null,"keep_disk":false,"labels":{"alethia_project-id":"e2e-fb08050640","cluster":"e2e-hetzner-08050640-fb08050640","role":"worker"},"location":"nbg1","name":"e2e-hetzner-08050640-fb08050640-worker-5","network":[{"ip":"10.0.0.205"}],"placement_group_id":null,"public_net":[{"ipv4_enabled":true,"ipv6_enabled":true}],"rebuild_protection":false,"rescue":null,"server_type":"cx33","shutdown_before_deletion":false,"ssh_keys":null,"timeouts":null},"after_unknown":{"backup_window":true,"datacenter":true,"firewall_ids":true,"id":true,"image":true,"ipv4_address":true,"ipv6_address":true,"ipv6_network":true,"labels":{},"network":[{"alias_ips":true,"mac_address":true,"network_id":true,"subnet_id":true}],"primary_disk_size":true,"public_net":[{"ipv4":true,"ipv6":true}],"status":true,"user_data":true},"before_sensitive":false,"after_sensitive":{"firewall_ids":[],"labels":{},"network":[{"alias_ips":[]}],"public_net":[{}],"user_data":true}}},{"address":"hcloud_server.workers[\"e2e-hetzner-08050640-fb08050640-worker-6\"]","mode":"managed","type":"hcloud_server","name":"workers","index":"e2e-hetzner-08050640-fb08050640-worker-6","provider_name":"registry.opentofu.org/hetznercloud/hcloud","change":{"actions":["create"],"before":null,"after":{"allow_deprecated_images":null,"backups":false,"delete_protection":false,"ignore_remote_firewall_ids":false,"iso":null,"keep_disk":false,"labels":{"alethia_project-id":"e2e-fb08050640","cluster":"e2e-hetzner-08050640-fb08050640","role":"worker"},"location":"nbg1","name":"e2e-hetzner-08050640-fb08050640-worker-6","network":[{"ip":"10.0.0.206"}],"placement_group_id":null,"public_net":[{"ipv4_enabled":true,"ipv6_enabled":true}],"rebuild_protection":false,"rescue":null,"server_type":"cx33","shutdown_before_deletion":false,"ssh_keys":null,"timeouts":null},"after_unknown":{"backup_window":true,"datacenter":true,"firewall_ids":true,"id":true,"image":true,"ipv4_address":true,"ipv6_address":true,"ipv6_network":true,"labels":{},"network":[{"alias_ips":true,"mac_address":true,"network_id":true,"subnet_id":true}],"primary_disk_size":true,"public_net":[{"ipv4":true,"ipv6":true}],"status":true,"user_data":true},"before_sensitive":false,"after_sensitive":{"firewall_ids":[],"labels":{},"network":[{"alias_ips":[]}],"public_net":[{}],"user_data":true}}},{"address":"imager_image.amd64[0]","mode":"managed","type":"imager_image","name":"amd64","index":0,"provider_name":"registry.opentofu.org/hcloud-talos/imager","change":{"actions":["create"],"before":null,"after":{"architecture":"x86","debug_skip_cleanup":false,"description":"e2e-hetzner-08050640-fb08050640-talos-v1.13.6-amd64","labels":{"alethia_project-id":"e2e-fb08050640","cluster":"e2e-hetzner-08050640-fb08050640","os":"talos"},"location":"nbg1","server_type":null,"timeouts":null},"after_unknown":{"effective_labels":true,"id":true,"image_id":true,"image_url":true,"labels":{}},"before_sensitive":false,"after_sensitive":{"effective_labels":{},"labels":{}}}},{"address":"talos_cluster_kubeconfig.this","mode":"managed","type":"talos_cluster_kubeconfig","name":"this","provider_name":"registry.opentofu.org/siderolabs/talos","change":{"actions":["create"],"before":null,"after":{"certificate_renewal_duration":"720h","timeouts":null},"after_unknown":{"client_configuration":true,"endpoint":true,"id":true,"kubeconfig_raw":true,"kubernetes_client_configuration":true,"node":true},"before_sensitive":false,"after_sensitive":{"client_configuration":{},"kubeconfig_raw":true,"kubernetes_client_configuration":{}}}},{"address":"talos_image_factory_schematic.this","mode":"managed","type":"talos_image_factory_schematic","name":"this","provider_name":"registry.opentofu.org/siderolabs/talos","change":{"actions":["create"],"before":null,"after":{"schematic":"\"customization\":\n  \"systemExtensions\":\n    \"officialExtensions\":\n    - \"siderolabs/qemu-guest-agent\"\n"},"after_unknown":{"id":true},"before_sensitive":false,"after_sensitive":{}}},{"address":"talos_machine_bootstrap.this","mode":"managed","type":"talos_machine_bootstrap","name":"this","provider_name":"registry.opentofu.org/siderolabs/talos","change":{"actions":["create"],"before":null,"after":{"client_configuration_wo":null,"timeouts":null},"after_unknown":{"client_configuration":true,"endpoint":true,"id":true,"node":true},"before_sensitive":false,"after_sensitive":{"client_configuration":{}}}},{"address":"talos_machine_configuration_apply.control_plane[\"e2e-hetzner-08050640-fb08050640-cp-1\"]","mode":"managed","type":"talos_machine_configuration_apply","name":"control_plane","index":"e2e-hetzner-08050640-fb08050640-cp-1","provider_name":"registry.opentofu.org/siderolabs/talos","change":{"actions":["create"],"before":null,"after":{"apply_mode":"auto","client_configuration_wo":null,"config_patches":null,"machine_configuration_input_wo":null,"on_destroy":null,"timeouts":null},"after_unknown":{"client_configuration":true,"endpoint":true,"id":true,"machine_configuration":true,"machine_configuration_hash":true,"machine_configuration_input":true,"node":true,"resolved_apply_mode":true},"before_sensitive":false,"after_sensitive":{"client_configuration":{},"machine_configuration":true,"machine_configuration_input":true}}},{"address":"talos_machine_configuration_apply.worker[\"e2e-hetzner-08050640-fb08050640-worker-1\"]","mode":"managed","type":"talos_machine_configuration_apply","name":"worker","index":"e2e-hetzner-08050640-fb08050640-worker-1","provider_name":"registry.opentofu.org/siderolabs/talos","change":{"actions":["create"],"before":null,"after":{"apply_mode":"auto","client_configuration_wo":null,"config_patches":null,"machine_configuration_input_wo":null,"on_destroy":null,"timeouts":null},"after_unknown":{"client_configuration":true,"endpoint":true,"id":true,"machine_configuration":true,"machine_configuration_hash":true,"machine_configuration_input":true,"node":true,"resolved_apply_mode":true},"before_sensitive":false,"after_sensitive":{"client_configuration":{},"machine_configuration":true,"machine_configuration_input":true}}},{"address":"talos_machine_configuration_apply.worker[\"e2e-hetzner-08050640-fb08050640-worker-2\"]","mode":"managed","type":"talos_machine_configuration_apply","name":"worker","index":"e2e-hetzner-08050640-fb08050640-worker-2","provider_name":"registry.opentofu.org/siderolabs/talos","change":{"actions":["create"],"before":null,"after":{"apply_mode":"auto","client_configuration_wo":null,"config_patches":null,"machine_configuration_input_wo":null,"on_destroy":null,"timeouts":null},"after_unknown":{"client_configuration":true,"endpoint":true,"id":true,"machine_configuration":true,"machine_configuration_hash":true,"machine_configuration_input":true,"node":true,"resolved_apply_mode":true},"before_sensitive":false,"after_sensitive":{"client_configuration":{},"machine_configuration":true,"machine_configuration_input":true}}},{"address":"talos_machine_configuration_apply.worker[\"e2e-hetzner-08050640-fb08050640-worker-3\"]","mode":"managed","type":"talos_machine_configuration_apply","name":"worker","index":"e2e-hetzner-08050640-fb08050640-worker-3","provider_name":"registry.opentofu.org/siderolabs/talos","change":{"actions":["create"],"before":null,"after":{"apply_mode":"auto","client_configuration_wo":null,"config_patches":null,"machine_configuration_input_wo":null,"on_destroy":null,"timeouts":null},"after_unknown":{"client_configuration":true,"endpoint":true,"id":true,"machine_configuration":true,"machine_configuration_hash":true,"machine_configuration_input":true,"node":true,"resolved_apply_mode":true},"before_sensitive":false,"after_sensitive":{"client_configuration":{},"machine_configuration":true,"machine_configuration_input":true}}},{"address":"talos_machine_configuration_apply.worker[\"e2e-hetzner-08050640-fb08050640-worker-4\"]","mode":"managed","type":"talos_machine_configuration_apply","name":"worker","index":"e2e-hetzner-08050640-fb08050640-worker-4","provider_name":"registry.opentofu.org/siderolabs/talos","change":{"actions":["create"],"before":null,"after":{"apply_mode":"auto","client_configuration_wo":null,"config_patches":null,"machine_configuration_input_wo":null,"on_destroy":null,"timeouts":null},"after_unknown":{"client_configuration":true,"endpoint":true,"id":true,"machine_configuration":true,"machine_configuration_hash":true,"machine_configuration_input":true,"node":true,"resolved_apply_mode":true},"before_sensitive":false,"after_sensitive":{"client_configuration":{},"machine_configuration":true,"machine_configuration_input":true}}},{"address":"talos_machine_configuration_apply.worker[\"e2e-hetzner-08050640-fb08050640-worker-5\"]","mode":"managed","type":"talos_machine_configuration_apply","name":"worker","index":"e2e-hetzner-08050640-fb08050640-worker-5","provider_name":"registry.opentofu.org/siderolabs/talos","change":{"actions":["create"],"before":null,"after":{"apply_mode":"auto","client_configuration_wo":null,"config_patches":null,"machine_configuration_input_wo":null,"on_destroy":null,"timeouts":null},"after_unknown":{"client_configuration":true,"endpoint":true,"id":true,"machine_configuration":true,"machine_configuration_hash":true,"machine_configuration_input":true,"node":true,"resolved_apply_mode":true},"before_sensitive":false,"after_sensitive":{"client_configuration":{},"machine_configuration":true,"machine_configuration_input":true}}},{"address":"talos_machine_configuration_apply.worker[\"e2e-hetzner-08050640-fb08050640-worker-6\"]","mode":"managed","type":"talos_machine_configuration_apply","name":"worker","index":"e2e-hetzner-08050640-fb08050640-worker-6","provider_name":"registry.opentofu.org/siderolabs/talos","change":{"actions":["create"],"before":null,"after":{"apply_mode":"auto","client_configuration_wo":null,"config_patches":null,"machine_configuration_input_wo":null,"on_destroy":null,"timeouts":null},"after_unknown":{"client_configuration":true,"endpoint":true,"id":true,"machine_configuration":true,"machine_configuration_hash":true,"machine_configuration_input":true,"node":true,"resolved_apply_mode":true},"before_sensitive":false,"after_sensitive":{"client_configuration":{},"machine_configuration":true,"machine_configuration_input":true}}},{"address":"talos_machine_secrets.this","mode":"managed","type":"talos_machine_secrets","name":"this","provider_name":"registry.opentofu.org/siderolabs/talos","change":{"actions":["create"],"before":null,"after":{"talos_version":"v1.13.6"},"after_unknown":{"client_configuration":true,"id":true,"machine_secrets":true},"before_sensitive":false,"after_sensitive":{"client_configuration":{},"machine_secrets":{}}}},{"address":"terraform_data.byo_network_guard","mode":"managed","type":"terraform_data","name":"byo_network_guard","provider_name":"terraform.io/builtin/terraform","change":{"actions":["create"],"before":null,"after":{"input":null,"output":null,"triggers_replace":null},"after_unknown":{"id":true},"before_sensitive":false,"after_sensitive":{}}},{"address":"terraform_data.compat_k8s_guard","mode":"managed","type":"terraform_data","name":"compat_k8s_guard","provider_name":"terraform.io/builtin/terraform","change":{"actions":["create"],"before":null,"after":{"input":null,"output":null,"triggers_replace":null},"after_unknown":{"id":true},"before_sensitive":false,"after_sensitive":{}}},{"address":"terraform_data.csi_volume_label_guard","mode":"managed","type":"terraform_data","name":"csi_volume_label_guard","provider_name":"terraform.io/builtin/terraform","change":{"actions":["create"],"before":null,"after":{"input":"2.22.0","triggers_replace":null},"after_unknown":{"id":true,"output":true},"before_sensitive":false,"after_sensitive":{}}},{"address":"terraform_data.dns_zone_guard","mode":"managed","type":"terraform_data","name":"dns_zone_guard","provider_name":"terraform.io/builtin/terraform","change":{"actions":["create"],"before":null,"after":{"input":null,"output":null,"triggers_replace":null},"after_unknown":{"id":true},"before_sensitive":false,"after_sensitive":{}}}],"output_changes":{"bootstrap_manifests":{"actions":["create"],"before":null,"after_unknown":true,"before_sensitive":true,"after_sensitive":true},"bucket_endpoints":{"actions":["create"],"before":null,"after":{},"after_unknown":false,"before_sensitive":false,"after_sensitive":false},"bucket_names":{"actions":["create"],"before":null,"after":[],"after_unknown":false,"before_sensitive":false,"after_sensitive":false},"dns_name_servers":{"actions":["create"],"before":null,"after":[],"after_unknown":false,"before_sensitive":false,"after_sensitive":false},"dns_zone_id":{"actions":["create"],"before":null,"after":"","after_unknown":false,"before_sensitive":false,"after_sensitive":false},"kubeconfig":{"actions":["create"],"before":null,"after_unknown":true,"before_sensitive":true,"after_sensitive":true},"network_id":{"actions":["create"],"before":null,"after_unknown":true,"before_sensitive":false,"after_sensitive":false},"talos_cluster_endpoint":{"actions":["create"],"before":null,"after_unknown":true,"before_sensitive":false,"after_sensitive":false},"talos_cluster_name":{"actions":["create"],"before":null,"after":"e2e-hetzner-08050640-fb08050640","after_unknown":false,"before_sensitive":false,"after_sensitive":false},"talosconfig":{"actions":["create"],"before":null,"after_unknown":true,"before_sensitive":true,"after_sensitive":true}},"prior_state":{"format_version":"1.0","terraform_version":"1.12.3","values":{"outputs":{"bucket_endpoints":{"sensitive":false,"value":{},"type":["object",{}]},"bucket_names":{"sensitive":false,"value":[],"type":["tuple",[]]},"dns_name_servers":{"sensitive":false,"value":[],"type":["tuple",[]]},"dns_zone_id":{"sensitive":false,"value":"","type":"string"},"talos_cluster_name":{"sensitive":false,"value":"e2e-hetzner-08050640-fb08050640","type":"string"}},"root_module":{"resources":[{"address":"data.hcloud_location.selected","mode":"data","type":"hcloud_location","name":"selected","provider_name":"registry.opentofu.org/hetznercloud/hcloud","schema_version":0,"values":{"city":"Nuremberg","country":"DE","description":"Nuremberg DC Park 1","id":2,"latitude":49.452102,"longitude":11.076665,"name":"nbg1","network_zone":"eu-central"},"sensitive_values":{}},{"address":"data.helm_template.cilium","mode":"data","type":"helm_template","name":"cilium","provider_name":"registry.opentofu.org/hashicorp/helm","schema_version":0,"values":{"api_versions":null,"atomic":false,"chart":"cilium","crds":[],"create_namespace":false,"dependency_update":false,"description":null,"devel":null,"disable_openapi_validation":false,"disable_webhooks":false,"id":"cilium","include_crds":false,"is_upgrade":false,"keyring":null,"kube_version":"1.35.6","manifest":"[REDACTED]","manifests":{"templates/cilium-agent/clusterrole.yaml":"---\n# Source: cilium/templates/cilium-agent/clusterrole.yaml\napiVersion: rbac.authorization.k8s.io/v1\nkind: ClusterRole\nmetadata:\n  name: cilium\n  labels:\n    app.kubernetes.io/part-of: cilium\nrules:\n- apiGroups:\n  - networking.k8s.io\n  resources:\n  - networkpolicies\n  verbs:\n  - get\n  - list\n  - watch\n- apiGroups:\n  - discovery.k8s.io\n  resources:\n  - endpointslices\n  verbs:\n  - get\n  - list\n  - watch\n- apiGroups:\n  - \"\"\n  resources:\n  - namespaces\n  - services\n  - pods\n  - endpoints\n  - nodes\n  verbs:\n  - get\n  - list\n  - watch\n- apiGroups:\n  - apiextensions.k8s.io\n  resources:\n  - customresourcedefinitions\n  verbs:\n  - list\n  - watch\n  # This is used when validating policies in preflight. This will need to stay\n  # until we figure out how to avoid \"get\" inside the preflight, and then\n  # should be removed ideally.\n  - get\n- apiGroups:\n  - cilium.io\n  resources:\n  - ciliumloadbalancerippools\n  - ciliumbgppeeringpolicies\n  - ciliumbgpnodeconfigs\n  - ciliumbgpadvertisements\n  - ciliumbgppeerconfigs\n  - ciliumclusterwideenvoyconfigs\n  - ciliumclusterwidenetworkpolicies\n  - ciliumegressgatewaypolicies\n  - ciliumendpoints\n  - ciliumendpointslices\n  - ciliumenvoyconfigs\n  - ciliumidentities\n  - ciliumlocalredirectpolicies\n  - ciliumnetworkpolicies\n  - ciliumnodes\n  - ciliumnodeconfigs\n  - ciliumcidrgroups\n  - ciliuml2announcementpolicies\n  - ciliumpodippools\n  verbs:\n  - list\n  - watch\n- apiGroups:\n  - cilium.io\n  resources:\n  - ciliumidentities\n  - ciliumendpoints\n  - ciliumnodes\n  verbs:\n  - create\n- apiGroups:\n  - cilium.io\n  # To synchronize garbage collection of such resources\n  resources:\n  - ciliumidentities\n  verbs:\n  - update\n- apiGroups:\n  - cilium.io\n  resources:\n  - ciliumendpoints\n  verbs:\n  - delete\n  - get\n- apiGroups:\n  - cilium.io\n  resources:\n  - ciliumnodes\n  - ciliumnodes/status\n  verbs:\n  - get\n  - update\n- apiGroups:\n  - cilium.io\n  resources:\n  - ciliumendpoints/status\n  - ciliumendpoints\n  - ciliuml2announcementpolicies/status\n  - ciliumbgpnodeconfigs/status\n  verbs:\n  - patch\n","templates/cilium-agent/clusterrolebinding.yaml":"---\n# Source: cilium/templates/cilium-agent/clusterrolebinding.yaml\napiVersion: rbac.authorization.k8s.io/v1\nkind: ClusterRoleBinding\nmetadata:\n  name: cilium\n  labels:\n    app.kubernetes.io/part-of: cilium\nroleRef:\n  apiGroup: rbac.authorization.k8s.io\n  kind: ClusterRole\n  name: cilium\nsubjects:\n- kind: ServiceAccount\n  name: \"cilium\"\n  namespace: kube-system\n","templates/cilium-agent/daemonset.yaml":"---\n# Source: cilium/templates/cilium-agent/daemonset.yaml\napiVersion: apps/v1\nkind: DaemonSet\nmetadata:\n  name: cilium\n  namespace: kube-system\n  labels:\n    k8s-app: cilium\n    app.kubernetes.io/part-of: cilium\n    app.kubernetes.io/name: cilium-agent\nspec:\n  selector:\n    matchLabels:\n      k8s-app: cilium\n  updateStrategy:\n    rollingUpdate:\n      maxUnavailable: 2\n    type: RollingUpdate\n  template:\n    metadata:\n      annotations:\n        kubectl.kubernetes.io/default-container: cilium-agent\n      labels:\n        k8s-app: cilium\n        app.kubernetes.io/name: cilium-agent\n        app.kubernetes.io/part-of: cilium\n    spec:\n      securityContext:\n        appArmorProfile:\n          type: Unconfined\n        seccompProfile:\n          type: Unconfined\n      containers:\n      - name: cilium-agent\n        image: \"quay.io/cilium/cilium:v1.19.6@sha256:0df5b2750b64c49843aba1d649e9eaf61467cb0645ad3171db6f6962c095ac92\"\n        imagePullPolicy: IfNotPresent\n        command:\n        - cilium-agent\n        args:\n        - --config-dir=/tmp/cilium/config-map\n        startupProbe:\n          httpGet:\n            host: \"127.0.0.1\"\n            path: /healthz\n            port: health\n            scheme: HTTP\n            httpHeaders:\n            - name: \"brief\"\n              value: \"true\"\n          failureThreshold: 300\n          periodSeconds: 2\n          successThreshold: 1\n          initialDelaySeconds: 5\n        livenessProbe:\n          httpGet:\n            host: \"127.0.0.1\"\n            path: /healthz\n            port: health\n            scheme: HTTP\n            httpHeaders:\n            - name: \"brief\"\n              value: \"true\"\n            - name: \"require-k8s-connectivity\"\n              value: \"false\"\n          periodSeconds: 30\n          successThreshold: 1\n          failureThreshold: 10\n          timeoutSeconds: 5\n        readinessProbe:\n          httpGet:\n            host: \"127.0.0.1\"\n            path: /healthz\n            port: health\n            scheme: HTTP\n            httpHeaders:\n            - name: \"brief\"\n              value: \"true\"\n          periodSeconds: 30\n          successThreshold: 1\n          failureThreshold: 3\n          timeoutSeconds: 5\n        env:\n        - name: K8S_NODE_NAME\n          valueFrom:\n            fieldRef:\n              apiVersion: v1\n              fieldPath: spec.nodeName\n        - name: CILIUM_K8S_NAMESPACE\n          valueFrom:\n            fieldRef:\n              apiVersion: v1\n              fieldPath: metadata.namespace\n        - name: CILIUM_CLUSTERMESH_CONFIG\n          value: /var/lib/cilium/clustermesh/\n        - name: GOMEMLIMIT\n          valueFrom:\n            resourceFieldRef:\n              resource: limits.memory\n              divisor: '1'\n        - name: KUBERNETES_SERVICE_HOST\n          value: \"127.0.0.1\"\n        - name: KUBERNETES_SERVICE_PORT\n          value: \"7445\"\n        - name: KUBE_CLIENT_BACKOFF_BASE\n          value: \"1\"\n        - name: KUBE_CLIENT_BACKOFF_DURATION\n          value: \"120\"\n        lifecycle:\n          postStart:\n            exec:\n              command:\n              - \"bash\"\n              - \"-c\"\n              - |\n                    set -o errexit\n                    set -o pipefail\n                    set -o nounset\n                    \n                    # When running in AWS ENI mode, it's likely that 'aws-node' has\n                    # had a chance to install SNAT iptables rules. These can result\n                    # in dropped traffic, so we should attempt to remove them.\n                    # We do it using a 'postStart' hook since this may need to run\n                    # for nodes which might have already been init'ed but may still\n                    # have dangling rules. This is safe because there are no\n                    # dependencies on anything that is part of the startup script\n                    # itself, and can be safely run multiple times per node (e.g. in\n                    # case of a restart).\n                    if [[ \"$(iptables-save | grep -E -c 'AWS-SNAT-CHAIN|AWS-CONNMARK-CHAIN')\" != \"0\" ]];\n                    then\n                        echo 'Deleting iptables rules created by the AWS CNI VPC plugin'\n                        iptables-save | grep -E -v 'AWS-SNAT-CHAIN|AWS-CONNMARK-CHAIN' | iptables-restore\n                    fi\n                    echo 'Done!'\n                    \n          preStop:\n            exec:\n              command:\n              - /cni-uninstall.sh\n        ports:\n        - name: health\n          containerPort: 9879\n          hostPort: 9879\n          protocol: TCP\n        securityContext:\n          seLinuxOptions:\n            level: s0\n            type: spc_t\n          capabilities:\n            add:\n              - CHOWN\n              - KILL\n              - NET_ADMIN\n              - NET_RAW\n              - IPC_LOCK\n              - SYS_ADMIN\n              - SYS_RESOURCE\n              - DAC_OVERRIDE\n              - FOWNER\n              - SETGID\n              - SETUID\n            drop:\n              - ALL\n        terminationMessagePolicy: FallbackToLogsOnError\n        volumeMounts:\n        - name: envoy-sockets\n          mountPath: /var/run/cilium/envoy/sockets\n          readOnly: false\n        # Unprivileged containers need to mount /proc/sys/net from the host\n        # to have write access\n        - mountPath: /host/proc/sys/net\n          name: host-proc-sys-net\n        # Unprivileged containers need to mount /proc/sys/kernel from the host\n        # to have write access\n        - mountPath: /host/proc/sys/kernel\n          name: host-proc-sys-kernel\n        - name: bpf-maps\n          mountPath: /sys/fs/bpf\n          # Unprivileged containers can't set mount propagation to bidirectional\n          # in this case we will mount the bpf fs from an init container that\n          # is privileged and set the mount propagation from host to container\n          # in Cilium.\n          mountPropagation: HostToContainer\n        # Check for duplicate mounts before mounting\n        - name: cilium-cgroup\n          mountPath: /sys/fs/cgroup\n        - name: cilium-run\n          mountPath: /var/run/cilium\n        - name: cilium-netns\n          mountPath: /var/run/cilium/netns\n          mountPropagation: HostToContainer\n        - name: etc-cni-netd\n          mountPath: /host/etc/cni/net.d\n        - name: clustermesh-secrets\n          mountPath: /var/lib/cilium/clustermesh\n          readOnly: true\n          # Needed to be able to load kernel modules\n        - name: lib-modules\n          mountPath: /lib/modules\n          readOnly: true\n        - name: xtables-lock\n          mountPath: /run/xtables.lock\n        - name: tmp\n          mountPath: /tmp\n        \n      initContainers:\n      - name: config\n        image: \"quay.io/cilium/cilium:v1.19.6@sha256:0df5b2750b64c49843aba1d649e9eaf61467cb0645ad3171db6f6962c095ac92\"\n        imagePullPolicy: IfNotPresent\n        command:\n        - cilium-dbg\n        - build-config\n        env:\n        - name: K8S_NODE_NAME\n          valueFrom:\n            fieldRef:\n              apiVersion: v1\n              fieldPath: spec.nodeName\n        - name: CILIUM_K8S_NAMESPACE\n          valueFrom:\n            fieldRef:\n              apiVersion: v1\n              fieldPath: metadata.namespace\n        - name: KUBERNETES_SERVICE_HOST\n          value: \"127.0.0.1\"\n        - name: KUBERNETES_SERVICE_PORT\n          value: \"7445\"\n        volumeMounts:\n        - name: tmp\n          mountPath: /tmp\n        terminationMessagePolicy: FallbackToLogsOnError\n        securityContext:\n          capabilities:\n            add:\n              - NET_ADMIN\n            drop:\n              - ALL\n      - name: apply-sysctl-overwrites\n        image: \"quay.io/cilium/cilium:v1.19.6@sha256:0df5b2750b64c49843aba1d649e9eaf61467cb0645ad3171db6f6962c095ac92\"\n        imagePullPolicy: IfNotPresent\n        env:\n        - name: BIN_PATH\n          value: /opt/cni/bin\n        command:\n        - bash\n        - -ec\n        # The statically linked Go program binary is invoked to avoid any\n        # dependency on utilities like sh that can be missing on certain\n        # distros installed on the underlying host. Copy the binary to the\n        # same directory where we install cilium cni plugin so that exec permissions\n        # are available.\n        - |\n          cp /usr/bin/cilium-sysctlfix /hostbin/cilium-sysctlfix;\n          nsenter --mount=/hostproc/1/ns/mnt \"${BIN_PATH}/cilium-sysctlfix\";\n          rm /hostbin/cilium-sysctlfix\n        volumeMounts:\n        - name: hostproc\n          mountPath: /hostproc\n        - name: cni-path\n          mountPath: /hostbin\n        terminationMessagePolicy: FallbackToLogsOnError\n        securityContext:\n          seLinuxOptions:\n            level: s0\n            type: spc_t\n          capabilities:\n            add:\n              - SYS_ADMIN\n              - SYS_CHROOT\n              - SYS_PTRACE\n            drop:\n              - ALL\n      # Mount the bpf fs if it is not mounted. We will perform this task\n      # from a privileged container because the mount propagation bidirectional\n      # only works from privileged containers.\n      - name: mount-bpf-fs\n        image: \"quay.io/cilium/cilium:v1.19.6@sha256:0df5b2750b64c49843aba1d649e9eaf61467cb0645ad3171db6f6962c095ac92\"\n        imagePullPolicy: IfNotPresent\n        args:\n        - 'mount | grep \"/sys/fs/bpf type bpf\" || mount -t bpf bpf /sys/fs/bpf'\n        command:\n        - /bin/bash\n        - -c\n        - --\n        terminationMessagePolicy: FallbackToLogsOnError\n        securityContext:\n          privileged: true\n        volumeMounts:\n        - name: bpf-maps\n          mountPath: /sys/fs/bpf\n          mountPropagation: Bidirectional\n      - name: clean-cilium-state\n        image: \"quay.io/cilium/cilium:v1.19.6@sha256:0df5b2750b64c49843aba1d649e9eaf61467cb0645ad3171db6f6962c095ac92\"\n        imagePullPolicy: IfNotPresent\n        command:\n        - /init-container.sh\n        env:\n        - name: CILIUM_ALL_STATE\n          valueFrom:\n            configMapKeyRef:\n              name: cilium-config\n              key: clean-cilium-state\n              optional: true\n        - name: CILIUM_BPF_STATE\n          valueFrom:\n            configMapKeyRef:\n              name: cilium-config\n              key: clean-cilium-bpf-state\n              optional: true\n        - name: WRITE_CNI_CONF_WHEN_READY\n          valueFrom:\n            configMapKeyRef:\n              name: cilium-config\n              key: write-cni-conf-when-ready\n              optional: true\n        - name: KUBERNETES_SERVICE_HOST\n          value: \"127.0.0.1\"\n        - name: KUBERNETES_SERVICE_PORT\n          value: \"7445\"\n        terminationMessagePolicy: FallbackToLogsOnError\n        securityContext:\n          seLinuxOptions:\n            level: s0\n            type: spc_t\n          capabilities:\n            add:\n              - NET_ADMIN\n              - SYS_ADMIN\n              - SYS_RESOURCE\n            drop:\n              - ALL\n        volumeMounts:\n        - name: bpf-maps\n          mountPath: /sys/fs/bpf\n          # Required to mount cgroup filesystem from the host to cilium agent pod\n        - name: cilium-cgroup\n          mountPath: /sys/fs/cgroup\n          mountPropagation: HostToContainer\n        - name: cilium-run\n          mountPath: /var/run/cilium # wait-for-kube-proxy\n      # Install the CNI binaries in an InitContainer so we don't have a writable host mount in the agent\n      - name: install-cni-binaries\n        image: \"quay.io/cilium/cilium:v1.19.6@sha256:0df5b2750b64c49843aba1d649e9eaf61467cb0645ad3171db6f6962c095ac92\"\n        imagePullPolicy: IfNotPresent\n        command:\n          - \"/install-plugin.sh\"\n        resources:\n          limits:\n            cpu: 1\n            memory: 1Gi\n          requests:\n            cpu: 100m\n            memory: 10Mi\n        securityContext:\n          seLinuxOptions:\n            level: s0\n            type: spc_t\n          capabilities:\n            drop:\n              - ALL\n        terminationMessagePolicy: FallbackToLogsOnError\n        volumeMounts:\n          - name: cni-path\n            mountPath: /host/opt/cni/bin # .Values.cni.install\n      restartPolicy: Always\n      priorityClassName: system-node-critical\n      serviceAccountName: \"cilium\"\n      automountServiceAccountToken: true\n      terminationGracePeriodSeconds: 1\n      hostNetwork: true\n      \n      affinity:\n        podAntiAffinity:\n          requiredDuringSchedulingIgnoredDuringExecution:\n          - labelSelector:\n              matchLabels:\n                k8s-app: cilium\n            topologyKey: kubernetes.io/hostname\n      nodeSelector:\n        kubernetes.io/os: linux\n      tolerations:\n        - operator: Exists\n      volumes:\n      # For sharing configuration between the \"config\" initContainer and the agent\n      - name: tmp\n        emptyDir: {}\n        # To keep state between restarts / upgrades\n      - name: cilium-run\n        hostPath:\n          path: /var/run/cilium\n          type: DirectoryOrCreate\n        # To exec into pod network namespaces\n      - name: cilium-netns\n        hostPath:\n          path: /var/run/netns\n          type: DirectoryOrCreate\n        # To keep state between restarts / upgrades for bpf maps\n      - name: bpf-maps\n        hostPath:\n          path: /sys/fs/bpf\n          type: DirectoryOrCreate\n      # To mount cgroup2 filesystem on the host or apply sysctlfix\n      - name: hostproc\n        hostPath:\n          path: /proc\n          type: Directory\n      # To keep state between restarts / upgrades for cgroup2 filesystem\n      - name: cilium-cgroup\n        hostPath:\n          path: /sys/fs/cgroup\n          type: DirectoryOrCreate\n      # To install cilium cni plugin in the host\n      - name: cni-path\n        hostPath:\n          path:  /opt/cni/bin\n          type: DirectoryOrCreate\n        # To install cilium cni configuration in the host\n      - name: etc-cni-netd\n        hostPath:\n          path: /etc/cni/net.d\n          type: DirectoryOrCreate\n        # To be able to load kernel modules\n      - name: lib-modules\n        hostPath:\n          path: /lib/modules\n        # To access iptables concurrently with other processes (e.g. kube-proxy)\n      - name: xtables-lock\n        hostPath:\n          path: /run/xtables.lock\n          type: FileOrCreate\n      # Sharing socket with Cilium Envoy on the same node by using a host path\n      - name: envoy-sockets\n        hostPath:\n          path: \"/var/run/cilium/envoy/sockets\"\n          type: DirectoryOrCreate\n        # To read the clustermesh configuration\n      - name: clustermesh-secrets\n        projected:\n          # note: the leading zero means this number is in octal representation: do not remove it\n          defaultMode: 0400\n          sources:\n          - secret:\n              name: cilium-clustermesh\n              optional: true\n              # note: items are not explicitly listed here, since the entries of this secret\n              # depend on the peers configured, and that would cause a restart of all agents\n              # at every addition/removal. Leaving the field empty makes each secret entry\n              # to be automatically projected into the volume as a file whose name is the key.\n          - secret:\n              name: clustermesh-apiserver-remote-cert\n              optional: true\n              items:\n              - key: tls.key\n                path: common-etcd-client.key\n              - key: tls.crt\n                path: common-etcd-client.crt\n              - key: ca.crt\n                path: common-etcd-client-ca.crt\n          # note: we configure the volume for the kvstoremesh-specific certificate\n          # regardless of whether KVStoreMesh is enabled or not, so that it can be\n          # automatically mounted in case KVStoreMesh gets subsequently enabled,\n          # without requiring an agent restart.\n          - secret:\n              name: clustermesh-apiserver-local-cert\n              optional: true\n              items:\n              - key: tls.key\n                path: local-etcd-client.key\n              - key: tls.crt\n                path: local-etcd-client.crt\n              - key: ca.crt\n                path: local-etcd-client-ca.crt\n      - name: host-proc-sys-net\n        hostPath:\n          path: /proc/sys/net\n          type: Directory\n      - name: host-proc-sys-kernel\n        hostPath:\n          path: /proc/sys/kernel\n          type: Directory\n","templates/cilium-agent/role.yaml":"---\n# Source: cilium/templates/cilium-agent/role.yaml\napiVersion: rbac.authorization.k8s.io/v1\nkind: Role\nmetadata:\n  name: cilium-config-agent\n  namespace: kube-system\n  labels:\n    app.kubernetes.io/part-of: cilium\nrules:\n- apiGroups:\n  - \"\"\n  resources:\n  - configmaps\n  verbs:\n  - get\n  - list\n  - watch\n---\n# Source: cilium/templates/cilium-agent/role.yaml\napiVersion: rbac.authorization.k8s.io/v1\nkind: Role\nmetadata:\n  name: cilium-tlsinterception-secrets\n  namespace: \"cilium-secrets\"\n  labels:\n    app.kubernetes.io/part-of: cilium\nrules:\n- apiGroups:\n  - \"\"\n  resources:\n  - secrets\n  verbs:\n  - get\n  - list\n  - watch\n","templates/cilium-agent/rolebinding.yaml":"---\n# Source: cilium/templates/cilium-agent/rolebinding.yaml\napiVersion: rbac.authorization.k8s.io/v1\nkind: RoleBinding\nmetadata:\n  name: cilium-config-agent\n  namespace: kube-system\n  labels:\n    app.kubernetes.io/part-of: cilium\nroleRef:\n  apiGroup: rbac.authorization.k8s.io\n  kind: Role\n  name: cilium-config-agent\nsubjects:\n  - kind: ServiceAccount\n    name: \"cilium\"\n    namespace: kube-system\n---\n# Source: cilium/templates/cilium-agent/rolebinding.yaml\napiVersion: rbac.authorization.k8s.io/v1\nkind: RoleBinding\nmetadata:\n  name: cilium-tlsinterception-secrets\n  namespace: \"cilium-secrets\"\n  labels:\n    app.kubernetes.io/part-of: cilium\nroleRef:\n  apiGroup: rbac.authorization.k8s.io\n  kind: Role\n  name: cilium-tlsinterception-secrets\nsubjects:\n- kind: ServiceAccount\n  name: \"cilium\"\n  namespace: kube-system\n","templates/cilium-agent/serviceaccount.yaml":"---\n# Source: cilium/templates/cilium-agent/serviceaccount.yaml\napiVersion: v1\nkind: ServiceAccount\nmetadata:\n  name: \"cilium\"\n  namespace: kube-system\n","templates/cilium-configmap.yaml":"---\n# Source: cilium/templates/cilium-configmap.yaml\napiVersion: v1\nkind: ConfigMap\nmetadata:\n  name: cilium-config\n  namespace: kube-system\ndata:\n\n  # Identity allocation mode selects how identities are shared between cilium\n  # nodes by setting how they are stored. The options are \"crd\", \"kvstore\" or\n  # \"doublewrite-readkvstore\" / \"doublewrite-readcrd\".\n  # - \"crd\" stores identities in kubernetes as CRDs (custom resource definition).\n  #   These can be queried with:\n  #     kubectl get ciliumid\n  # - \"kvstore\" stores identities in an etcd kvstore, that is\n  #   configured below. Cilium versions before 1.6 supported only the kvstore\n  #   backend. Upgrades from these older cilium versions should continue using\n  #   the kvstore by commenting out the identity-allocation-mode below, or\n  #   setting it to \"kvstore\".\n  # - \"doublewrite\" modes store identities in both the kvstore and CRDs. This is useful\n  #   for seamless migrations from the kvstore mode to the crd mode. Consult the\n  #   documentation for more information on how to perform the migration.\n  identity-allocation-mode: crd\n\n  identity-heartbeat-timeout: \"30m0s\"\n  identity-gc-interval: \"15m0s\"\n  cilium-endpoint-gc-interval: \"5m0s\"\n  nodes-gc-interval: \"5m0s\"\n\n  # If you want to run cilium in debug mode change this value to true\n  debug: \"false\"\n  debug-verbose: \"\"\n  metrics-sampling-interval: \"5m\"\n  # The agent can be put into the following three policy enforcement modes\n  # default, always and never.\n  # https://docs.cilium.io/en/latest/security/policy/intro/#policy-enforcement-modes\n  enable-policy: \"default\"\n  policy-cidr-match-mode: \"\"\n  # If you want metrics enabled in cilium-operator, set the port for\n  # which the Cilium Operator will have their metrics exposed.\n  # NOTE that this will open the port on the nodes where Cilium operator pod\n  # is scheduled.\n  operator-prometheus-serve-addr: \":9963\"\n  enable-metrics: \"true\"\n  enable-policy-secrets-sync: \"true\"\n  policy-secrets-only-from-secrets-namespace: \"true\"\n  policy-secrets-namespace: \"cilium-secrets\"\n\n  # Enable IPv4 addressing. If enabled, all endpoints are allocated an IPv4\n  # address.\n  enable-ipv4: \"true\"\n\n  # Enable IPv6 addressing. If enabled, all endpoints are allocated an IPv6\n  # address.\n  enable-ipv6: \"false\"\n  # Users who wish to specify their own custom CNI configuration file must set\n  # custom-cni-conf to \"true\", otherwise Cilium may overwrite the configuration.\n  custom-cni-conf: \"false\"\n  enable-bpf-clock-probe: \"false\"\n  # If you want cilium monitor to aggregate tracing for packets, set this level\n  # to \"low\", \"medium\", or \"maximum\". The higher the level, the less packets\n  # that will be seen in monitor output.\n  monitor-aggregation: medium\n\n  # The monitor aggregation interval governs the typical time between monitor\n  # notification events for each allowed connection.\n  #\n  # Only effective when monitor aggregation is set to \"medium\" or higher.\n  monitor-aggregation-interval: \"5s\"\n\n  # The monitor aggregation flags determine which TCP flags which, upon the\n  # first observation, cause monitor notifications to be generated.\n  #\n  # Only effective when monitor aggregation is set to \"medium\" or higher.\n  monitor-aggregation-flags: all\n  # Specifies the ratio (0.0-1.0] of total system memory to use for dynamic\n  # sizing of the TCP CT, non-TCP CT, NAT and policy BPF maps.\n  bpf-map-dynamic-size-ratio: \"0.0025\"\n  # bpf-policy-map-max specifies the maximum number of entries in endpoint\n  # policy map (per endpoint)\n  bpf-policy-map-max: \"16384\"\n  # bpf-policy-stats-map-max specifies the maximum number of entries in global\n  # policy stats map\n  bpf-policy-stats-map-max: \"65536\"\n  # bpf-lb-map-max specifies the maximum number of entries in bpf lb service,\n  # backend and affinity maps.\n  bpf-lb-map-max: \"65536\"\n  bpf-lb-external-clusterip: \"false\"\n  bpf-lb-source-range-all-types: \"false\"\n  bpf-lb-algorithm-annotation: \"false\"\n  bpf-lb-mode-annotation: \"false\"\n\n  bpf-distributed-lru: \"false\"\n  bpf-events-drop-enabled: \"true\"\n  bpf-events-policy-verdict-enabled: \"true\"\n  bpf-events-trace-enabled: \"true\"\n\n  # Pre-allocation of map entries allows per-packet latency to be reduced, at\n  # the expense of up-front memory allocation for the entries in the maps. The\n  # default value below will minimize memory usage in the default installation;\n  # users who are sensitive to latency may consider setting this to \"true\".\n  #\n  # This option was introduced in Cilium 1.4. Cilium 1.3 and earlier ignore\n  # this option and behave as though it is set to \"true\".\n  #\n  # If this value is modified, then during the next Cilium startup the restore\n  # of existing endpoints and tracking of ongoing connections may be disrupted.\n  # As a result, reply packets may be dropped and the load-balancing decisions\n  # for established connections may change.\n  #\n  # If this option is set to \"false\" during an upgrade from 1.3 or earlier to\n  # 1.4 or later, then it may cause one-time disruptions during the upgrade.\n  preallocate-bpf-maps: \"false\"\n\n  # Name of the cluster. Only relevant when building a mesh of clusters.\n  cluster-name: \"default\"\n  # Unique ID of the cluster. Must be unique across all connected clusters and\n  # in the range of 1 and 255. Only relevant when building a mesh of clusters.\n  cluster-id: \"0\"\n\n  # Encapsulation mode for communication between nodes\n  # Possible values:\n  #   - disabled\n  #   - vxlan (default)\n  #   - geneve\n\n  routing-mode: \"native\"\n  tunnel-protocol: \"vxlan\"\n  tunnel-source-port-range: \"0-0\"\n  service-no-backend-response: \"reject\"\n  policy-deny-response: \"none\"\n\n\n  # Enables L7 proxy for L7 policy enforcement and visibility\n  enable-l7-proxy: \"true\"\n  enable-ipv4-masquerade: \"true\"\n  enable-ipv4-big-tcp: \"false\"\n  enable-ipv6-big-tcp: \"false\"\n  enable-ipv6-masquerade: \"true\"\n  enable-tcx: \"true\"\n  datapath-mode: \"veth\"\n  enable-bpf-masquerade: \"false\"\n  enable-masquerade-to-route-source: \"false\"\n\n  enable-xt-socket-fallback: \"true\"\n  install-no-conntrack-iptables-rules: \"false\"\n  iptables-random-fully: \"false\"\n\n  auto-direct-node-routes: \"false\"\n  direct-routing-skip-unreachable: \"false\"\n\n\n  ipv4-native-routing-cidr: 10.0.0.0/16\n\n  enable-host-firewall: \"false\"\n\n  kube-proxy-replacement: \"true\"\n  kube-proxy-replacement-healthz-bind-address: \"\"\n  enable-no-service-endpoints-routable: \"true\"\n  bpf-lb-sock: \"false\"\n  nodeport-addresses: \"\"\n  enable-health-check-nodeport: \"true\"\n  enable-health-check-loadbalancer-ip: \"false\"\n  node-port-bind-protection: \"true\"\n  enable-auto-protect-node-port-range: \"true\"\n  bpf-lb-acceleration: \"disabled\"\n  enable-service-topology: \"false\"\n  enable-l2-neigh-discovery: \"false\"\n  k8s-require-ipv4-pod-cidr: \"false\"\n  k8s-require-ipv6-pod-cidr: \"false\"\n  enable-k8s-networkpolicy: \"true\"\n  enable-endpoint-lockdown-on-policy-overflow: \"false\"\n  # Tell the agent to generate and write a CNI configuration file\n  write-cni-conf-when-ready: /host/etc/cni/net.d/05-cilium.conflist\n  cni-exclusive: \"true\"\n  cni-log-file: \"/var/run/cilium/cilium-cni.log\"\n  enable-endpoint-health-checking: \"true\"\n  enable-health-checking: \"true\"\n  health-check-icmp-failure-threshold: \"3\"\n  enable-well-known-identities: \"false\"\n  enable-node-selector-labels: \"false\"\n  synchronize-k8s-nodes: \"true\"\n  operator-api-serve-addr: \"127.0.0.1:9234\"\n\n  enable-hubble: \"false\"\n  ipam: \"kubernetes\"\n  ipam-cilium-node-update-rate: \"15s\"\n\n  default-lb-service-ipam: \"lbipam\"\n  egress-gateway-reconciliation-trigger-interval: \"1s\"\n  enable-vtep: \"false\"\n  vtep-endpoint: \"\"\n  vtep-cidr: \"\"\n  vtep-mask: \"\"\n  vtep-mac: \"\"\n\n  packetization-layer-pmtud-mode: \"blackhole\"\n  procfs: \"/host/proc\"\n  bpf-root: \"/sys/fs/bpf\"\n  cgroup-root: \"/sys/fs/cgroup\"\n\n  identity-management-mode: \"agent\"\n  enable-sctp: \"false\"\n  remove-cilium-node-taints: \"true\"\n  set-cilium-node-taints: \"true\"\n  set-cilium-is-up-condition: \"true\"\n  unmanaged-pod-watcher-interval: \"15s\"\n  # default DNS proxy to transparent mode in non-chaining modes\n  dnsproxy-enable-transparent-mode: \"true\"\n  dnsproxy-socket-linger-timeout: \"10\"\n  tofqdns-dns-reject-response-code: \"refused\"\n  tofqdns-enable-dns-compression: \"true\"\n  tofqdns-endpoint-max-ip-per-hostname: \"1000\"\n  tofqdns-idle-connection-grace-period: \"0s\"\n  tofqdns-max-deferred-connection-deletes: \"10000\"\n  tofqdns-proxy-response-max-delay: \"100ms\"\n  tofqdns-preallocate-identities:  \"true\"\n  agent-not-ready-taint-key: \"node.cilium.io/agent-not-ready\"\n\n  mesh-auth-enabled: \"false\"\n  mesh-auth-queue-size: \"1024\"\n  mesh-auth-rotated-identities-queue-size: \"1024\"\n  mesh-auth-gc-interval: \"5m0s\"\n\n  proxy-xff-num-trusted-hops-ingress: \"0\"\n  proxy-xff-num-trusted-hops-egress: \"0\"\n  proxy-connect-timeout: \"2\"\n  proxy-initial-fetch-timeout: \"30\"\n  proxy-max-active-downstream-connections: \"50000\"\n  proxy-max-requests-per-connection: \"0\"\n  proxy-max-connection-duration-seconds: \"0\"\n  proxy-idle-timeout-seconds: \"60\"\n  proxy-max-concurrent-retries: \"128\"\n  proxy-use-original-source-address: \"true\"\n  proxy-cluster-max-connections: \"1024\"\n  proxy-cluster-max-requests: \"1024\"\n  http-retry-count: \"3\"\n  http-stream-idle-timeout: \"300\"\n\n  external-envoy-proxy: \"true\"\n  envoy-base-id: \"0\"\n  envoy-access-log-buffer-size: \"4096\"\n  envoy-keep-cap-netbindservice: \"false\"\n  max-connected-clusters: \"255\"\n  clustermesh-cache-ttl: \"0s\"\n  clustermesh-enable-endpoint-sync: \"false\"\n  clustermesh-enable-mcs-api: \"false\"\n  clustermesh-mcs-api-install-crds: \"true\"\n  policy-default-local-cluster: \"true\"\n\n  nat-map-stats-entries: \"32\"\n  nat-map-stats-interval: \"30s\"\n  enable-lb-ipam: \"true\"\n  enable-non-default-deny-policies: \"true\"\n  enable-source-ip-verification: \"true\"\n  enable-dynamic-config: \"true\"\n  enable-drift-checker: \"true\"\n\n# Extra config allows adding arbitrary properties to the cilium config.\n# By putting it at the end of the ConfigMap, it's also possible to override existing properties.\n","templates/cilium-envoy/configmap.yaml":"---\n# Source: cilium/templates/cilium-envoy/configmap.yaml\napiVersion: v1\nkind: ConfigMap\nmetadata:\n  name: cilium-envoy-config\n  namespace: kube-system\ndata:\n  # Keep the key name as bootstrap-config.json to avoid breaking changes\n  bootstrap-config.json: |\n    {\"admin\":{\"address\":{\"pipe\":{\"mode\":432,\"path\":\"/var/run/cilium/envoy/sockets/admin.sock\"}}},\"applicationLogConfig\":{\"logFormat\":{\"textFormat\":\"[%Y-%m-%d %T.%e][%t][%l][%n] [%g:%#] %v\"}},\"bootstrapExtensions\":[{\"name\":\"envoy.bootstrap.internal_listener\",\"typedConfig\":{\"@type\":\"type.googleapis.com/envoy.extensions.bootstrap.internal_listener.v3.InternalListener\"}}],\"dynamicResources\":{\"cdsConfig\":{\"apiConfigSource\":{\"apiType\":\"GRPC\",\"grpcServices\":[{\"envoyGrpc\":{\"clusterName\":\"xds-grpc-cilium\"}}],\"setNodeOnFirstMessageOnly\":true,\"transportApiVersion\":\"V3\"},\"initialFetchTimeout\":\"30s\",\"resourceApiVersion\":\"V3\"},\"ldsConfig\":{\"apiConfigSource\":{\"apiType\":\"GRPC\",\"grpcServices\":[{\"envoyGrpc\":{\"clusterName\":\"xds-grpc-cilium\"}}],\"setNodeOnFirstMessageOnly\":true,\"transportApiVersion\":\"V3\"},\"initialFetchTimeout\":\"30s\",\"resourceApiVersion\":\"V3\"}},\"node\":{\"cluster\":\"ingress-cluster\",\"id\":\"host~127.0.0.1~no-id~localdomain\"},\"overloadManager\":{\"resourceMonitors\":[{\"name\":\"envoy.resource_monitors.global_downstream_max_connections\",\"typedConfig\":{\"@type\":\"type.googleapis.com/envoy.extensions.resource_monitors.downstream_connections.v3.DownstreamConnectionsConfig\",\"max_active_downstream_connections\":\"50000\"}}]},\"staticResources\":{\"clusters\":[{\"circuitBreakers\":{\"thresholds\":[{\"maxConnections\":1024,\"maxRequests\":1024,\"maxRetries\":128}]},\"cleanupInterval\":\"2.500s\",\"connectTimeout\":\"2s\",\"lbPolicy\":\"CLUSTER_PROVIDED\",\"name\":\"ingress-cluster\",\"type\":\"ORIGINAL_DST\",\"typedExtensionProtocolOptions\":{\"envoy.extensions.upstreams.http.v3.HttpProtocolOptions\":{\"@type\":\"type.googleapis.com/envoy.extensions.upstreams.http.v3.HttpProtocolOptions\",\"commonHttpProtocolOptions\":{\"idleTimeout\":\"60s\",\"maxConnectionDuration\":\"0s\",\"maxRequestsPerConnection\":0},\"useDownstreamProtocolConfig\":{}}}},{\"circuitBreakers\":{\"thresholds\":[{\"maxConnections\":1024,\"maxRequests\":1024,\"maxRetries\":128}]},\"cleanupInterval\":\"2.500s\",\"connectTimeout\":\"2s\",\"lbPolicy\":\"CLUSTER_PROVIDED\",\"name\":\"egress-cluster-tls\",\"transportSocket\":{\"name\":\"cilium.tls_wrapper\",\"typedConfig\":{\"@type\":\"type.googleapis.com/cilium.UpstreamTlsWrapperContext\"}},\"type\":\"ORIGINAL_DST\",\"typedExtensionProtocolOptions\":{\"envoy.extensions.upstreams.http.v3.HttpProtocolOptions\":{\"@type\":\"type.googleapis.com/envoy.extensions.upstreams.http.v3.HttpProtocolOptions\",\"commonHttpProtocolOptions\":{\"idleTimeout\":\"60s\",\"maxConnectionDuration\":\"0s\",\"maxRequestsPerConnection\":0},\"upstreamHttpProtocolOptions\":{},\"useDownstreamProtocolConfig\":{}}}},{\"circuitBreakers\":{\"thresholds\":[{\"maxConnections\":1024,\"maxRequests\":1024,\"maxRetries\":128}]},\"cleanupInterval\":\"2.500s\",\"connectTimeout\":\"2s\",\"lbPolicy\":\"CLUSTER_PROVIDED\",\"name\":\"egress-cluster\",\"type\":\"ORIGINAL_DST\",\"typedExtensionProtocolOptions\":{\"envoy.extensions.upstreams.http.v3.HttpProtocolOptions\":{\"@type\":\"type.googleapis.com/envoy.extensions.upstreams.http.v3.HttpProtocolOptions\",\"commonHttpProtocolOptions\":{\"idleTimeout\":\"60s\",\"maxConnectionDuration\":\"0s\",\"maxRequestsPerConnection\":0},\"useDownstreamProtocolConfig\":{}}}},{\"circuitBreakers\":{\"thresholds\":[{\"maxConnections\":1024,\"maxRequests\":1024,\"maxRetries\":128}]},\"cleanupInterval\":\"2.500s\",\"connectTimeout\":\"2s\",\"lbPolicy\":\"CLUSTER_PROVIDED\",\"name\":\"ingress-cluster-tls\",\"transportSocket\":{\"name\":\"cilium.tls_wrapper\",\"typedConfig\":{\"@type\":\"type.googleapis.com/cilium.UpstreamTlsWrapperContext\"}},\"type\":\"ORIGINAL_DST\",\"typedExtensionProtocolOptions\":{\"envoy.extensions.upstreams.http.v3.HttpProtocolOptions\":{\"@type\":\"type.googleapis.com/envoy.extensions.upstreams.http.v3.HttpProtocolOptions\",\"commonHttpProtocolOptions\":{\"idleTimeout\":\"60s\",\"maxConnectionDuration\":\"0s\",\"maxRequestsPerConnection\":0},\"upstreamHttpProtocolOptions\":{},\"useDownstreamProtocolConfig\":{}}}},{\"connectTimeout\":\"2s\",\"loadAssignment\":{\"clusterName\":\"xds-grpc-cilium\",\"endpoints\":[{\"lbEndpoints\":[{\"endpoint\":{\"address\":{\"pipe\":{\"path\":\"/var/run/cilium/envoy/sockets/xds.sock\"}}}}]}]},\"name\":\"xds-grpc-cilium\",\"type\":\"STATIC\",\"typedExtensionProtocolOptions\":{\"envoy.extensions.upstreams.http.v3.HttpProtocolOptions\":{\"@type\":\"type.googleapis.com/envoy.extensions.upstreams.http.v3.HttpProtocolOptions\",\"explicitHttpConfig\":{\"http2ProtocolOptions\":{}}}}},{\"connectTimeout\":\"2s\",\"loadAssignment\":{\"clusterName\":\"/envoy-admin\",\"endpoints\":[{\"lbEndpoints\":[{\"endpoint\":{\"address\":{\"pipe\":{\"path\":\"/var/run/cilium/envoy/sockets/admin.sock\"}}}}]}]},\"name\":\"/envoy-admin\",\"type\":\"STATIC\"}],\"listeners\":[{\"address\":{\"socketAddress\":{\"address\":\"0.0.0.0\",\"portValue\":9964}},\"filterChains\":[{\"filters\":[{\"name\":\"envoy.filters.network.http_connection_manager\",\"typedConfig\":{\"@type\":\"type.googleapis.com/envoy.extensions.filters.network.http_connection_manager.v3.HttpConnectionManager\",\"httpFilters\":[{\"name\":\"envoy.filters.http.router\",\"typedConfig\":{\"@type\":\"type.googleapis.com/envoy.extensions.filters.http.router.v3.Router\"}}],\"internalAddressConfig\":{\"cidrRanges\":[{\"addressPrefix\":\"10.0.0.0\",\"prefixLen\":8},{\"addressPrefix\":\"172.16.0.0\",\"prefixLen\":12},{\"addressPrefix\":\"192.168.0.0\",\"prefixLen\":16},{\"addressPrefix\":\"127.0.0.1\",\"prefixLen\":32}]},\"routeConfig\":{\"virtualHosts\":[{\"domains\":[\"*\"],\"name\":\"prometheus_metrics_route\",\"routes\":[{\"match\":{\"prefix\":\"/metrics\"},\"name\":\"prometheus_metrics_route\",\"route\":{\"cluster\":\"/envoy-admin\",\"prefixRewrite\":\"/stats/prometheus\"}}]}]},\"statPrefix\":\"envoy-prometheus-metrics-listener\",\"streamIdleTimeout\":\"300s\"}}]}],\"name\":\"envoy-prometheus-metrics-listener\"},{\"address\":{\"socketAddress\":{\"address\":\"127.0.0.1\",\"portValue\":9878}},\"filterChains\":[{\"filters\":[{\"name\":\"envoy.filters.network.http_connection_manager\",\"typedConfig\":{\"@type\":\"type.googleapis.com/envoy.extensions.filters.network.http_connection_manager.v3.HttpConnectionManager\",\"httpFilters\":[{\"name\":\"envoy.filters.http.router\",\"typedConfig\":{\"@type\":\"type.googleapis.com/envoy.extensions.filters.http.router.v3.Router\"}}],\"internalAddressConfig\":{\"cidrRanges\":[{\"addressPrefix\":\"10.0.0.0\",\"prefixLen\":8},{\"addressPrefix\":\"172.16.0.0\",\"prefixLen\":12},{\"addressPrefix\":\"192.168.0.0\",\"prefixLen\":16},{\"addressPrefix\":\"127.0.0.1\",\"prefixLen\":32}]},\"routeConfig\":{\"virtual_hosts\":[{\"domains\":[\"*\"],\"name\":\"health\",\"routes\":[{\"match\":{\"prefix\":\"/healthz\"},\"name\":\"health\",\"route\":{\"cluster\":\"/envoy-admin\",\"prefixRewrite\":\"/ready\"}}]}]},\"statPrefix\":\"envoy-health-listener\",\"streamIdleTimeout\":\"300s\"}}]}],\"name\":\"envoy-health-listener\"}]}}\n","templates/cilium-envoy/daemonset.yaml":"---\n# Source: cilium/templates/cilium-envoy/daemonset.yaml\napiVersion: apps/v1\nkind: DaemonSet\nmetadata:\n  name: cilium-envoy\n  namespace: kube-system\n  labels:\n    k8s-app: cilium-envoy\n    app.kubernetes.io/part-of: cilium\n    app.kubernetes.io/name: cilium-envoy\n    name: cilium-envoy\nspec:\n  selector:\n    matchLabels:\n      k8s-app: cilium-envoy\n  \n  updateStrategy:\n    rollingUpdate:\n      maxUnavailable: 2\n    type: RollingUpdate\n  template:\n    metadata:\n      annotations:\n      labels:\n        k8s-app: cilium-envoy\n        name: cilium-envoy\n        app.kubernetes.io/name: cilium-envoy\n        app.kubernetes.io/part-of: cilium\n    spec:\n      securityContext:\n        appArmorProfile:\n          type: Unconfined\n      \n      containers:\n      - name: cilium-envoy\n        image: \"quay.io/cilium/cilium-envoy:v1.36.9-1782267392-edeb3f2af56c37c407efa1f63f0b32f595399bbc@sha256:767101fb8a5e38f055778cb43b7aa8eed80450b37f8121effac3d9de9e06dc99\"\n        imagePullPolicy: IfNotPresent\n        command:\n        - /usr/bin/cilium-envoy-starter\n        args:\n        - '--'\n        - '-c /var/run/cilium/envoy/bootstrap-config.json'\n        - '--base-id 0'\n        - '--log-level info'\n        \n        startupProbe:\n          httpGet:\n            host: \"127.0.0.1\"\n            path: /healthz\n            port: 9878\n            scheme: HTTP\n          failureThreshold: 105\n          periodSeconds: 2\n          successThreshold: 1\n          initialDelaySeconds: 5\n        livenessProbe:\n          httpGet:\n            host: \"127.0.0.1\"\n            path: /healthz\n            port: 9878\n            scheme: HTTP\n          periodSeconds: 30\n          successThreshold: 1\n          failureThreshold: 10\n          timeoutSeconds: 5\n        readinessProbe:\n          httpGet:\n            host: \"127.0.0.1\"\n            path: /healthz\n            port: 9878\n            scheme: HTTP\n          periodSeconds: 30\n          successThreshold: 1\n          failureThreshold: 3\n          timeoutSeconds: 5\n        env:\n        - name: K8S_NODE_NAME\n          valueFrom:\n            fieldRef:\n              apiVersion: v1\n              fieldPath: spec.nodeName\n        - name: CILIUM_K8S_NAMESPACE\n          valueFrom:\n            fieldRef:\n              apiVersion: v1\n              fieldPath: metadata.namespace\n        - name: KUBERNETES_SERVICE_HOST\n          value: \"127.0.0.1\"\n        - name: KUBERNETES_SERVICE_PORT\n          value: \"7445\"\n        \n        ports:\n        - name: envoy-metrics\n          containerPort: 9964\n          hostPort: 9964\n          protocol: TCP\n        securityContext:\n          seLinuxOptions:\n            level: s0\n            type: spc_t\n          capabilities:\n            add:\n              - NET_ADMIN\n              - SYS_ADMIN\n            drop:\n              - ALL\n        terminationMessagePolicy: FallbackToLogsOnError\n        volumeMounts:\n        - name: envoy-sockets\n          mountPath: /var/run/cilium/envoy/sockets\n          readOnly: false\n        - name: envoy-artifacts\n          mountPath: /var/run/cilium/envoy/artifacts\n          readOnly: true\n        - name: envoy-config\n          mountPath: /var/run/cilium/envoy/\n          readOnly: true\n        - name: bpf-maps\n          mountPath: /sys/fs/bpf\n          mountPropagation: HostToContainer\n        \n      restartPolicy: Always\n      priorityClassName: system-node-critical\n      serviceAccountName: \"cilium-envoy\"\n      automountServiceAccountToken: true\n      terminationGracePeriodSeconds: 1\n      hostNetwork: true\n      \n      affinity:\n        nodeAffinity:\n          requiredDuringSchedulingIgnoredDuringExecution:\n            nodeSelectorTerms:\n            - matchExpressions:\n              - key: cilium.io/no-schedule\n                operator: NotIn\n                values:\n                - \"true\"\n        podAffinity:\n          requiredDuringSchedulingIgnoredDuringExecution:\n          - labelSelector:\n              matchLabels:\n                k8s-app: cilium\n            topologyKey: kubernetes.io/hostname\n        podAntiAffinity:\n          requiredDuringSchedulingIgnoredDuringExecution:\n          - labelSelector:\n              matchLabels:\n                k8s-app: cilium-envoy\n            topologyKey: kubernetes.io/hostname\n      nodeSelector:\n        kubernetes.io/os: linux\n      tolerations:\n        - operator: Exists\n      volumes:\n      - name: envoy-sockets\n        hostPath:\n          path: \"/var/run/cilium/envoy/sockets\"\n          type: DirectoryOrCreate\n      - name: envoy-artifacts\n        hostPath:\n          path: \"/var/run/cilium/envoy/artifacts\"\n          type: DirectoryOrCreate\n      - name: envoy-config\n        configMap:\n          name: \"cilium-envoy-config\"\n          # note: the leading zero means this number is in octal representation: do not remove it\n          defaultMode: 0400\n          items:\n            - key: bootstrap-config.json\n              path: bootstrap-config.json\n        # To keep state between restarts / upgrades\n        # To keep state between restarts / upgrades for bpf maps\n      - name: bpf-maps\n        hostPath:\n          path: /sys/fs/bpf\n          type: DirectoryOrCreate\n","templates/cilium-envoy/service.yaml":"---\n# Source: cilium/templates/cilium-envoy/service.yaml\napiVersion: v1\nkind: Service\nmetadata:\n  name: cilium-envoy\n  namespace: kube-system\n  annotations:\n    prometheus.io/scrape: \"true\"\n    prometheus.io/port: \"9964\"\n  labels:\n    k8s-app: cilium-envoy\n    app.kubernetes.io/name: cilium-envoy\n    app.kubernetes.io/part-of: cilium\n    io.cilium/app: proxy\nspec:\n  clusterIP: None\n  type: ClusterIP\n  selector:\n    k8s-app: cilium-envoy\n  ports:\n  - name: envoy-metrics\n    port: 9964\n    protocol: TCP\n    targetPort: 9964\n","templates/cilium-envoy/serviceaccount.yaml":"---\n# Source: cilium/templates/cilium-envoy/serviceaccount.yaml\napiVersion: v1\nkind: ServiceAccount\nmetadata:\n  name: \"cilium-envoy\"\n  namespace: kube-system\n","templates/cilium-operator/clusterrole.yaml":"---\n# Source: cilium/templates/cilium-operator/clusterrole.yaml\napiVersion: rbac.authorization.k8s.io/v1\nkind: ClusterRole\nmetadata:\n  name: cilium-operator\n  labels:\n    app.kubernetes.io/part-of: cilium\nrules:\n- apiGroups:\n  - \"\"\n  resources:\n  - pods\n  verbs:\n  - get\n  - list\n  - watch\n  # to automatically delete [core|kube]dns pods so that are starting to being\n  # managed by Cilium\n  - delete\n- apiGroups:\n  - \"\"\n  resources:\n  - configmaps\n  resourceNames:\n  - cilium-config\n  verbs:\n   # allow patching of the configmap to set annotations\n  - patch\n- apiGroups:\n  - \"\"\n  resources:\n  - nodes\n  verbs:\n  - list\n  - watch\n- apiGroups:\n  - \"\"\n  resources:\n  # To remove node taints\n  - nodes\n  # To set NetworkUnavailable false on startup\n  - nodes/status\n  verbs:\n  - patch\n- apiGroups:\n  - discovery.k8s.io\n  resources:\n  - endpointslices\n  verbs:\n  - get\n  - list\n  - watch\n- apiGroups:\n  - \"\"\n  resources:\n  # to perform LB IP allocation for BGP\n  - services/status\n  verbs:\n  - update\n  - patch\n- apiGroups:\n  - \"\"\n  resources:\n  # to check apiserver connectivity\n  - namespaces\n  - secrets\n  verbs:\n  - get\n  - list\n  - watch\n- apiGroups:\n  - \"\"\n  resources:\n  # to perform the translation of a CNP that contains `ToGroup` to its endpoints\n  - services\n  - endpoints\n  verbs:\n  - get\n  - list\n  - watch\n- apiGroups:\n  - cilium.io\n  resources:\n  - ciliumnetworkpolicies\n  - ciliumclusterwidenetworkpolicies\n  verbs:\n  # Create auto-generated CNPs and CCNPs from Policies that have 'toGroups'\n  - create\n  - update\n  - deletecollection\n  # To update the status of the CNPs and CCNPs\n  - patch\n  - get\n  - list\n  - watch\n- apiGroups:\n  - cilium.io\n  resources:\n  - ciliumnetworkpolicies/status\n  - ciliumclusterwidenetworkpolicies/status\n  verbs:\n  # Update the auto-generated CNPs and CCNPs status.\n  - patch\n  - update\n- apiGroups:\n  - cilium.io\n  resources:\n  - ciliumendpoints\n  - ciliumidentities\n  verbs:\n  # To perform garbage collection of such resources\n  - delete\n  - list\n  - watch\n- apiGroups:\n  - cilium.io\n  resources:\n  - ciliumidentities\n  verbs:\n  # To synchronize garbage collection of such resources\n  - update\n- apiGroups:\n  - cilium.io\n  resources:\n  - ciliumnodes\n  verbs:\n  - create\n  - update\n  - get\n  - list\n  - watch\n    # To perform CiliumNode garbage collector\n  - delete\n- apiGroups:\n  - cilium.io\n  resources:\n  - ciliumnodes/status\n  verbs:\n  - update\n- apiGroups:\n  - cilium.io\n  resources:\n  - ciliumendpointslices\n  - ciliumenvoyconfigs\n  - ciliumbgppeerconfigs\n  - ciliumbgpadvertisements\n  - ciliumbgpnodeconfigs\n  verbs:\n  - create\n  - update\n  - get\n  - list\n  - watch\n  - delete\n  - patch\n- apiGroups:\n  - cilium.io\n  resources:\n  - ciliumbgpclusterconfigs/status\n  - ciliumbgppeerconfigs/status\n  verbs:\n  - update\n- apiGroups:\n  - apiextensions.k8s.io\n  resources:\n  - customresourcedefinitions\n  verbs:\n  - create\n  - get\n  - list\n  - watch\n- apiGroups:\n  - apiextensions.k8s.io\n  resources:\n  - customresourcedefinitions\n  verbs:\n  - update\n  resourceNames:\n  - ciliumloadbalancerippools.cilium.io\n  - ciliumbgpclusterconfigs.cilium.io\n  - ciliumbgppeerconfigs.cilium.io\n  - ciliumbgpadvertisements.cilium.io\n  - ciliumbgpnodeconfigs.cilium.io\n  - ciliumbgpnodeconfigoverrides.cilium.io\n  - ciliumclusterwideenvoyconfigs.cilium.io\n  - ciliumclusterwidenetworkpolicies.cilium.io\n  - ciliumegressgatewaypolicies.cilium.io\n  - ciliumendpoints.cilium.io\n  - ciliumendpointslices.cilium.io\n  - ciliumenvoyconfigs.cilium.io\n  - ciliumidentities.cilium.io\n  - ciliumlocalredirectpolicies.cilium.io\n  - ciliumnetworkpolicies.cilium.io\n  - ciliumnodes.cilium.io\n  - ciliumnodeconfigs.cilium.io\n  - ciliumcidrgroups.cilium.io\n  - ciliuml2announcementpolicies.cilium.io\n  - ciliumpodippools.cilium.io\n  - ciliumgatewayclassconfigs.cilium.io\n- apiGroups:\n  - cilium.io\n  resources:\n  - ciliumloadbalancerippools\n  - ciliumpodippools\n  - ciliumbgppeeringpolicies\n  - ciliumbgpclusterconfigs\n  - ciliumbgpnodeconfigoverrides\n  - ciliumbgppeerconfigs\n  verbs:\n  - get\n  - list\n  - watch\n- apiGroups:\n    - cilium.io\n  resources:\n    - ciliumpodippools\n  verbs:\n    - create\n- apiGroups:\n  - cilium.io\n  resources:\n  - ciliumloadbalancerippools/status\n  verbs:\n  - patch\n# For cilium-operator running in HA mode.\n#\n# Cilium operator running in HA mode requires the use of ResourceLock for Leader Election\n# between multiple running instances.\n# The preferred way of doing this is to use LeasesResourceLock as edits to Leases are less\n# common and fewer objects in the cluster watch \"all Leases\".\n- apiGroups:\n  - coordination.k8s.io\n  resources:\n  - leases\n  verbs:\n  - create\n  - get\n  - update\n- apiGroups:\n  - cilium.io\n  resources:\n  - ciliumendpointslices\n  verbs:\n  - deletecollection\n","templates/cilium-operator/clusterrolebinding.yaml":"---\n# Source: cilium/templates/cilium-operator/clusterrolebinding.yaml\napiVersion: rbac.authorization.k8s.io/v1\nkind: ClusterRoleBinding\nmetadata:\n  name: cilium-operator\n  labels:\n    app.kubernetes.io/part-of: cilium\nroleRef:\n  apiGroup: rbac.authorization.k8s.io\n  kind: ClusterRole\n  name: cilium-operator\nsubjects:\n- kind: ServiceAccount\n  name: \"cilium-operator\"\n  namespace: kube-system\n","templates/cilium-operator/deployment.yaml":"---\n# Source: cilium/templates/cilium-operator/deployment.yaml\napiVersion: apps/v1\nkind: Deployment\nmetadata:\n  name: cilium-operator\n  namespace: kube-system\n  labels:\n    io.cilium/app: operator\n    name: cilium-operator\n    app.kubernetes.io/part-of: cilium\n    app.kubernetes.io/name: cilium-operator\nspec:\n  # See docs on ServerCapabilities.LeasesResourceLock in file pkg/k8s/version/version.go\n  # for more details.\n  replicas: 1\n  selector:\n    matchLabels:\n      io.cilium/app: operator\n      name: cilium-operator\n  # ensure operator update on single node k8s clusters, by using rolling update with maxUnavailable=100% in case\n  # of one replica and no user configured Recreate strategy.\n  # otherwise an update might get stuck due to the default maxUnavailable=50% in combination with the\n  # podAntiAffinity which prevents deployments of multiple operator replicas on the same node.\n  strategy:\n    rollingUpdate:\n      maxSurge: 25%\n      maxUnavailable: 100%\n    type: RollingUpdate\n  template:\n    metadata:\n      annotations:\n        prometheus.io/port: \"9963\"\n        prometheus.io/scrape: \"true\"\n      labels:\n        io.cilium/app: operator\n        name: cilium-operator\n        app.kubernetes.io/part-of: cilium\n        app.kubernetes.io/name: cilium-operator\n    spec:\n      securityContext:\n        seccompProfile:\n          type: RuntimeDefault\n      containers:\n      - name: cilium-operator\n        image: \"quay.io/cilium/operator-generic:v1.19.6@sha256:0db4ca4e06969d8904ee036617795d0e9c3228cf7b8d902ba74fc2bb98d2d665\"\n        imagePullPolicy: IfNotPresent\n        command:\n        - cilium-operator-generic\n        args:\n        - --config-dir=/tmp/cilium/config-map\n        - --debug=$(CILIUM_DEBUG)\n        env:\n        - name: K8S_NODE_NAME\n          valueFrom:\n            fieldRef:\n              apiVersion: v1\n              fieldPath: spec.nodeName\n        - name: CILIUM_K8S_NAMESPACE\n          valueFrom:\n            fieldRef:\n              apiVersion: v1\n              fieldPath: metadata.namespace\n        - name: CILIUM_DEBUG\n          valueFrom:\n            configMapKeyRef:\n              key: debug\n              name: cilium-config\n              optional: true\n        - name: KUBERNETES_SERVICE_HOST\n          value: \"127.0.0.1\"\n        - name: KUBERNETES_SERVICE_PORT\n          value: \"7445\"\n        ports:\n        - name: health\n          containerPort: 9234\n          hostPort: 9234\n        - name: prometheus\n          containerPort: 9963\n          hostPort: 9963\n          protocol: TCP\n        livenessProbe:\n          httpGet:\n            host: \"127.0.0.1\"\n            path: /healthz\n            port: health\n            scheme: HTTP\n          initialDelaySeconds: 60\n          periodSeconds: 10\n          timeoutSeconds: 3\n        readinessProbe:\n          httpGet:\n            host: \"127.0.0.1\"\n            path: /healthz\n            port: health\n            scheme: HTTP\n          initialDelaySeconds: 0\n          periodSeconds: 5\n          timeoutSeconds: 3\n          failureThreshold: 5\n        volumeMounts:\n        - name: cilium-config-path\n          mountPath: /tmp/cilium/config-map\n          readOnly: true\n        \n        securityContext:\n          allowPrivilegeEscalation: false\n          capabilities:\n            drop:\n            - ALL\n        terminationMessagePolicy: FallbackToLogsOnError\n      hostNetwork: true\n      restartPolicy: Always\n      priorityClassName: system-cluster-critical\n      serviceAccountName: \"cilium-operator\"\n      automountServiceAccountToken: true\n      # In HA mode, cilium-operator pods must not be scheduled on the same\n      # node as they will clash with each other.\n      affinity:\n        podAntiAffinity:\n          requiredDuringSchedulingIgnoredDuringExecution:\n          - labelSelector:\n              matchLabels:\n                io.cilium/app: operator\n            topologyKey: kubernetes.io/hostname\n      nodeSelector:\n        kubernetes.io/os: linux\n      tolerations:\n        - key: node-role.kubernetes.io/control-plane\n          operator: Exists\n        - key: node-role.kubernetes.io/master\n          operator: Exists\n        - key: node.kubernetes.io/not-ready\n          operator: Exists\n        - key: node.cloudprovider.kubernetes.io/uninitialized\n          operator: Exists\n        - key: node.cilium.io/agent-not-ready\n          operator: Exists\n      \n      volumes:\n        # To read the configuration from the config map\n      - name: cilium-config-path\n        configMap:\n          name: cilium-config\n","templates/cilium-operator/role.yaml":"---\n# Source: cilium/templates/cilium-operator/role.yaml\napiVersion: rbac.authorization.k8s.io/v1\nkind: Role\nmetadata:\n  name: cilium-operator-tlsinterception-secrets\n  namespace: \"cilium-secrets\"\n  labels:\n    app.kubernetes.io/part-of: cilium\nrules:\n- apiGroups:\n  - \"\"\n  resources:\n  - secrets\n  verbs:\n  - create\n  - delete\n  - update\n  - patch\n---\n# Source: cilium/templates/cilium-operator/role.yaml\napiVersion: rbac.authorization.k8s.io/v1\nkind: Role\nmetadata:\n  name: cilium-operator-ztunnel\n  namespace: kube-system\n  labels:\n    app.kubernetes.io/part-of: cilium\nrules:\n# ZTunnel DaemonSet management permissions\n# Note: These permissions must always be granted (not conditional on encryption.type)\n# because the controller needs to clean up stale DaemonSets when ztunnel is disabled.\n- apiGroups:\n  - apps\n  resources:\n  - daemonsets\n  verbs:\n  - create\n  - delete\n  - get\n  - list\n  - watch\n","templates/cilium-operator/rolebinding.yaml":"---\n# Source: cilium/templates/cilium-operator/rolebinding.yaml\napiVersion: rbac.authorization.k8s.io/v1\nkind: RoleBinding\nmetadata:\n  name: cilium-operator-tlsinterception-secrets\n  namespace: \"cilium-secrets\"\n  labels:\n    app.kubernetes.io/part-of: cilium\nroleRef:\n  apiGroup: rbac.authorization.k8s.io\n  kind: Role\n  name: cilium-operator-tlsinterception-secrets\nsubjects:\n- kind: ServiceAccount\n  name: \"cilium-operator\"\n  namespace: kube-system\n---\n# Source: cilium/templates/cilium-operator/rolebinding.yaml\napiVersion: rbac.authorization.k8s.io/v1\nkind: RoleBinding\nmetadata:\n  name: cilium-operator-ztunnel\n  namespace: kube-system\n  labels:\n    app.kubernetes.io/part-of: cilium\nroleRef:\n  apiGroup: rbac.authorization.k8s.io\n  kind: Role\n  name: cilium-operator-ztunnel\nsubjects:\n- kind: ServiceAccount\n  name: \"cilium-operator\"\n  namespace: kube-system\n","templates/cilium-operator/serviceaccount.yaml":"---\n# Source: cilium/templates/cilium-operator/serviceaccount.yaml\napiVersion: v1\nkind: ServiceAccount\nmetadata:\n  name: \"cilium-operator\"\n  namespace: kube-system\n","templates/cilium-secrets-namespace.yaml":"---\n# Source: cilium/templates/cilium-secrets-namespace.yaml\napiVersion: v1\nkind: Namespace\nmetadata:\n  name: \"cilium-secrets\"\n  labels:\n    app.kubernetes.io/part-of: cilium\n  annotations:\n"},"name":"cilium","namespace":"kube-system","notes":"\n    You have successfully installed Cilium.\n\nYour release version is 1.19.6.\n\nFor any further help, visit https://docs.cilium.io/en/v1.19/gettinghelp\n","pass_credentials":null,"postrender":null,"render_subchart_notes":true,"replace":false,"repository":"https://helm.cilium.io","repository_ca_file":null,"repository_cert_file":null,"repository_key_file":null,"repository_password":null,"repository_username":null,"reset_values":false,"reuse_values":false,"set":[{"name":"bpf.masquerade","type":"","value":"false"},{"name":"cgroup.autoMount.enabled","type":"","value":"false"},{"name":"cgroup.hostRoot","type":"","value":"/sys/fs/cgroup"},{"name":"hubble.enabled","type":"","value":"false"},{"name":"ipam.mode","type":"","value":"kubernetes"},{"name":"ipv4NativeRoutingCIDR","type":"","value":"10.0.0.0/16"},{"name":"k8sServiceHost","type":"","value":"127.0.0.1"},{"name":"k8sServicePort","type":"","value":"7445"},{"name":"kubeProxyReplacement","type":"","value":"true"},{"name":"operator.replicas","type":"","value":"1"},{"name":"routingMode","type":"","value":"native"},{"name":"securityContext.capabilities.ciliumAgent","type":"","value":"{CHOWN,KILL,NET_ADMIN,NET_RAW,IPC_LOCK,SYS_ADMIN,SYS_RESOURCE,DAC_OVERRIDE,FOWNER,SETGID,SETUID}"},{"name":"securityContext.capabilities.cleanCiliumState","type":"","value":"{NET_ADMIN,SYS_ADMIN,SYS_RESOURCE}"}],"set_list":null,"set_sensitive":null,"set_string":null,"show_only":null,"skip_crds":false,"skip_tests":null,"timeout":300,"validate":false,"values":null,"verify":false,"version":"1.19.6","wait":true},"sensitive_values":{"crds":[],"manifests":{},"repository_password":true,"set":[{},{},{},{},{},{},{},{},{},{},{},{},{}]}},{"address":"data.helm_template.hcloud_ccm","mode":"data","type":"helm_template","name":"hcloud_ccm","provider_name":"registry.opentofu.org/hashicorp/helm","schema_version":0,"values":{"api_versions":null,"atomic":false,"chart":"hcloud-cloud-controller-manager","crds":[],"create_namespace":false,"dependency_update":false,"description":null,"devel":null,"disable_openapi_validation":false,"disable_webhooks":false,"id":"hcloud-cloud-controller-manager","include_crds":false,"is_upgrade":false,"keyring":null,"kube_version":"1.35.6","manifest":"[REDACTED]","manifests":{"templates/clusterrole.yml":"---\n# Source: hcloud-cloud-controller-manager/templates/clusterrole.yml\napiVersion: rbac.authorization.k8s.io/v1\nkind: ClusterRole\nmetadata:\n  name: \"system:hcloud-cloud-controller-manager\"\nrules:\n  - apiGroups:\n      - \"\"\n    resources:\n      - configmaps\n    verbs:\n      - get\n      - list\n      - watch\n  - apiGroups:\n      - \"\"\n    resources:\n      - events\n    verbs:\n      - create\n      - patch\n      - update\n  - apiGroups:\n      - \"\"\n    resources:\n      - nodes\n    verbs:\n      - \"*\"\n  - apiGroups:\n      - \"\"\n    resources:\n      - nodes/status\n    verbs:\n      - patch\n  - apiGroups:\n      - \"\"\n    resources:\n      - services\n    verbs:\n      - list\n      - watch\n  - apiGroups:\n      - \"\"\n    resources:\n      - services/status\n    verbs:\n      - patch\n      - update\n  - apiGroups:\n      - \"\"\n    resources:\n      - serviceaccounts\n    verbs:\n      - create\n  - apiGroups:\n      - coordination.k8s.io\n    resources:\n      - leases\n    verbs:\n      - create\n      - get\n      - list\n      - watch\n      - update\n","templates/clusterrolebinding.yaml":"---\n# Source: hcloud-cloud-controller-manager/templates/clusterrolebinding.yaml\nkind: ClusterRoleBinding\napiVersion: rbac.authorization.k8s.io/v1\nmetadata:\n  # The prefix \":restricted\" originates from removing the cluster-admin role from HCCM.\n  # Renaming the ClusterRoleBinding makes the migration easier for users.\n  name: \"system:hcloud-cloud-controller-manager:restricted\"\nroleRef:\n  apiGroup: rbac.authorization.k8s.io\n  kind: ClusterRole\n  name: \"system:hcloud-cloud-controller-manager\"\nsubjects:\n  - kind: ServiceAccount\n    name: hcloud-cloud-controller-manager\n    namespace: kube-system\n","templates/deployment.yaml":"---\n# Source: hcloud-cloud-controller-manager/templates/deployment.yaml\napiVersion: apps/v1\nkind: Deployment\nmetadata:\n  name: hcloud-cloud-controller-manager\n  namespace: kube-system\nspec:\n  replicas: 1\n  revisionHistoryLimit: 2\n  selector:\n    matchLabels:\n      app.kubernetes.io/instance: 'hcloud-cloud-controller-manager'\n      app.kubernetes.io/name: 'hcloud-cloud-controller-manager'\n  template:\n    metadata:\n      labels:\n        app.kubernetes.io/instance: 'hcloud-cloud-controller-manager'\n        app.kubernetes.io/name: 'hcloud-cloud-controller-manager'\n    spec:\n      serviceAccountName: hcloud-cloud-controller-manager\n      securityContext:\n        runAsGroup: 65532\n        runAsNonRoot: true\n        runAsUser: 65532\n        seccompProfile:\n          type: RuntimeDefault\n      dnsPolicy: Default\n      tolerations:\n        # Allow HCCM itself to schedule on nodes that have not yet been initialized by HCCM.\n        - key: \"node.cloudprovider.kubernetes.io/uninitialized\"\n          value: \"true\"\n          effect: \"NoSchedule\"\n        - key: \"CriticalAddonsOnly\"\n          operator: \"Exists\"\n\n        # Allow HCCM to schedule on control plane nodes.\n        - key: \"node-role.kubernetes.io/master\"\n          effect: NoSchedule\n          operator: Exists\n        - key: \"node-role.kubernetes.io/control-plane\"\n          effect: NoSchedule\n          operator: Exists\n\n        - key: \"node.kubernetes.io/not-ready\"\n          effect: \"NoExecute\"\n      hostNetwork: true\n      containers:\n        - name: hcloud-cloud-controller-manager\n          securityContext:\n            allowPrivilegeEscalation: false\n            capabilities:\n              drop:\n              - ALL\n            readOnlyRootFilesystem: true\n          args:\n            - \"--allow-untagged-cloud\"\n            - \"--cloud-provider=hcloud\"\n            - \"--feature-gates=CloudControllerManagerWatchBasedRoutesReconciliation=true\"\n            - \"--route-reconciliation-period=30s\"\n            - \"--webhook-secure-port=0\"\n            - \"--allocate-node-cidrs=true\"\n            - \"--cluster-cidr=10.0.128.0/17\"\n            - \"--leader-elect=false\"\n          env:\n            - name: HCLOUD_TOKEN\n              valueFrom:\n                secretKeyRef:[REDACTED]                  key: token\n                  name: hcloud\n            - name: ROBOT_PASSWORD\n              valueFrom:\n                secretKeyRef:[REDACTED]                  key: robot-password\n                  name: hcloud\n                  optional: true\n            - name: ROBOT_USER\n              valueFrom:\n                secretKeyRef:[REDACTED]                  key: robot-user\n                  name: hcloud\n                  optional: true\n            - name: HCLOUD_NETWORK\n              valueFrom:\n                secretKeyRef:[REDACTED]                  key: network\n                  name: hcloud\n          image: docker.io/hetznercloud/hcloud-cloud-controller-manager:v1.34.0 # x-releaser-pleaser-version\n          ports:\n            - name: metrics\n              containerPort: 8233\n          resources:\n            requests:\n              cpu: 100m\n              memory: 50Mi\n      priorityClassName: \"system-cluster-critical\"\n","templates/serviceaccount.yaml":"---\n# Source: hcloud-cloud-controller-manager/templates/serviceaccount.yaml\napiVersion: v1\nkind: ServiceAccount\nmetadata:\n  name: hcloud-cloud-controller-manager\n  namespace: kube-system\n"},"name":"hcloud-cloud-controller-manager","namespace":"kube-system","notes":"\n","pass_credentials":null,"postrender":null,"render_subchart_notes":true,"replace":false,"repository":"https://charts.hetzner.cloud","repository_ca_file":null,"repository_cert_file":null,"repository_key_file":null,"repository_password":null,"repository_username":null,"reset_values":false,"reuse_values":false,"set":[{"name":"networking.clusterCIDR","type":"","value":"10.0.128.0/17"},{"name":"networking.enabled","type":"","value":"true"}],"set_list":null,"set_sensitive":null,"set_string":null,"show_only":null,"skip_crds":false,"skip_tests":null,"timeout":300,"validate":false,"values":null,"verify":false,"version":"1.34.0","wait":true},"sensitive_values":{"crds":[],"manifests":{},"repository_password":true,"set":[{},{}]}},{"address":"data.helm_template.hcloud_csi","mode":"data","type":"helm_template","name":"hcloud_csi","provider_name":"registry.opentofu.org/hashicorp/helm","schema_version":0,"values":{"api_versions":null,"atomic":false,"chart":"hcloud-csi","crds":[],"create_namespace":false,"dependency_update":false,"description":null,"devel":null,"disable_openapi_validation":false,"disable_webhooks":false,"id":"hcloud-csi","include_crds":false,"is_upgrade":false,"keyring":null,"kube_version":"1.35.6","manifest":"[REDACTED]","manifests":{"templates/controller/clusterrole.yaml":"---\n# Source: hcloud-csi/templates/controller/clusterrole.yaml\nkind: ClusterRole\napiVersion: rbac.authorization.k8s.io/v1\nmetadata:\n  name: hcloud-csi-controller\n  labels:\n    app.kubernetes.io/name: hcloud-csi\n    helm.sh/chart: hcloud-csi-2.22.0\n    app.kubernetes.io/instance: hcloud-csi\n    app.kubernetes.io/managed-by: Helm\n    app.kubernetes.io/component: controller\nrules:\n  # attacher\n  - apiGroups: [\"\"]\n    resources: [persistentvolumes]\n    verbs: [get, list, watch, update, patch]\n  - apiGroups: [\"\"]\n    resources: [nodes]\n    verbs: [get, list, watch]\n  - apiGroups: [csi.storage.k8s.io]\n    resources: [csinodeinfos]\n    verbs: [get, list, watch]\n  - apiGroups: [storage.k8s.io]\n    resources: [csinodes]\n    verbs: [get, list, watch]\n  - apiGroups: [storage.k8s.io]\n    resources: [volumeattachments]\n    verbs: [get, list, watch, update, patch]\n  - apiGroups: [storage.k8s.io]\n    resources: [volumeattachments/status]\n    verbs: [patch]\n  # provisioner\n  - apiGroups: [\"\"]\n    resources: [persistentvolumes]\n    verbs: [get, list, watch, create, delete, patch]\n  - apiGroups: [\"\"]\n    resources: [persistentvolumeclaims, persistentvolumeclaims/status]\n    verbs: [get, list, watch, update, patch]\n  - apiGroups: [storage.k8s.io]\n    resources: [storageclasses]\n    verbs: [get, list, watch]\n  - apiGroups: [\"\"]\n    resources: [events]\n    verbs: [list, watch, create, update, patch]\n  - apiGroups: [snapshot.storage.k8s.io]\n    resources: [volumesnapshots]\n    verbs: [get, list]\n  - apiGroups: [snapshot.storage.k8s.io]\n    resources: [volumesnapshotcontents]\n    verbs: [get, list]\n  # resizer\n  - apiGroups: [\"\"]\n    resources: [pods]\n    verbs: [get, list, watch]\n  - apiGroups: [\"storage.k8s.io\"]\n    resources: [\"volumeattributesclasses\"]\n    verbs: [\"get\", \"list\", \"watch\"]\n  # node\n  - apiGroups: [\"\"]\n    resources: [events]\n    verbs: [get, list, watch, create, update, patch]\n","templates/controller/clusterrolebinding.yaml":"---\n# Source: hcloud-csi/templates/controller/clusterrolebinding.yaml\nkind: ClusterRoleBinding\napiVersion: rbac.authorization.k8s.io/v1\nmetadata:\n  name: hcloud-csi-controller\n  labels:\n    app.kubernetes.io/name: hcloud-csi\n    helm.sh/chart: hcloud-csi-2.22.0\n    app.kubernetes.io/instance: hcloud-csi\n    app.kubernetes.io/managed-by: Helm\n    app.kubernetes.io/component: controller\nroleRef:\n  apiGroup: rbac.authorization.k8s.io\n  kind: ClusterRole\n  name: hcloud-csi-controller\nsubjects:\n  - kind: ServiceAccount\n    name: hcloud-csi-controller\n    namespace: \"kube-system\"\n","templates/controller/deployment.yaml":"---\n# Source: hcloud-csi/templates/controller/deployment.yaml\napiVersion: apps/v1\nkind: Deployment\nmetadata:\n  name: hcloud-csi-controller\n  namespace: \"kube-system\"\n  labels:\n    app.kubernetes.io/name: hcloud-csi\n    helm.sh/chart: hcloud-csi-2.22.0\n    app.kubernetes.io/instance: hcloud-csi\n    app.kubernetes.io/managed-by: Helm\n    app.kubernetes.io/component: controller\n    app: hcloud-csi-controller\nspec:\n  replicas: 1\n  strategy:\n    type: RollingUpdate\n  selector:\n    matchLabels:\n      app.kubernetes.io/name: hcloud-csi\n      app.kubernetes.io/instance: hcloud-csi\n      app.kubernetes.io/component: controller\n  template:\n    metadata:\n      labels:\n        app.kubernetes.io/name: hcloud-csi\n        helm.sh/chart: hcloud-csi-2.22.0\n        app.kubernetes.io/instance: hcloud-csi\n        app.kubernetes.io/managed-by: Helm\n        app.kubernetes.io/component: controller\n    spec:\n      serviceAccountName: hcloud-csi-controller\n      \n      affinity:\n        nodeAffinity:\n          preferredDuringSchedulingIgnoredDuringExecution:\n          - preference:\n              matchExpressions:\n              - key: instance.hetzner.cloud/provided-by\n                operator: In\n                values:\n                - cloud\n            weight: 1\n      securityContext:\n        fsGroup: 1001\n      initContainers:\n      containers:\n        - name: hcloud-csi-driver\n          image: docker.io/hetznercloud/hcloud-csi-driver:v2.22.0 # x-releaser-pleaser-version\n          imagePullPolicy: IfNotPresent\n          args:\n            - -controller\n          env:\n            - name: CSI_ENDPOINT\n              value: unix:///run/csi/socket\n            - name: HCLOUD_VOLUME_EXTRA_LABELS\n              value: \"alethia_project-id=e2e-fb08050640,cluster=e2e-hetzner-08050640-fb08050640\"\n            - name: ENABLE_METRICS\n              value: \"false\"\n            - name: KUBE_NODE_NAME\n              valueFrom:\n                fieldRef:\n                  apiVersion: v1\n                  fieldPath: spec.nodeName\n            - name: HCLOUD_TOKEN\n              valueFrom:\n                secretKeyRef:[REDACTED]                  name: hcloud\n                  key: token\n          resources:\n            limits: {}\n            requests: {}\n          ports:\n            - name: healthz\n              protocol: TCP\n              containerPort: 9808\n          livenessProbe:\n            failureThreshold: 5\n            initialDelaySeconds: 10\n            periodSeconds: 2\n            successThreshold: 1\n            timeoutSeconds: 3\n            httpGet:\n              path: /healthz\n              port: healthz\n          volumeMounts:\n            - name: socket-dir\n              mountPath: /run/csi\n        - name: csi-attacher\n          image: registry.k8s.io/sig-storage/csi-attacher:v4.11.0\n          imagePullPolicy: IfNotPresent\n          resources:\n            limits: {}\n            requests: {}\n          args:\n            - --default-fstype=ext4\n          volumeMounts:\n          - name: socket-dir\n            mountPath: /run/csi\n\n        - name: csi-resizer\n          image: registry.k8s.io/sig-storage/csi-resizer:v2.1.0\n          imagePullPolicy: IfNotPresent\n          resources:\n            limits: {}\n            requests: {}\n          volumeMounts:\n          - name: socket-dir\n            mountPath: /run/csi\n\n        - name: csi-provisioner\n          image: registry.k8s.io/sig-storage/csi-provisioner:v6.2.0\n          imagePullPolicy: IfNotPresent\n          resources:\n            limits: {}\n            requests: {}\n          args:\n            - --feature-gates=Topology=true\n            - --default-fstype=ext4\n            - --extra-create-metadata\n          volumeMounts:\n          - name: socket-dir\n            mountPath: /run/csi\n\n        - name: liveness-probe\n          image: registry.k8s.io/sig-storage/livenessprobe:v2.18.0\n          imagePullPolicy: IfNotPresent\n          resources:\n            limits: {}\n            requests: {}\n          volumeMounts:\n          - mountPath: /run/csi\n            name: socket-dir\n\n      volumes:\n        - name: socket-dir\n          emptyDir: {}\n","templates/controller/serviceaccount.yaml":"---\n# Source: hcloud-csi/templates/controller/serviceaccount.yaml\napiVersion: v1\nkind: ServiceAccount\nmetadata:\n  name: hcloud-csi-controller\n  namespace: \"kube-system\"\n  labels:\n    app.kubernetes.io/name: hcloud-csi\n    helm.sh/chart: hcloud-csi-2.22.0\n    app.kubernetes.io/instance: hcloud-csi\n    app.kubernetes.io/managed-by: Helm\n    app.kubernetes.io/component: controller\nautomountServiceAccountToken: true\n","templates/core/csidriver.yaml":"---\n# Source: hcloud-csi/templates/core/csidriver.yaml\napiVersion: storage.k8s.io/v1\nkind: CSIDriver\nmetadata:\n  name: csi.hetzner.cloud\nspec:\n  attachRequired: true\n  fsGroupPolicy: File\n  podInfoOnMount: true\n  seLinuxMount: true\n  volumeLifecycleModes:\n  - Persistent\n","templates/core/storageclass.yaml":"---\n# Source: hcloud-csi/templates/core/storageclass.yaml\nkind: StorageClass\napiVersion: storage.k8s.io/v1\nmetadata:\n  name: hcloud-volumes\n  annotations:\n    storageclass.kubernetes.io/is-default-class: \"true\"\nprovisioner: csi.hetzner.cloud\nvolumeBindingMode: WaitForFirstConsumer\nallowVolumeExpansion: true\nreclaimPolicy: \"Delete\"\n","templates/node/daemonset.yaml":"---\n# Source: hcloud-csi/templates/node/daemonset.yaml\napiVersion: apps/v1\nkind: DaemonSet\nmetadata:\n  name: hcloud-csi-node\n  namespace: \"kube-system\"\n  labels:\n    app.kubernetes.io/name: hcloud-csi\n    helm.sh/chart: hcloud-csi-2.22.0\n    app.kubernetes.io/instance: hcloud-csi\n    app.kubernetes.io/managed-by: Helm\n    app.kubernetes.io/component: node\n    app: hcloud-csi\nspec:\n  updateStrategy:\n    type: RollingUpdate\n  selector:\n    matchLabels:\n      app.kubernetes.io/name: hcloud-csi\n      app.kubernetes.io/instance: hcloud-csi\n      app.kubernetes.io/component: node\n  template:\n    metadata:\n      labels:\n        app.kubernetes.io/name: hcloud-csi\n        helm.sh/chart: hcloud-csi-2.22.0\n        app.kubernetes.io/instance: hcloud-csi\n        app.kubernetes.io/managed-by: Helm\n        app.kubernetes.io/component: node\n    spec:\n      \n      affinity:\n        nodeAffinity:\n          requiredDuringSchedulingIgnoredDuringExecution:\n            nodeSelectorTerms:\n            - matchExpressions:\n              - key: instance.hetzner.cloud/is-root-server\n                operator: NotIn\n                values:\n                - \"true\"\n              - key: instance.hetzner.cloud/provided-by\n                operator: NotIn\n                values:\n                - robot\n      tolerations:\n        - effect: NoExecute\n          operator: Exists\n        - effect: NoSchedule\n          operator: Exists\n        - key: CriticalAddonsOnly\n          operator: Exists\n      securityContext:\n        fsGroup: 1001\n      initContainers:\n      containers:\n        - name: csi-node-driver-registrar\n          image: registry.k8s.io/sig-storage/csi-node-driver-registrar:v2.16.0\n          imagePullPolicy: IfNotPresent\n          args:\n            - --kubelet-registration-path=/var/lib/kubelet/plugins/csi.hetzner.cloud/socket\n          volumeMounts:\n            - name: plugin-dir\n              mountPath: /run/csi\n            - name: registration-dir\n              mountPath: /registration\n          resources:\n            limits: {}\n            requests: {}\n        - name: liveness-probe\n          image: registry.k8s.io/sig-storage/livenessprobe:v2.18.0\n          imagePullPolicy: IfNotPresent\n          volumeMounts:\n          - mountPath: /run/csi\n            name: plugin-dir\n          resources:\n            limits: {}\n            requests: {}\n        - name: hcloud-csi-driver\n          image: docker.io/hetznercloud/hcloud-csi-driver:v2.22.0 # x-releaser-pleaser-version\n          imagePullPolicy: IfNotPresent\n          args:\n            - -node\n          volumeMounts:\n            - name: kubelet-dir\n              mountPath: /var/lib/kubelet\n              mountPropagation: \"Bidirectional\"\n            - name: plugin-dir\n              mountPath: /run/csi\n            - name: device-dir\n              mountPath: /dev\n          securityContext:\n            privileged: true\n          env:\n            - name: CSI_ENDPOINT\n              value: unix:///run/csi/socket\n            - name: ENABLE_METRICS\n              value: \"false\"\n          ports:\n            - name: healthz\n              protocol: TCP\n              containerPort: 9808\n          resources:\n            limits: {}\n            requests: {}\n          livenessProbe:\n            failureThreshold: 5\n            initialDelaySeconds: 10\n            periodSeconds: 2\n            successThreshold: 1\n            timeoutSeconds: 3\n            httpGet:\n              path: /healthz\n              port: healthz\n      volumes:\n        - name: kubelet-dir\n          hostPath:\n            path: /var/lib/kubelet\n            type: Directory\n        - name: plugin-dir\n          hostPath:\n            path: /var/lib/kubelet/plugins/csi.hetzner.cloud/\n            type: DirectoryOrCreate\n        - name: registration-dir\n          hostPath:\n            path: /var/lib/kubelet/plugins_registry/\n            type: Directory\n        - name: device-dir\n          hostPath:\n            path: /dev\n            type: Directory\n"},"name":"hcloud-csi","namespace":"kube-system","notes":"","pass_credentials":null,"postrender":null,"render_subchart_notes":true,"replace":false,"repository":"https://charts.hetzner.cloud","repository_ca_file":null,"repository_cert_file":null,"repository_key_file":null,"repository_password":null,"repository_username":null,"reset_values":false,"reuse_values":false,"set":[{"name":"controller.hcloudToken.existingSecret.key","type":"","value":"token"},{"name":"controller.hcloudToken.existingSecret.name","type":"","value":"hcloud"},{"name":"storageClasses[0].defaultStorageClass","type":"","value":"true"},{"name":"storageClasses[0].name","type":"","value":"hcloud-volumes"},{"name":"storageClasses[0].reclaimPolicy","type":"","value":"Delete"}],"set_list":null,"set_sensitive":null,"set_string":null,"show_only":null,"skip_crds":false,"skip_tests":null,"timeout":300,"validate":false,"values":["\"controller\":\n  \"volumeExtraLabels\":\n    \"alethia_project-id\": \"e2e-fb08050640\"\n    \"cluster\": \"e2e-hetzner-08050640-fb08050640\"\n"],"verify":false,"version":"2.22.0","wait":true},"sensitive_values":{"crds":[],"manifests":{},"repository_password":true,"set":[{},{},{},{},{}],"values":[false]}},{"address":"data.talos_image_factory_extensions_versions.this","mode":"data","type":"talos_image_factory_extensions_versions","name":"this","provider_name":"registry.opentofu.org/siderolabs/talos","schema_version":0,"values":{"exact_filters":null,"extensions_info":[{"author":"Markus Reiter","description":"[extra] This system extension provides the QEMU Guest Agent service.\n","digest":"sha256:a768609e7ffe215400ab61c2adea0bb809b76a7bf69ea4eb05b95b2bfbfc1f8d","name":"siderolabs/qemu-guest-agent","ref":"ghcr.io/siderolabs/qemu-guest-agent:11.0.1"}],"filters":{"names":["siderolabs/qemu-guest-agent"]},"id":"extensions_info","talos_version":"v1.13.6"},"sensitive_values":{"extensions_info":[{}],"filters":{"names":[false]}}}]}}},"configuration":{"provider_config":{"hcloud":{"name":"hcloud","full_name":"registry.opentofu.org/hetznercloud/hcloud","version_constraint":"\u003e= 1.56.0, \u003c 2.0.0","expressions":{"poll_interval":{"constant_value":"5s"}}},"helm":{"name":"helm","full_name":"registry.opentofu.org/hashicorp/helm","version_constraint":"\u003e= 2.12.0, \u003c 3.0.0"},"imager":{"name":"imager","full_name":"registry.opentofu.org/hcloud-talos/imager","version_constraint":"\u003e= 1.0.0, \u003c 2.0.0"},"minio":{"name":"minio","full_name":"registry.opentofu.org/aminueza/minio","version_constraint":"~\u003e 3.3","expressions":{"minio_password":{"references":["var.hetzner_s3_secret_key"]},"minio_region":{"references":["var.hetzner_s3_region"]},"minio_server":{"references":["var.hetzner_s3_endpoint"]},"minio_ssl":{"constant_value":true},"minio_user":{"references":["var.hetzner_s3_access_key"]},"s3_compat_mode":{"constant_value":true}}},"talos":{"name":"talos","full_name":"registry.opentofu.org/siderolabs/talos","version_constraint":"\u003e= 0.11.0, \u003c 0.13.0"},"terraform":{"name":"terraform","full_name":"terraform.io/builtin/terraform"}},"root_module":{"outputs":{"bootstrap_manifests":{"sensitive":true,"expression":{"references":["local.bootstrap_manifests"]},"description":"CNI + cloud-integration manifests (hcloud Secret -\u003e Cilium -\u003e hcloud-CCM -\u003e hcloud-CSI), rendered offline. The runner applies these post-apply (kubectl apply) before the reachability gate: Talos is CNI=none, so nodes stay NotReady until this is applied. Emitted as an output (not applied in-tofu) to keep 'tofu plan -out' resolvable and stay under Hetzner's 32 KiB cloud-init user_data limit."},"bucket_endpoints":{"expression":{"references":["minio_s3_bucket.bucket","var.hetzner_s3_endpoint"]},"description":"Per-bucket S3 endpoint URLs (https://\u003cendpoint\u003e/\u003cbucket\u003e)."},"bucket_names":{"expression":{"references":["minio_s3_bucket.bucket"]},"description":"Provisioned Object Storage bucket names (namespaced by cluster). Empty when no buckets were requested."},"dns_name_servers":{"expression":{"references":["hcloud_zone.this","hcloud_zone.this[0].authoritative_nameservers.assigned","hcloud_zone.this[0].authoritative_nameservers","hcloud_zone.this[0]","hcloud_zone.this"]},"description":"Authoritative name servers for the created zone (delegate these at the registrar); empty when using an existing zone."},"dns_zone_id":{"expression":{"references":["hcloud_zone.this","hcloud_zone.this[0].id","hcloud_zone.this[0]","hcloud_zone.this","var.dns_hosted_zone"]},"description":"The hcloud DNS zone id (created in-template when cloud_dns_enabled, else the existing dns_hosted_zone)."},"kubeconfig":{"sensitive":true,"expression":{"references":["talos_cluster_kubeconfig.this.kubeconfig_raw","talos_cluster_kubeconfig.this"]},"description":"Raw kubeconfig for the cluster."},"network_id":{"expression":{"references":["local.network_id"]},"description":"The private network the cluster is attached to — created here when provision_network is true, otherwise the existing one named by var.network_id."},"talos_cluster_endpoint":{"expression":{"references":["local.cluster_endpoint"]},"description":"Kubernetes API endpoint URL (https://\u003ccontrol-plane-ip\u003e:6443)."},"talos_cluster_name":{"expression":{"references":["local.cluster_name"]},"description":"Cluster name (project-environment). The pipeline configures kubeconfig only when this is non-empty."},"talosconfig":{"sensitive":true,"expression":{"references":["data.talos_client_configuration.this.talos_config","data.talos_client_configuration.this"]},"description":"Talos client configuration (talosconfig)."}},"resources":[{"address":"hcloud_firewall.this","mode":"managed","type":"hcloud_firewall","name":"this","provider_config_key":"hcloud","expressions":{"labels":{"references":["local.default_labels"]},"name":{"references":["local.cluster_name"]},"rule":[{"description":{"constant_value":"Talos apid"},"direction":{"constant_value":"in"},"port":{"constant_value":"50000"},"protocol":{"constant_value":"tcp"},"source_ips":{"constant_value":["0.0.0.0/0","::/0"]}},{"description":{"constant_value":"Talos apid (trustd)"},"direction":{"constant_value":"in"},"port":{"constant_value":"50001"},"protocol":{"constant_value":"tcp"},"source_ips":{"constant_value":["0.0.0.0/0","::/0"]}},{"description":{"constant_value":"Kubernetes API server"},"direction":{"constant_value":"in"},"port":{"constant_value":"6443"},"protocol":{"constant_value":"tcp"},"source_ips":{"constant_value":["0.0.0.0/0","::/0"]}},{"description":{"constant_value":"Intra-cluster TCP (private network)"},"direction":{"constant_value":"in"},"port":{"constant_value":"any"},"protocol":{"constant_value":"tcp"},"source_ips":{"references":["local.network_ip_range"]}},{"description":{"constant_value":"Intra-cluster UDP (private network)"},"direction":{"constant_value":"in"},"port":{"constant_value":"any"},"protocol":{"constant_value":"udp"},"source_ips":{"references":["local.network_ip_range"]}},{"description":{"constant_value":"Intra-cluster ICMP (private network)"},"direction":{"constant_value":"in"},"protocol":{"constant_value":"icmp"},"source_ips":{"references":["local.network_ip_range"]}}]},"schema_version":0},{"address":"hcloud_network.this","mode":"managed","type":"hcloud_network","name":"this","provider_config_key":"hcloud","expressions":{"ip_range":{"references":["var.network_cidr"]},"labels":{"references":["local.default_labels"]},"name":{"references":["local.cluster_name"]}},"schema_version":0,"count_expression":{"references":["var.provision_network"]}},{"address":"hcloud_network_subnet.nodes","mode":"managed","type":"hcloud_network_subnet","name":"nodes","provider_config_key":"hcloud","expressions":{"ip_range":{"references":["local.node_subnet_cidr"]},"network_id":{"references":["local.network_id"]},"network_zone":{"references":["data.hcloud_location.selected.network_zone","data.hcloud_location.selected"]},"type":{"constant_value":"cloud"}},"schema_version":0},{"address":"hcloud_primary_ip.control_plane_ipv4","mode":"managed","type":"hcloud_primary_ip","name":"control_plane_ipv4","provider_config_key":"hcloud","expressions":{"auto_delete":{"constant_value":false},"labels":{"references":["local.default_labels"]},"location":{"references":["data.hcloud_location.selected.name","data.hcloud_location.selected"]},"name":{"references":["local.cluster_name","count.index"]},"type":{"constant_value":"ipv4"}},"schema_version":0,"count_expression":{"references":["var.control_plane_count"]}},{"address":"hcloud_primary_ip.worker_ipv4","mode":"managed","type":"hcloud_primary_ip","name":"worker_ipv4","provider_config_key":"hcloud","expressions":{"auto_delete":{"constant_value":false},"labels":{"references":["local.default_labels"]},"location":{"references":["data.hcloud_location.selected.name","data.hcloud_location.selected"]},"name":{"references":["local.cluster_name","count.index"]},"type":{"constant_value":"ipv4"}},"schema_version":0,"count_expression":{"references":["var.worker_count"]}},{"address":"hcloud_server.control_planes","mode":"managed","type":"hcloud_server","name":"control_planes","provider_config_key":"hcloud","expressions":{"firewall_ids":{"references":["hcloud_firewall.this.id","hcloud_firewall.this"]},"image":{"references":["each.value.image_id","each.value"]},"labels":{"references":["local.default_labels"]},"location":{"references":["data.hcloud_location.selected.name","data.hcloud_location.selected"]},"name":{"references":["each.key"]},"network":[{"ip":{"references":["each.value.private_ip","each.value"]},"network_id":{"references":["local.network_id"]}}],"public_net":[{"ipv4":{"references":["hcloud_primary_ip.control_plane_ipv4","each.value.index","each.value"]},"ipv4_enabled":{"constant_value":true},"ipv6_enabled":{"constant_value":true}}],"server_type":{"references":["each.value.server_type","each.value"]},"user_data":{"references":["data.talos_machine_configuration.control_plane.machine_configuration","data.talos_machine_configuration.control_plane"]}},"schema_version":0,"for_each_expression":{"references":["local.control_planes"]},"depends_on":["hcloud_network_subnet.nodes"]},{"address":"hcloud_server.workers","mode":"managed","type":"hcloud_server","name":"workers","provider_config_key":"hcloud","expressions":{"firewall_ids":{"references":["hcloud_firewall.this.id","hcloud_firewall.this"]},"image":{"references":["each.value.image_id","each.value"]},"labels":{"references":["local.default_labels"]},"location":{"references":["data.hcloud_location.selected.name","data.hcloud_location.selected"]},"name":{"references":["each.key"]},"network":[{"ip":{"references":["each.value.private_ip","each.value"]},"network_id":{"references":["local.network_id"]}}],"public_net":[{"ipv4":{"references":["hcloud_primary_ip.worker_ipv4","each.value.index","each.value"]},"ipv4_enabled":{"constant_value":true},"ipv6_enabled":{"constant_value":true}}],"server_type":{"references":["each.value.server_type","each.value"]},"user_data":{"references":["data.talos_machine_configuration.worker.machine_configuration","data.talos_machine_configuration.worker"]}},"schema_version":0,"for_each_expression":{"references":["local.workers"]},"depends_on":["hcloud_network_subnet.nodes"]},{"address":"hcloud_zone.this","mode":"managed","type":"hcloud_zone","name":"this","provider_config_key":"hcloud","expressions":{"labels":{"references":["local.default_labels"]},"mode":{"constant_value":"primary"},"name":{"references":["var.dns_main_domain"]},"ttl":{"references":["var.dns_zone_ttl"]}},"schema_version":0,"count_expression":{"references":["var.cloud_dns_enabled","var.dns_provider"]}},{"address":"imager_image.amd64","mode":"managed","type":"imager_image","name":"amd64","provider_config_key":"imager","expressions":{"architecture":{"constant_value":"x86"},"description":{"references":["local.cluster_name","var.talos_version"]},"image_url":{"references":["data.talos_image_factory_urls.amd64[0].urls.disk_image","data.talos_image_factory_urls.amd64[0].urls","data.talos_image_factory_urls.amd64[0]","data.talos_image_factory_urls.amd64"]},"labels":{"references":["local.default_labels"]},"location":{"references":["var.region"]}},"schema_version":0,"count_expression":{"references":["local.need_amd64"]}},{"address":"imager_image.arm64","mode":"managed","type":"imager_image","name":"arm64","provider_config_key":"imager","expressions":{"architecture":{"constant_value":"arm"},"description":{"references":["local.cluster_name","var.talos_version"]},"image_url":{"references":["data.talos_image_factory_urls.arm64[0].urls.disk_image","data.talos_image_factory_urls.arm64[0].urls","data.talos_image_factory_urls.arm64[0]","data.talos_image_factory_urls.arm64"]},"labels":{"references":["local.default_labels"]},"location":{"references":["var.region"]}},"schema_version":0,"count_expression":{"references":["local.need_arm64"]}},{"address":"minio_s3_bucket.bucket","mode":"managed","type":"minio_s3_bucket","name":"bucket","provider_config_key":"minio","expressions":{"acl":{"references":["each.value.public_access","each.value"]},"bucket":{"references":["local.cluster_name","each.value.name","each.value"]},"force_destroy":{"constant_value":true}},"schema_version":0,"for_each_expression":{"references":["local.buckets_by_name"]}},{"address":"minio_s3_bucket_versioning.bucket","mode":"managed","type":"minio_s3_bucket_versioning","name":"bucket","provider_config_key":"minio","expressions":{"bucket":{"references":["minio_s3_bucket.bucket","each.key"]},"versioning_configuration":[{"status":{"constant_value":"Enabled"}}]},"schema_version":0,"for_each_expression":{"references":["local.buckets_by_name"]}},{"address":"talos_cluster_kubeconfig.this","mode":"managed","type":"talos_cluster_kubeconfig","name":"this","provider_config_key":"talos","expressions":{"client_configuration":{"references":["talos_machine_secrets.this.client_configuration","talos_machine_secrets.this"]},"endpoint":{"references":["local.control_plane_public_ip"]},"node":{"references":["local.control_plane_public_ip"]}},"schema_version":1,"depends_on":["talos_machine_bootstrap.this"]},{"address":"talos_image_factory_schematic.this","mode":"managed","type":"talos_image_factory_schematic","name":"this","provider_config_key":"talos","expressions":{"schematic":{"references":["data.talos_image_factory_extensions_versions.this.extensions_info","data.talos_image_factory_extensions_versions.this"]}},"schema_version":0},{"address":"talos_machine_bootstrap.this","mode":"managed","type":"talos_machine_bootstrap","name":"this","provider_config_key":"talos","expressions":{"client_configuration":{"references":["talos_machine_secrets.this.client_configuration","talos_machine_secrets.this"]},"endpoint":{"references":["local.control_plane_public_ip"]},"node":{"references":["local.control_plane_public_ip"]}},"schema_version":1,"depends_on":["talos_machine_configuration_apply.control_plane"]},{"address":"talos_machine_configuration_apply.control_plane","mode":"managed","type":"talos_machine_configuration_apply","name":"control_plane","provider_config_key":"talos","expressions":{"client_configuration":{"references":["talos_machine_secrets.this.client_configuration","talos_machine_secrets.this"]},"endpoint":{"references":["hcloud_primary_ip.control_plane_ipv4","each.value.index","each.value"]},"machine_configuration_input":{"references":["data.talos_machine_configuration.control_plane.machine_configuration","data.talos_machine_configuration.control_plane"]},"node":{"references":["hcloud_primary_ip.control_plane_ipv4","each.value.index","each.value"]}},"schema_version":1,"for_each_expression":{"references":["local.control_planes"]},"depends_on":["hcloud_server.control_planes"]},{"address":"talos_machine_configuration_apply.worker","mode":"managed","type":"talos_machine_configuration_apply","name":"worker","provider_config_key":"talos","expressions":{"client_configuration":{"references":["talos_machine_secrets.this.client_configuration","talos_machine_secrets.this"]},"endpoint":{"references":["hcloud_primary_ip.worker_ipv4","each.value.index","each.value"]},"machine_configuration_input":{"references":["data.talos_machine_configuration.worker.machine_configuration","data.talos_machine_configuration.worker"]},"node":{"references":["hcloud_primary_ip.worker_ipv4","each.value.index","each.value"]}},"schema_version":1,"for_each_expression":{"references":["local.workers"]},"depends_on":["hcloud_server.workers"]},{"address":"talos_machine_secrets.this","mode":"managed","type":"talos_machine_secrets","name":"this","provider_config_key":"talos","expressions":{"talos_version":{"references":["var.talos_version"]}},"schema_version":1},{"address":"terraform_data.byo_network_guard","mode":"managed","type":"terraform_data","name":"byo_network_guard","provider_config_key":"terraform","schema_version":0},{"address":"terraform_data.compat_k8s_guard","mode":"managed","type":"terraform_data","name":"compat_k8s_guard","provider_config_key":"terraform","schema_version":0},{"address":"terraform_data.csi_volume_label_guard","mode":"managed","type":"terraform_data","name":"csi_volume_label_guard","provider_config_key":"terraform","expressions":{"input":{"references":["local.hcloud_csi_version"]}},"schema_version":0},{"address":"terraform_data.dns_zone_guard","mode":"managed","type":"terraform_data","name":"dns_zone_guard","provider_config_key":"terraform","schema_version":0},{"address":"data.hcloud_location.selected","mode":"data","type":"hcloud_location","name":"selected","provider_config_key":"hcloud","expressions":{"name":{"references":["var.region"]}},"schema_version":0},{"address":"data.hcloud_network.existing","mode":"data","type":"hcloud_network","name":"existing","provider_config_key":"hcloud","expressions":{"id":{"references":["local.existing_network_is_id","var.network_id"]},"name":{"references":["local.existing_network_is_id","var.network_id"]}},"schema_version":0,"count_expression":{"references":["var.provision_network"]}},{"address":"data.helm_template.cilium","mode":"data","type":"helm_template","name":"cilium","provider_config_key":"helm","expressions":{"chart":{"constant_value":"cilium"},"kube_version":{"references":["local.render_kube_version"]},"name":{"constant_value":"cilium"},"namespace":{"constant_value":"kube-system"},"repository":{"constant_value":"https://helm.cilium.io"},"set":[{"name":{"constant_value":"ipam.mode"},"value":{"constant_value":"kubernetes"}},{"name":{"constant_value":"routingMode"},"value":{"constant_value":"native"}},{"name":{"constant_value":"ipv4NativeRoutingCIDR"},"value":{"references":["local.network_ip_range"]}},{"name":{"constant_value":"kubeProxyReplacement"},"value":{"constant_value":"true"}},{"name":{"constant_value":"k8sServiceHost"},"value":{"constant_value":"127.0.0.1"}},{"name":{"constant_value":"k8sServicePort"},"value":{"references":["local.api_port_kube_prism"]}},{"name":{"constant_value":"bpf.masquerade"},"value":{"constant_value":"false"}},{"name":{"constant_value":"cgroup.autoMount.enabled"},"value":{"constant_value":"false"}},{"name":{"constant_value":"cgroup.hostRoot"},"value":{"constant_value":"/sys/fs/cgroup"}},{"name":{"constant_value":"securityContext.capabilities.ciliumAgent"},"value":{"constant_value":"{CHOWN,KILL,NET_ADMIN,NET_RAW,IPC_LOCK,SYS_ADMIN,SYS_RESOURCE,DAC_OVERRIDE,FOWNER,SETGID,SETUID}"}},{"name":{"constant_value":"securityContext.capabilities.cleanCiliumState"},"value":{"constant_value":"{NET_ADMIN,SYS_ADMIN,SYS_RESOURCE}"}},{"name":{"constant_value":"hubble.enabled"},"value":{"constant_value":"false"}},{"name":{"constant_value":"operator.replicas"},"value":{"references":["var.control_plane_count"]}}],"version":{"references":["local.cilium_version"]}},"schema_version":0},{"address":"data.helm_template.hcloud_ccm","mode":"data","type":"helm_template","name":"hcloud_ccm","provider_config_key":"helm","expressions":{"chart":{"constant_value":"hcloud-cloud-controller-manager"},"kube_version":{"references":["local.render_kube_version"]},"name":{"constant_value":"hcloud-cloud-controller-manager"},"namespace":{"constant_value":"kube-system"},"repository":{"constant_value":"https://charts.hetzner.cloud"},"set":[{"name":{"constant_value":"networking.enabled"},"value":{"constant_value":"true"}},{"name":{"constant_value":"networking.clusterCIDR"},"value":{"references":["local.pod_cidr"]}}],"version":{"references":["local.hcloud_ccm_version"]}},"schema_version":0},{"address":"data.helm_template.hcloud_csi","mode":"data","type":"helm_template","name":"hcloud_csi","provider_config_key":"helm","expressions":{"chart":{"constant_value":"hcloud-csi"},"kube_version":{"references":["local.render_kube_version"]},"name":{"constant_value":"hcloud-csi"},"namespace":{"constant_value":"kube-system"},"repository":{"constant_value":"https://charts.hetzner.cloud"},"set":[{"name":{"constant_value":"controller.hcloudToken.existingSecret.name"},"value":{"constant_value":"hcloud"}},{"name":{"constant_value":"controller.hcloudToken.existingSecret.key"},"value":{"constant_value":"token"}},{"name":{"constant_value":"storageClasses[0].name"},"value":{"constant_value":"hcloud-volumes"}},{"name":{"constant_value":"storageClasses[0].defaultStorageClass"},"value":{"constant_value":"true"}},{"name":{"constant_value":"storageClasses[0].reclaimPolicy"},"value":{"constant_value":"Delete"}}],"values":{"references":["local.default_labels"]},"version":{"references":["local.hcloud_csi_version"]}},"schema_version":0},{"address":"data.talos_client_configuration.this","mode":"data","type":"talos_client_configuration","name":"this","provider_config_key":"talos","expressions":{"client_configuration":{"references":["talos_machine_secrets.this.client_configuration","talos_machine_secrets.this"]},"cluster_name":{"references":["local.cluster_name"]},"endpoints":{"references":["local.control_plane_public_ips"]}},"schema_version":0},{"address":"data.talos_image_factory_extensions_versions.this","mode":"data","type":"talos_image_factory_extensions_versions","name":"this","provider_config_key":"talos","expressions":{"filters":{"constant_value":{"names":["siderolabs/qemu-guest-agent"]}},"talos_version":{"references":["var.talos_version"]}},"schema_version":0},{"address":"data.talos_image_factory_urls.amd64","mode":"data","type":"talos_image_factory_urls","name":"amd64","provider_config_key":"talos","expressions":{"architecture":{"constant_value":"amd64"},"platform":{"constant_value":"hcloud"},"schematic_id":{"references":["talos_image_factory_schematic.this.id","talos_image_factory_schematic.this"]},"talos_version":{"references":["var.talos_version"]}},"schema_version":0,"count_expression":{"references":["local.need_amd64"]}},{"address":"data.talos_image_factory_urls.arm64","mode":"data","type":"talos_image_factory_urls","name":"arm64","provider_config_key":"talos","expressions":{"architecture":{"constant_value":"arm64"},"platform":{"constant_value":"hcloud"},"schematic_id":{"references":["talos_image_factory_schematic.this.id","talos_image_factory_schematic.this"]},"talos_version":{"references":["var.talos_version"]}},"schema_version":0,"count_expression":{"references":["local.need_arm64"]}},{"address":"data.talos_machine_configuration.control_plane","mode":"data","type":"talos_machine_configuration","name":"control_plane","provider_config_key":"talos","expressions":{"cluster_endpoint":{"references":["local.cluster_endpoint"]},"cluster_name":{"references":["local.cluster_name"]},"config_patches":{"references":["local.control_plane_patches"]},"docs":{"constant_value":false},"examples":{"constant_value":false},"kubernetes_version":{"references":["local.kubernetes_version_arg"]},"machine_secrets":{"references":["talos_machine_secrets.this.machine_secrets","talos_machine_secrets.this"]},"machine_type":{"constant_value":"controlplane"},"talos_version":{"references":["var.talos_version"]}},"schema_version":0},{"address":"data.talos_machine_configuration.worker","mode":"data","type":"talos_machine_configuration","name":"worker","provider_config_key":"talos","expressions":{"cluster_endpoint":{"references":["local.cluster_endpoint"]},"cluster_name":{"references":["local.cluster_name"]},"config_patches":{"references":["local.worker_patches"]},"docs":{"constant_value":false},"examples":{"constant_value":false},"kubernetes_version":{"references":["local.kubernetes_version_arg"]},"machine_secrets":{"references":["talos_machine_secrets.this.machine_secrets","talos_machine_secrets.this"]},"machine_type":{"constant_value":"worker"},"talos_version":{"references":["var.talos_version"]}},"schema_version":0}],"variables":{"admin_kubeconfig_cert_lifetime":{"type":"string","default":"24h0m0s","description":"TTL for the Talos admin kubeconfig client cert (.cluster.adminKubeconfig.certLifetime). Pinned LOW (default 24h) so placement-minted kubeconfigs are short-lived; the Talos default is 1 year. Go time.Duration format."},"buckets":{"type":["list",["object",{"cors_origins":["list","string"],"encryption_enabled":"bool","name":"string","public_access":"bool","versioning":"bool"},["cors_origins","encryption_enabled","public_access","versioning"]]],"default":[],"description":"Object Storage buckets to provision via the aminueza/minio provider. Empty = none\n(the minio provider is then never exercised). `cors_origins` is IGNORED on Hetzner\n(the provider does not apply CORS to a non-MinIO backend); `encryption_enabled` is\ninformational (Hetzner encrypts at rest automatically, no per-bucket toggle).\n"},"classification_tags":{"type":["map","string"],"default":{},"description":"Classification + sweep-handle labels to stamp on every hcloud resource + dynamically-provisioned volume. Platform base labels override on conflict."},"cloud_dns_enabled":{"type":"bool","default":false,"description":"Create and manage the hcloud DNS zone in-template (parity with Route 53 / Cloud DNS / Azure DNS). When false, an existing zone id (dns_hosted_zone) is used and nothing is created."},"control_plane_arch":{"type":"string","default":"amd64","description":"CPU architecture of the control-plane server type: arm64 (cax*) or amd64 (cx*/cpx*/ccx*)."},"control_plane_count":{"type":"number","default":1,"description":"Number of control-plane nodes."},"control_plane_server_type":{"type":"string","default":"cpx22","description":"Hetzner server type for control-plane nodes (cax* = arm64, cx*/cpx*/ccx* = amd64). Default cpx22 (2 vCPU / 4 GB, amd64) is a currently-orderable shared type; cax11 (ARM) is capacity-unreliable and cpx11 is retired."},"dns_hosted_zone":{"type":"string","default":"","description":"Existing hcloud DNS zone id, used when cloud_dns_enabled is false. Reported on the dns_zone_id output so the rest of the platform reads one name either way."},"dns_main_domain":{"type":"string","default":"","description":"Apex domain of the zone (e.g. example.com). Required when cloud_dns_enabled is true."},"dns_provider":{"type":"string","default":"native","description":"DNS provider slug; \"native\" uses the cloud-native (hcloud) DNS zone in dns.tf."},"dns_zone_ttl":{"type":"number","default":3600,"description":"Default TTL (seconds) for records in the created zone."},"environment":{"type":"string","description":"Environment name (e.g. dev, staging, prod).","required":true},"hcloud_token":{"type":"string","default":"","description":"Hetzner token for the in-cluster hcloud CCM secret (optional; env HCLOUD_TOKEN drives the providers).","sensitive":true},"hetzner_s3_access_key":{"type":"string","default":"","description":"Hetzner Object Storage S3 access key (distinct from the Cloud API token; manually generated in the Hetzner Console). Empty when no buckets are provisioned.","sensitive":true},"hetzner_s3_endpoint":{"type":"string","default":"fsn1.your-objectstorage.com","description":"Hetzner Object Storage S3 endpoint HOST, no scheme (e.g. fsn1.your-objectstorage.com). Only used when var.buckets is non-empty."},"hetzner_s3_region":{"type":"string","default":"fsn1","description":"Hetzner Object Storage location/region (fsn1, nbg1, hel1)."},"hetzner_s3_secret_key":{"type":"string","default":"","description":"Hetzner Object Storage S3 secret key. Empty when no buckets are provisioned.","sensitive":true},"kubernetes_version":{"type":"string","default":"1.35.6","description":"Kubernetes version (concrete patch, e.g. 1.35.6); coupled to talos_version. Empty → Talos default."},"network_cidr":{"type":"string","default":"10.0.0.0/16","description":"CIDR for the private Hetzner network the nodes attach to. Used only when provision_network is true; on an existing network the network's own ip_range is the supernet."},"network_id":{"type":"string","default":"","description":"Existing hcloud network to attach to when provision_network is false — its numeric id, or its name. Ignored when provision_network is true."},"pod_cidr":{"type":"string","default":null,"description":"Pod network CIDR (Cilium). Defaults to the upper half of the resolved network's range. Must be a SUBNET of it and not overlap service_cidr or the node subnet."},"project_name":{"type":"string","description":"Project name; combined with environment to form the cluster name.","required":true},"provision_network":{"type":"bool","default":true,"description":"Create the private network (true, default), or attach the existing one named by network_id (false)."},"region":{"type":"string","default":"fsn1","description":"Hetzner Cloud location (e.g. fsn1, nbg1, hel1, ash, hil)."},"service_cidr":{"type":"string","default":null,"description":"Service network CIDR. Defaults to a /19 inside the resolved network's range. Must be a SUBNET of it and not overlap pod_cidr or the node subnet."},"talos_version":{"type":"string","default":"v1.13.6","description":"Talos Linux version (e.g. v1.13.6)."},"worker_arch":{"type":"string","default":"amd64","description":"CPU architecture of the worker server type: arm64 (cax*) or amd64 (cx*/cpx*/ccx*)."},"worker_count":{"type":"number","default":1,"description":"Number of worker nodes."},"worker_server_type":{"type":"string","default":"cpx22","description":"Hetzner server type for worker nodes (cax* = arm64, cx*/cpx*/ccx* = amd64). Default cpx22 (2 vCPU / 4 GB, amd64) is a currently-orderable shared type; cax11 (ARM) is capacity-unreliable and cpx11 is retired."}}}},"relevant_attributes":[{"resource":"data.hcloud_location.selected","attribute":["network_zone"]},{"resource":"data.hcloud_location.selected","attribute":["name"]},{"resource":"data.hcloud_network.existing[0]","attribute":["ip_range"]},{"resource":"data.hcloud_network.existing[0]","attribute":["id"]},{"resource":"data.helm_template.cilium","attribute":["manifest"]},{"resource":"data.helm_template.hcloud_ccm","attribute":["manifest"]},{"resource":"data.helm_template.hcloud_csi","attribute":["manifest"]},{"resource":"data.talos_client_configuration.this","attribute":["talos_config"]},{"resource":"data.talos_image_factory_extensions_versions.this","attribute":["extensions_info"]},{"resource":"data.talos_image_factory_urls.amd64[0]","attribute":["urls","disk_image"]},{"resource":"data.talos_machine_configuration.control_plane","attribute":["machine_configuration"]},{"resource":"data.talos_machine_configuration.worker","attribute":["machine_configuration"]},{"resource":"hcloud_firewall.this","attribute":["id"]},{"resource":"hcloud_network.this[0]","attribute":["id"]},{"resource":"hcloud_primary_ip.control_plane_ipv4","attribute":[]},{"resource":"hcloud_primary_ip.worker_ipv4","attribute":[]},{"resource":"hcloud_zone.this","attribute":[]},{"resource":"hcloud_zone.this[0]","attribute":["authoritative_nameservers","assigned"]},{"resource":"hcloud_zone.this[0]","attribute":["id"]},{"resource":"imager_image.amd64[0]","attribute":["image_id"]},{"resource":"imager_image.arm64[0]","attribute":["image_id"]},{"resource":"minio_s3_bucket.bucket","attribute":[]},{"resource":"talos_cluster_kubeconfig.this","attribute":["kubeconfig_raw"]},{"resource":"talos_image_factory_schematic.this","attribute":["id"]},{"resource":"talos_machine_secrets.this","attribute":["machine_secrets"]},{"resource":"talos_machine_secrets.this","attribute":["client_configuration"]}],"checks":[{"address":{"kind":"check","name":"arch_matches_server_type","to_display":"check.arch_matches_server_type"},"status":"pass","instances":[{"address":{"to_display":"check.arch_matches_server_type"},"status":"pass"}]},{"address":{"kind":"check","name":"bucket_names_non_empty","to_display":"check.bucket_names_non_empty"},"status":"pass","instances":[{"address":{"to_display":"check.bucket_names_non_empty"},"status":"pass"}]},{"address":{"kind":"check","name":"cidrs_distinct","to_display":"check.cidrs_distinct"},"status":"pass","instances":[{"address":{"to_display":"check.cidrs_distinct"},"status":"pass"}]},{"address":{"kind":"check","name":"classification_base_labels_win","to_display":"check.classification_base_labels_win"},"status":"pass","instances":[{"address":{"to_display":"check.classification_base_labels_win"},"status":"pass"}]},{"address":{"kind":"check","name":"classification_labels_present","to_display":"check.classification_labels_present"},"status":"pass","instances":[{"address":{"to_display":"check.classification_labels_present"},"status":"pass"}]},{"address":{"kind":"check","name":"cluster_name_non_empty","to_display":"check.cluster_name_non_empty"},"status":"pass","instances":[{"address":{"to_display":"check.cluster_name_non_empty"},"status":"pass"}]},{"address":{"kind":"check","name":"compat_k8s_supported","to_display":"check.compat_k8s_supported"},"status":"pass","instances":[{"address":{"to_display":"check.compat_k8s_supported"},"status":"pass"}]},{"address":{"kind":"check","name":"control_plane_present","to_display":"check.control_plane_present"},"status":"pass","instances":[{"address":{"to_display":"check.control_plane_present"},"status":"pass"}]},{"address":{"kind":"check","name":"csi_storageclass_present","to_display":"check.csi_storageclass_present"},"status":"pass","instances":[{"address":{"to_display":"check.csi_storageclass_present"},"status":"pass"}]},{"address":{"kind":"check","name":"dns_domain_present_when_enabled","to_display":"check.dns_domain_present_when_enabled"},"status":"pass","instances":[{"address":{"to_display":"check.dns_domain_present_when_enabled"},"status":"pass"}]},{"address":{"kind":"check","name":"existing_network_id_present","to_display":"check.existing_network_id_present"},"status":"pass","instances":[{"address":{"to_display":"check.existing_network_id_present"},"status":"pass"}]},{"address":{"kind":"check","name":"pods_services_within_network","to_display":"check.pods_services_within_network"},"status":"pass","instances":[{"address":{"to_display":"check.pods_services_within_network"},"status":"pass"}]},{"address":{"kind":"resource","mode":"managed","name":"byo_network_guard","to_display":"terraform_data.byo_network_guard","type":"terraform_data"},"status":"pass","instances":[{"address":{"to_display":"terraform_data.byo_network_guard"},"status":"pass"}]},{"address":{"kind":"resource","mode":"managed","name":"compat_k8s_guard","to_display":"terraform_data.compat_k8s_guard","type":"terraform_data"},"status":"pass","instances":[{"address":{"to_display":"terraform_data.compat_k8s_guard"},"status":"pass"}]},{"address":{"kind":"resource","mode":"managed","name":"csi_volume_label_guard","to_display":"terraform_data.csi_volume_label_guard","type":"terraform_data"},"status":"pass","instances":[{"address":{"to_display":"terraform_data.csi_volume_label_guard"},"status":"pass"}]},{"address":{"kind":"resource","mode":"managed","name":"dns_zone_guard","to_display":"terraform_data.dns_zone_guard","type":"terraform_data"},"status":"pass","instances":[{"address":{"to_display":"terraform_data.dns_zone_guard"},"status":"pass"}]},{"address":{"kind":"var","name":"admin_kubeconfig_cert_lifetime","to_display":"var.admin_kubeconfig_cert_lifetime"},"status":"pass","instances":[{"address":{"to_display":"var.admin_kubeconfig_cert_lifetime"},"status":"pass"}]},{"address":{"kind":"var","name":"control_plane_arch","to_display":"var.control_plane_arch"},"status":"pass","instances":[{"address":{"to_display":"var.control_plane_arch"},"status":"pass"}]},{"address":{"kind":"var","name":"worker_arch","to_display":"var.worker_arch"},"status":"pass","instances":[{"address":{"to_display":"var.worker_arch"},"status":"pass"}]}],"timestamp":"2026-08-05T06:40:54Z","errored":false}
        Verification gate: verdict=warn (pass=1 fail=0 warn=1 not_evaluable=1, catalog elench-controls-0.4.0)
          [HCLOUD-FW-001] coverage: hcloud_server.control_planes["e2e-hetzner-08050640-fb08050640-cp-1"]: firewall_ids computed until apply; configuration references hcloud_firewall.this.id; hcloud_server.workers["e2e-hetzner-08050640-fb08050640-worker-1"]: firewall_ids computed until apply; configuration references hcloud_firewall.this.id; hcloud_server.workers["e2e-hetzner-08050640-fb08050640-worker-2"]: firewall_ids computed until apply; configuration references hcloud_firewall.this.id; hcloud_server.workers["e2e-hetzner-08050640-fb08050640-worker-3"]: firewall_ids computed until apply; configuration references hcloud_firewall.this.id; hcloud_server.workers["e2e-hetzner-08050640-fb08050640-worker-4"]: firewall_ids computed until apply; configuration references hcloud_firewall.this.id; hcloud_server.workers["e2e-hetzner-08050640-fb08050640-worker-5"]: firewall_ids computed until apply; configuration references hcloud_firewall.this.id; hcloud_server.workers["e2e-hetzner-08050640-fb08050640-worker-6"]: firewall_ids computed until apply; configuration references hcloud_firewall.this.id
          [HCLOUD-NET-001/warn] hcloud_firewall.this.rule[3]: world-open management port tcp/6443 (Kubernetes API / Talos apid) — open to the internet BY DESIGN today (runner reaches the API/apid externally; K8s mTLS + Talos machine identity is the auth layer). Recorded as posture, not blocked
          [HCLOUD-NET-001/warn] hcloud_firewall.this.rule[4]: world-open management port tcp/50001 (Kubernetes API / Talos apid) — open to the internet BY DESIGN today (runner reaches the API/apid externally; K8s mTLS + Talos machine identity is the auth layer). Recorded as posture, not blocked
          [HCLOUD-NET-001/warn] hcloud_firewall.this.rule[5]: world-open management port tcp/50000 (Kubernetes API / Talos apid) — open to the internet BY DESIGN today (runner reaches the API/apid externally; K8s mTLS + Talos machine identity is the auth layer). Recorded as posture, not blocked
          [SCOPE-001] coverage: terraform_data.byo_network_guard: unrecognized provider terraform; terraform_data.compat_k8s_guard: unrecognized provider terraform; terraform_data.csi_volume_label_guard: unrecognized provider terraform; terraform_data.dns_zone_guard: unrecognized provider terraform
        Compatibility gate: verdict=not_evaluable (pass=0 fail=0 warn=0 not_evaluable=19, catalog compat-matrix-0.1.0)
          [COMPAT-K8S-CLOUD-HETZNER] coverage: cluster Kubernetes version is unset or unparseable
          [COMPAT-ADDON-ARGO-ROLLOUTS] coverage: no Kubernetes compatibility range recorded
          [COMPAT-ADDON-EXTERNAL-DNS] coverage: no Kubernetes compatibility range recorded
          [COMPAT-ADDON-FALCO] coverage: no Kubernetes compatibility range recorded
          [COMPAT-ADDON-GOLDILOCKS] coverage: cluster Kubernetes version is unset or unparseable
          [COMPAT-ADDON-HARBOR] coverage: no Kubernetes compatibility range recorded
          [COMPAT-ADDON-INGRESS-NGINX] coverage: cluster Kubernetes version is unset or unparseable
          [COMPAT-ADDON-KEDA] coverage: cluster Kubernetes version is unset or unparseable
          [COMPAT-ADDON-KUBE-PROMETHEUS-STACK] coverage: cluster Kubernetes version is unset or unparseable
          [COMPAT-ADDON-KYVERNO] coverage: cluster Kubernetes version is unset or unparseable
          [COMPAT-ADDON-LOKI] coverage: no Kubernetes compatibility range recorded
          [COMPAT-ADDON-MINIO] coverage: no Kubernetes compatibility range recorded
          [COMPAT-ADDON-OPENTELEMETRY-COLLECTOR] coverage: no Kubernetes compatibility range recorded
          [COMPAT-ADDON-RELOADER] coverage: no Kubernetes compatibility range recorded
          [COMPAT-ADDON-SEALED-SECRETS] coverage: cluster Kubernetes version is unset or unparseable
          [COMPAT-ADDON-TEMPO] coverage: no Kubernetes compatibility range recorded
          [COMPAT-ADDON-TRIVY-OPERATOR] coverage: no Kubernetes compatibility range recorded
          [COMPAT-ADDON-VAULT] coverage: cluster Kubernetes version is unset or unparseable
          [COMPAT-ADDON-VELERO] coverage: cluster Kubernetes version is unset or unparseable
        Evidence receipt signed (key 042d898108ba8eae, plan sha256 1f6312a0e9da…)
        Applying OpenTofu changes...
        Applying OpenTofu plan...
        terraform_data.dns_zone_guard: Creating...
        terraform_data.dns_zone_guard: Creation complete after 0s [id=21c24a44-2b10-920d-f8dc-8f2890da5acb]
        terraform_data.compat_k8s_guard: Creating...
        terraform_data.compat_k8s_guard: Creation complete after 0s [id=fb95bed2-37ec-c378-ae62-6acf659d53a1]
        terraform_data.csi_volume_label_guard: Creating...
        terraform_data.csi_volume_label_guard: Creation complete after 0s [id=cd38394e-6d79-44a2-af50-c16279610a99]
        talos_image_factory_schematic.this: Creating...
        talos_machine_secrets.this: Creating...
        hcloud_network.this[0]: Creating...
        hcloud_primary_ip.worker_ipv4[1]: Creating...
        hcloud_primary_ip.worker_ipv4[2]: Creating...
        hcloud_primary_ip.worker_ipv4[4]: Creating...
        hcloud_primary_ip.control_plane_ipv4[0]: Creating...
        hcloud_primary_ip.worker_ipv4[5]: Creating...
        hcloud_primary_ip.worker_ipv4[0]: Creating...
        hcloud_primary_ip.worker_ipv4[3]: Creating...
        talos_machine_secrets.this: Creation complete after 0s [id=machine_secrets]
        hcloud_firewall.this: Creating...
        hcloud_primary_ip.worker_ipv4[0]: Creation complete after 0s [name=e2e-hetzner-08050640-fb08050640-worker-1-ipv4]
        hcloud_primary_ip.worker_ipv4[1]: Creation complete after 0s [name=e2e-hetzner-08050640-fb08050640-worker-2-ipv4]
        hcloud_primary_ip.worker_ipv4[2]: Creation complete after 0s [name=e2e-hetzner-08050640-fb08050640-worker-3-ipv4]
        terraform_data.byo_network_guard: Creating...
        terraform_data.byo_network_guard: Creation complete after 0s [id=503268e0-e05e-213c-c70d-266ed0bc4dad]
        hcloud_primary_ip.worker_ipv4[4]: Creation complete after 0s [name=e2e-hetzner-08050640-fb08050640-worker-5-ipv4]
        hcloud_primary_ip.worker_ipv4[5]: Creation complete after 0s [name=e2e-hetzner-08050640-fb08050640-worker-6-ipv4]
        hcloud_primary_ip.control_plane_ipv4[0]: Creation complete after 0s [name=e2e-hetzner-08050640-fb08050640-cp-1-ipv4]
        data.talos_client_configuration.this: Reading...
        hcloud_primary_ip.worker_ipv4[3]: Creation complete after 0s [name=e2e-hetzner-08050640-fb08050640-worker-4-ipv4]
        data.talos_machine_configuration.worker: Reading...
        data.talos_client_configuration.this: Read complete after 0s [id=e2e-hetzner-08050640-fb08050640]
        data.talos_machine_configuration.control_plane: Reading...
        data.talos_machine_configuration.worker: Read complete after 0s [id=e2e-hetzner-08050640-fb08050640]
        data.talos_machine_configuration.control_plane: Read complete after 0s [id=e2e-hetzner-08050640-fb08050640]
        hcloud_network.this[0]: Creation complete after 0s [id=12520247]
        hcloud_network_subnet.nodes: Creating...
        hcloud_firewall.this: Creation complete after 0s [id=11419420]
        talos_image_factory_schematic.this: Creation complete after 0s [id=ce4c980550dd2ab1b17bbf2b08801c7eb59418eafe8f279833297925d67c7515]
        data.talos_image_factory_urls.amd64[0]: Reading...
        data.talos_image_factory_urls.amd64[0]: Read complete after 0s
        imager_image.amd64[0]: Creating...
        hcloud_network_subnet.nodes: Creation complete after 1s [id=12520247-10.0.0.0/24]
        imager_image.amd64[0]: Still creating... [10s elapsed]
        imager_image.amd64[0]: Still creating... [20s elapsed]
        imager_image.amd64[0]: Still creating... [30s elapsed]
        imager_image.amd64[0]: Still creating... [40s elapsed]
        imager_image.amd64[0]: Still creating... [50s elapsed]
        imager_image.amd64[0]: Still creating... [1m0s elapsed]
        imager_image.amd64[0]: Still creating... [1m10s elapsed]
        imager_image.amd64[0]: Still creating... [1m20s elapsed]
        imager_image.amd64[0]: Creation complete after 1m24s [id=416513112]
        hcloud_server.workers["e2e-hetzner-08050640-fb08050640-worker-3"]: Creating...
        hcloud_server.workers["e2e-hetzner-08050640-fb08050640-worker-2"]: Creating...
        hcloud_server.workers["e2e-hetzner-08050640-fb08050640-worker-6"]: Creating...
        hcloud_server.control_planes["e2e-hetzner-08050640-fb08050640-cp-1"]: Creating...
        hcloud_server.workers["e2e-hetzner-08050640-fb08050640-worker-5"]: Creating...
        hcloud_server.workers["e2e-hetzner-08050640-fb08050640-worker-1"]: Creating...
        hcloud_server.workers["e2e-hetzner-08050640-fb08050640-worker-4"]: Creating...
        hcloud_server.workers["e2e-hetzner-08050640-fb08050640-worker-6"]: Still creating... [10s elapsed]
        hcloud_server.workers["e2e-hetzner-08050640-fb08050640-worker-4"]: Still creating... [10s elapsed]
        hcloud_server.workers["e2e-hetzner-08050640-fb08050640-worker-3"]: Still creating... [10s elapsed]
        hcloud_server.workers["e2e-hetzner-08050640-fb08050640-worker-1"]: Still creating... [10s elapsed]
        hcloud_server.control_planes["e2e-hetzner-08050640-fb08050640-cp-1"]: Still creating... [10s elapsed]
        hcloud_server.workers["e2e-hetzner-08050640-fb08050640-worker-2"]: Still creating... [10s elapsed]
        hcloud_server.workers["e2e-hetzner-08050640-fb08050640-worker-5"]: Still creating... [10s elapsed]
        hcloud_server.workers["e2e-hetzner-08050640-fb08050640-worker-1"]: Still creating... [20s elapsed]
        hcloud_server.workers["e2e-hetzner-08050640-fb08050640-worker-6"]: Still creating... [20s elapsed]
        hcloud_server.workers["e2e-hetzner-08050640-fb08050640-worker-4"]: Still creating... [20s elapsed]
        hcloud_server.workers["e2e-hetzner-08050640-fb08050640-worker-2"]: Still creating... [20s elapsed]
        hcloud_server.control_planes["e2e-hetzner-08050640-fb08050640-cp-1"]: Still creating... [20s elapsed]
        hcloud_server.workers["e2e-hetzner-08050640-fb08050640-worker-3"]: Still creating... [20s elapsed]
        hcloud_server.workers["e2e-hetzner-08050640-fb08050640-worker-5"]: Still creating... [20s elapsed]
        hcloud_server.workers["e2e-hetzner-08050640-fb08050640-worker-5"]: Still creating... [30s elapsed]
        hcloud_server.control_planes["e2e-hetzner-08050640-fb08050640-cp-1"]: Still creating... [30s elapsed]
        hcloud_server.workers["e2e-hetzner-08050640-fb08050640-worker-3"]: Still creating... [30s elapsed]
        hcloud_server.workers["e2e-hetzner-08050640-fb08050640-worker-2"]: Still creating... [30s elapsed]
        hcloud_server.workers["e2e-hetzner-08050640-fb08050640-worker-4"]: Still creating... [30s elapsed]
        hcloud_server.workers["e2e-hetzner-08050640-fb08050640-worker-1"]: Still creating... [30s elapsed]
        hcloud_server.workers["e2e-hetzner-08050640-fb08050640-worker-6"]: Still creating... [30s elapsed]
        hcloud_server.workers["e2e-hetzner-08050640-fb08050640-worker-3"]: Creation complete after 31s [id=159206309]
        hcloud_server.workers["e2e-hetzner-08050640-fb08050640-worker-2"]: Still creating... [40s elapsed]
        hcloud_server.workers["e2e-hetzner-08050640-fb08050640-worker-5"]: Still creating... [40s elapsed]
        hcloud_server.workers["e2e-hetzner-08050640-fb08050640-worker-6"]: Still creating... [40s elapsed]
        hcloud_server.workers["e2e-hetzner-08050640-fb08050640-worker-4"]: Still creating... [40s elapsed]
        hcloud_server.workers["e2e-hetzner-08050640-fb08050640-worker-1"]: Still creating... [40s elapsed]
        hcloud_server.control_planes["e2e-hetzner-08050640-fb08050640-cp-1"]: Still creating... [40s elapsed]
        hcloud_server.workers["e2e-hetzner-08050640-fb08050640-worker-1"]: Creation complete after 41s [id=159206313]
        hcloud_server.control_planes["e2e-hetzner-08050640-fb08050640-cp-1"]: Still creating... [50s elapsed]
        hcloud_server.workers["e2e-hetzner-08050640-fb08050640-worker-5"]: Still creating... [50s elapsed]
        hcloud_server.workers["e2e-hetzner-08050640-fb08050640-worker-4"]: Still creating... [50s elapsed]
        hcloud_server.workers["e2e-hetzner-08050640-fb08050640-worker-2"]: Still creating... [50s elapsed]
        hcloud_server.workers["e2e-hetzner-08050640-fb08050640-worker-6"]: Still creating... [50s elapsed]
        hcloud_server.workers["e2e-hetzner-08050640-fb08050640-worker-2"]: Creation complete after 51s [id=159206311]
        hcloud_server.control_planes["e2e-hetzner-08050640-fb08050640-cp-1"]: Creation complete after 51s [id=159206312]
        talos_machine_configuration_apply.control_plane["e2e-hetzner-08050640-fb08050640-cp-1"]: Creating...
        talos_machine_configuration_apply.control_plane["e2e-hetzner-08050640-fb08050640-cp-1"]: Creation complete after 0s [id=machine_configuration_apply]
        talos_machine_bootstrap.this: Creating...
        talos_machine_bootstrap.this: Creation complete after 1s [id=machine_bootstrap]
        talos_cluster_kubeconfig.this: [REDACTED]
        talos_cluster_kubeconfig.this: [REDACTED]
        hcloud_server.workers["e2e-hetzner-08050640-fb08050640-worker-5"]: Still creating... [1m0s elapsed]
        hcloud_server.workers["e2e-hetzner-08050640-fb08050640-worker-4"]: Still creating... [1m0s elapsed]
        hcloud_server.workers["e2e-hetzner-08050640-fb08050640-worker-6"]: Still creating... [1m0s elapsed]
        hcloud_server.workers["e2e-hetzner-08050640-fb08050640-worker-6"]: Creation complete after 1m1s [id=159206310]
        hcloud_server.workers["e2e-hetzner-08050640-fb08050640-worker-5"]: Creation complete after 1m1s [id=159206314]
        hcloud_server.workers["e2e-hetzner-08050640-fb08050640-worker-4"]: Creation complete after 1m1s [id=159206315]
        talos_machine_configuration_apply.worker["e2e-hetzner-08050640-fb08050640-worker-4"]: Creating...
        talos_machine_configuration_apply.worker["e2e-hetzner-08050640-fb08050640-worker-6"]: Creating...
        talos_machine_configuration_apply.worker["e2e-hetzner-08050640-fb08050640-worker-5"]: Creating...
        talos_machine_configuration_apply.worker["e2e-hetzner-08050640-fb08050640-worker-2"]: Creating...
        talos_machine_configuration_apply.worker["e2e-hetzner-08050640-fb08050640-worker-1"]: Creating...
        talos_machine_configuration_apply.worker["e2e-hetzner-08050640-fb08050640-worker-3"]: Creating...
        talos_machine_configuration_apply.worker["e2e-hetzner-08050640-fb08050640-worker-5"]: Creation complete after 0s [id=machine_configuration_apply]
        talos_machine_configuration_apply.worker["e2e-hetzner-08050640-fb08050640-worker-4"]: Creation complete after 0s [id=machine_configuration_apply]
        talos_machine_configuration_apply.worker["e2e-hetzner-08050640-fb08050640-worker-6"]: Creation complete after 0s [id=machine_configuration_apply]
        talos_machine_configuration_apply.worker["e2e-hetzner-08050640-fb08050640-worker-1"]: Creation complete after 0s [id=machine_configuration_apply]
        talos_machine_configuration_apply.worker["e2e-hetzner-08050640-fb08050640-worker-2"]: Creation complete after 0s [id=machine_configuration_apply]
        talos_machine_configuration_apply.worker["e2e-hetzner-08050640-fb08050640-worker-3"]: Creation complete after 0s [id=machine_configuration_apply]
        
        Apply complete! Resources: 33 added, 0 changed, 0 destroyed.
        
        Outputs:
        
        bootstrap_manifests = [REDACTED]
        bucket_endpoints = {}
        bucket_names = []
        dns_name_servers = []
        dns_zone_id = ""
        kubeconfig = [REDACTED]
        network_id = "12520247"
        talos_cluster_endpoint = "https://178.104.129.165:6443"
        talos_cluster_name = "e2e-hetzner-08050640-fb08050640"
        talosconfig = [REDACTED]
        Getting OpenTofu outputs...
        Writing Talos kubeconfig for cluster e2e-hetzner-08050640-fb08050640...
        Kubeconfig written to /Users/borislavborisov/.alethia/kubeconfig
        Bootstrapping cluster CNI + cloud integration (self-managed)...
        error: error validating "/var/folders/vm/lhl4207s6nx4bn8xn8slz2lr0000gn/T/alethia-bootstrap-2025560631/bootstrap.yaml": error validating data: failed to download openapi: Get "https://178.104.129.165:6443/openapi/v2?timeout=32s": dial tcp 178.104.129.165:6443: connect: connection refused; if you choose to ignore these errors, turn validation off with --validate=false
        CNI bootstrap attempt 1/4 failed (API/CRD not ready yet): command returned non-zero exit code: exit status 1
        secret/hcloud serverside-applied
        namespace/cilium-secrets serverside-applied
        serviceaccount/cilium serverside-applied
        role.rbac.authorization.k8s.io/cilium-config-agent serverside-applied
        role.rbac.authorization.k8s.io/cilium-tlsinterception-secrets serverside-applied
        role.rbac.authorization.k8s.io/cilium-operator-tlsinterception-secrets serverside-applied
        role.rbac.authorization.k8s.io/cilium-operator-ztunnel serverside-applied
        rolebinding.rbac.authorization.k8s.io/cilium-config-agent serverside-applied
        rolebinding.rbac.authorization.k8s.io/cilium-tlsinterception-secrets serverside-applied
        rolebinding.rbac.authorization.k8s.io/cilium-operator-tlsinterception-secrets serverside-applied
        rolebinding.rbac.authorization.k8s.io/cilium-operator-ztunnel serverside-applied
        service/cilium-envoy serverside-applied
        daemonset.apps/cilium serverside-applied
        serviceaccount/cilium-envoy serverside-applied
        daemonset.apps/cilium-envoy serverside-applied
        deployment.apps/cilium-operator serverside-applied
        serviceaccount/cilium-operator serverside-applied
        configmap/cilium-config serverside-applied
        configmap/cilium-envoy-config serverside-applied
        clusterrole.rbac.authorization.k8s.io/cilium serverside-applied
        clusterrole.rbac.authorization.k8s.io/cilium-operator serverside-applied
        clusterrolebinding.rbac.authorization.k8s.io/cilium serverside-applied
        clusterrolebinding.rbac.authorization.k8s.io/cilium-operator serverside-applied
        serviceaccount/hcloud-cloud-controller-manager serverside-applied
        clusterrole.rbac.authorization.k8s.io/system:hcloud-cloud-controller-manager serverside-applied
        clusterrolebinding.rbac.authorization.k8s.io/system:hcloud-cloud-controller-manager:restricted serverside-applied
        deployment.apps/hcloud-cloud-controller-manager serverside-applied
        serviceaccount/hcloud-csi-controller serverside-applied
        storageclass.storage.k8s.io/hcloud-volumes serverside-applied
        clusterrole.rbac.authorization.k8s.io/hcloud-csi-controller serverside-applied
        clusterrolebinding.rbac.authorization.k8s.io/hcloud-csi-controller serverside-applied
        daemonset.apps/hcloud-csi-node serverside-applied
        deployment.apps/hcloud-csi-controller serverside-applied
        csidriver.storage.k8s.io/csi.hetzner.cloud serverside-applied
        Waiting for the cluster to become reachable (timeout 8m0s)...
        Cluster API server is reachable.
        2/7 nodes Ready.
        Verifying a pod can reach the API server (ClusterIP 10.0.96.1:443) across the cluster network...
        A pod reached the API server across the cluster network — pod datapath is healthy.
        Installing ArgoCD...
        "argo" already exists with the same configuration, skipping
        Hang tight while we grab the latest from your chart repositories...
        ...Successfully got an update from the "hcloud" chart repository
        ...Successfully got an update from the "vmware-tanzu" chart repository
        ...Successfully got an update from the "vel-r" chart repository
        ...Successfully got an update from the "keda-r" chart repository
        ...Successfully got an update from the "cm-r" chart repository
        ...Successfully got an update from the "kyv-r" chart repository
        ...Successfully got an update from the "ing-r" chart repository
        ...Successfully got an update from the "gold-r" chart repository
        ...Successfully got an update from the "vault-r" chart repository
        ...Successfully got an update from the "tem-r" chart repository
        ...Successfully got an update from the "ot" chart repository
        ...Successfully got an update from the "loki-r" chart repository
        ...Successfully got an update from the "ar-r" chart repository
        ...Successfully got an update from the "argo" chart repository
        ...Successfully got an update from the "otel-r" chart repository
        ...Successfully got an update from the "trivy-r" chart repository
        ...Successfully got an update from the "ss-r" chart repository
        ...Successfully got an update from the "minio-official" chart repository
        ...Successfully got an update from the "edns-r" chart repository
        ...Successfully got an update from the "minio-r" chart repository
        ...Successfully got an update from the "harbor-r" chart repository
        ...Successfully got an update from the "goharbor" chart repository
        ...Successfully got an update from the "valkey-io" chart repository
        ...Successfully got an update from the "rel-r" chart repository
        ...Successfully got an update from the "stakater" chart repository
        ...Successfully got an update from the "kps-r" chart repository
        ...Successfully got an update from the "prometheus-community" chart repository
        ...Successfully got an update from the "cnpg" chart repository
        ...Successfully got an update from the "falco-r" chart repository
        ...Successfully got an update from the "external-secrets" chart repository
        ...Successfully got an update from the "cloudpirates" chart repository
        ...Successfully got an update from the "bitnami" chart repository
        ...Successfully got an update from the "rmq" chart repository
        Update Complete. ⎈Happy Helming!⎈
        namespace/argocd created
        secret/argocd-redis created
        Pre-seeded argocd-redis secret (avoids the chart's flaky redis-secret-init hook).
        Release "argo-cd" does not exist. Installing it now.
        NAME: argo-cd
        LAST DEPLOYED: Wed Aug  5 09:45:19 2026
        NAMESPACE: argocd
        STATUS: deployed
        REVISION: 1
        TEST SUITE: None
        NOTES:
        In order to access the server UI you have the following options:
        
        1. kubectl port-forward service/argo-cd-argocd-server -n argocd 8080:443
        
            and then open the browser on http://localhost:8080 and accept the certificate
        
        2. enable ingress in the values file `server.ingress.enabled` and either
              - Add the annotation for ssl passthrough: https://argo-cd.readthedocs.io/en/stable/operator-manual/ingress/#option-1-ssl-passthrough
              - Set the `configs.params."server.insecure"` in the values file and terminate SSL at your ingress: https://argo-cd.readthedocs.io/en/stable/operator-manual/ingress/#option-2-multiple-ingress-objects-and-hosts
        
        
        After reaching the UI the first time you can login with username: admin and the random password generated during the installation. You can find the password by running:
        
        kubectl -n argocd get secret argocd-initial-admin-secret -o jsonpath="{.data.password}" | base64 -d
        
        (You should delete the initial secret afterwards as suggested by the Getting Started Guide: https://argo-cd.readthedocs.io/en/stable/getting_started/#4-login-using-the-cli)
        ArgoCD installed.
        ArgoCD ready (no ingress on this cloud yet — access via port-forward; retrieve the admin password on-demand from argocd-initial-admin-secret).
        Seeding external-dns credential secret external-dns-hetzner...
        namespace/external-dns created
        secret/external-dns-hetzner created
        Applying ArgoCD infrastructure applications...
        Warning: metadata.finalizers: "resources-finalizer.argocd.argoproj.io": prefer a domain-qualified finalizer name including a path (/) to avoid accidental conflicts with other finalizer writers
        application.argoproj.io/external-secrets-operator created
        application.argoproj.io/metrics-server created
        appproject.argoproj.io/infra created
        ArgoCD infrastructure applications applied.
        external-dns is not rendered for this configuration — removing any stale install...
        error: the server doesn't have a resource type "clusterissuer"
        Warning: could not remove stale cert-manager ClusterIssuer letsencrypt-prod: command returned non-zero exit code: exit status 1
        error: the server doesn't have a resource type "clustersecretstore"
        Warning: could not remove stale ClusterSecretStore secretstore-generic: command returned non-zero exit code: exit status 1
        error: the server doesn't have a resource type "clustersecretstore"
        Warning: could not remove stale ClusterSecretStore secretstore-aws-xacct: command returned non-zero exit code: exit status 1
        error: the server doesn't have a resource type "clustersecretstore"
        Warning: could not remove stale ClusterSecretStore secretstore-aws: command returned non-zero exit code: exit status 1
        error: the server doesn't have a resource type "clustersecretstore"
        Warning: could not remove stale ClusterSecretStore secretstore-alibaba: command returned non-zero exit code: exit status 1
        error: the server doesn't have a resource type "clustersecretstore"
        Warning: could not remove stale ClusterSecretStore secretstore-doppler: command returned non-zero exit code: exit status 1
        error: the server doesn't have a resource type "clustersecretstore"
        Warning: could not remove stale ClusterSecretStore secretstore-gcp-xacct: command returned non-zero exit code: exit status 1
        error: the server doesn't have a resource type "clustersecretstore"
        Warning: could not remove stale ClusterSecretStore secretstore-azure-xacct: command returned non-zero exit code: exit status 1
        error: the server doesn't have a resource type "clustersecretstore"
        Warning: could not remove stale ClusterSecretStore secretstore-alibaba-xacct: command returned non-zero exit code: exit status 1
        error: the server doesn't have a resource type "clustersecretstore"
        Warning: could not remove stale ClusterSecretStore secretstore-gcp: command returned non-zero exit code: exit status 1
        error: the server doesn't have a resource type "clustersecretstore"
        Warning: could not remove stale ClusterSecretStore secretstore-azure: command returned non-zero exit code: exit status 1
        error: the server doesn't have a resource type "clustersecretstore"
        Warning: could not remove stale ClusterSecretStore secretstore-vault: command returned non-zero exit code: exit status 1
        Applying add-on wave 1 (4 application(s))...
        Warning: metadata.finalizers: "resources-finalizer.argocd.argoproj.io": prefer a domain-qualified finalizer name including a path (/) to avoid accidental conflicts with other finalizer writers
        application.argoproj.io/addon-ingress-nginx created
        Warning: metadata.finalizers: "resources-finalizer.argocd.argoproj.io": prefer a domain-qualified finalizer name including a path (/) to avoid accidental conflicts with other finalizer writers
        application.argoproj.io/addon-kyverno created
        Warning: metadata.finalizers: "resources-finalizer.argocd.argoproj.io": prefer a domain-qualified finalizer name including a path (/) to avoid accidental conflicts with other finalizer writers
        application.argoproj.io/addon-reloader created
        Warning: metadata.finalizers: "resources-finalizer.argocd.argoproj.io": prefer a domain-qualified finalizer name including a path (/) to avoid accidental conflicts with other finalizer writers
        application.argoproj.io/addon-sealed-secrets created
        Applying add-on wave 2 (9 application(s))...
        Warning: metadata.finalizers: "resources-finalizer.argocd.argoproj.io": prefer a domain-qualified finalizer name including a path (/) to avoid accidental conflicts with other finalizer writers
        application.argoproj.io/addon-argo-rollouts created
        Warning: metadata.finalizers: "resources-finalizer.argocd.argoproj.io": prefer a domain-qualified finalizer name including a path (/) to avoid accidental conflicts with other finalizer writers
        application.argoproj.io/addon-external-dns created
        Warning: metadata.finalizers: "resources-finalizer.argocd.argoproj.io": prefer a domain-qualified finalizer name including a path (/) to avoid accidental conflicts with other finalizer writers
        application.argoproj.io/addon-falco created
        Warning: metadata.finalizers: "resources-finalizer.argocd.argoproj.io": prefer a domain-qualified finalizer name including a path (/) to avoid accidental conflicts with other finalizer writers
        application.argoproj.io/addon-harbor created
        Warning: metadata.finalizers: "resources-finalizer.argocd.argoproj.io": prefer a domain-qualified finalizer name including a path (/) to avoid accidental conflicts with other finalizer writers
        application.argoproj.io/addon-keda created
        Warning: metadata.finalizers: "resources-finalizer.argocd.argoproj.io": prefer a domain-qualified finalizer name including a path (/) to avoid accidental conflicts with other finalizer writers
        application.argoproj.io/addon-kube-prometheus-stack created
        Warning: metadata.finalizers: "resources-finalizer.argocd.argoproj.io": prefer a domain-qualified finalizer name including a path (/) to avoid accidental conflicts with other finalizer writers
        application.argoproj.io/addon-minio created
        Warning: metadata.finalizers: "resources-finalizer.argocd.argoproj.io": prefer a domain-qualified finalizer name including a path (/) to avoid accidental conflicts with other finalizer writers
        application.argoproj.io/addon-trivy-operator created
        Warning: metadata.finalizers: "resources-finalizer.argocd.argoproj.io": prefer a domain-qualified finalizer name including a path (/) to avoid accidental conflicts with other finalizer writers
        application.argoproj.io/addon-vault created
        Applying add-on wave 3 (4 application(s))...
        Warning: metadata.finalizers: "resources-finalizer.argocd.argoproj.io": prefer a domain-qualified finalizer name including a path (/) to avoid accidental conflicts with other finalizer writers
        application.argoproj.io/addon-loki created
        Warning: metadata.finalizers: "resources-finalizer.argocd.argoproj.io": prefer a domain-qualified finalizer name including a path (/) to avoid accidental conflicts with other finalizer writers
        application.argoproj.io/addon-opentelemetry-collector created
        Warning: metadata.finalizers: "resources-finalizer.argocd.argoproj.io": prefer a domain-qualified finalizer name including a path (/) to avoid accidental conflicts with other finalizer writers
        application.argoproj.io/addon-tempo created
        Warning: metadata.finalizers: "resources-finalizer.argocd.argoproj.io": prefer a domain-qualified finalizer name including a path (/) to avoid accidental conflicts with other finalizer writers
        application.argoproj.io/addon-velero created
        Applying add-on wave 4 (1 application(s))...
        Warning: metadata.finalizers: "resources-finalizer.argocd.argoproj.io": prefer a domain-qualified finalizer name including a path (/) to avoid accidental conflicts with other finalizer writers
        application.argoproj.io/addon-goldilocks created
        Warning: could not list BYO binding ExternalSecrets to prune: command failed: exit status 1, stderr: error: the server doesn't have a resource type "externalsecrets"
        
        Waiting up to 10m0s for 18 add-on(s) to converge...
        Add-on convergence wait timed out after 10m0s: [addon-argo-rollouts(Healthy/OutOfSync) addon-external-dns(Degraded/Synced) addon-falco(Progressing/Synced) addon-harbor(Missing/OutOfSync) addon-ingress-nginx(Progressing/Synced) addon-kube-prometheus-stack(Progressing/Synced) addon-kyverno(Healthy/OutOfSync) addon-loki(Healthy/Unknown) addon-minio(Degraded/OutOfSync) addon-tempo(Healthy/OutOfSync) addon-vault(Progressing/OutOfSync) addon-velero(Missing/OutOfSync)]
        Deployment completed successfully.
        Warning: failed to persist Fabric talosconfig for placement re-mint: put talosconfig returned status 404
        {"time":"2026-08-05T09:56:01.295423+03:00","level":"INFO","msg":"job completed successfully","runner_id":"93c16fb1-321b-48f6-a032-df6f56d43a9f","job_id":"55527122-3b86-46d9-acb8-d8cde57f2654"}
        {"time":"2026-08-05T09:57:20.879245+03:00","level":"INFO","msg":"claimed job","runner_id":"93c16fb1-321b-48f6-a032-df6f56d43a9f","job_id":"7e974e82-a6bc-4972-8826-9a1412dd9296","job_type":"DETECT_DRIFT"}
        ▸ Job claimed — preparing workspace…
        Initializing OpenTofu...
        {
          "terraform_version": "1.12.3",
          "platform": "darwin_arm64",
          "provider_selections": {
            "registry.opentofu.org/aminueza/minio": "3.38.5",
            "registry.opentofu.org/hashicorp/helm": "2.17.0",
            "registry.opentofu.org/hcloud-talos/imager": "1.0.18",
            "registry.opentofu.org/hetznercloud/hcloud": "1.67.0",
            "registry.opentofu.org/siderolabs/talos": "0.11.0"
          }
        }
        
        Initializing the backend...
        
        Successfully configured the backend "http"! OpenTofu will automatically
        use this backend unless the backend configuration changes.
        
        Initializing provider plugins...
        - terraform.io/builtin/terraform is built in to OpenTofu
        - Reusing previous version of aminueza/minio from the dependency lock file
        - Reusing previous version of siderolabs/talos from the dependency lock file
        - Reusing previous version of hetznercloud/hcloud from the dependency lock file
        - Reusing previous version of hcloud-talos/imager from the dependency lock file
        - Reusing previous version of hashicorp/helm from the dependency lock file
        - Detected previously-installed hcloud-talos/imager v1.0.18 in the shared cache directory
        - Using hcloud-talos/imager v1.0.18 from the shared cache directory
        - Detected previously-installed hetznercloud/hcloud v1.67.0 in the shared cache directory
        - Using hetznercloud/hcloud v1.67.0 from the shared cache directory
        - Detected previously-installed aminueza/minio v3.38.5 in the shared cache directory
        - Using aminueza/minio v3.38.5 from the shared cache directory
        - Detected previously-installed hashicorp/helm v2.17.0 in the shared cache directory
        - Using hashicorp/helm v2.17.0 from the shared cache directory
        - Detected previously-installed siderolabs/talos v0.11.0 in the shared cache directory
        - Using siderolabs/talos v0.11.0 from the shared cache directory
        
        OpenTofu has been successfully initialized!
        Running OpenTofu plan (refresh-only)...
        data.helm_template.hcloud_csi: Reading...
        data.talos_image_factory_extensions_versions.this: Reading...
        data.hcloud_location.selected: Reading...
        data.helm_template.hcloud_ccm: Reading...
        data.helm_template.cilium: Reading...
        data.hcloud_location.selected: Read complete after 0s [name=nbg1]
        data.talos_image_factory_extensions_versions.this: Read complete after 0s [id=extensions_info]
        data.helm_template.hcloud_csi: Read complete after 3s [id=hcloud-csi]
        data.helm_template.cilium: Read complete after 7s [id=cilium]
        data.helm_template.hcloud_ccm: Still reading... [10s elapsed]
        data.helm_template.hcloud_ccm: Read complete after 11s [id=hcloud-cloud-controller-manager]
        
        Changes to Outputs:
          + bucket_endpoints   = {}
          + bucket_names       = []
          + dns_name_servers   = []
          + dns_zone_id        = ""
          + talos_cluster_name = "e2e-hetzner-08050640-fb08050640"
          + talosconfig        = (sensitive value)
        
        You can apply this plan to save these new output values to the OpenTofu
        state, without changing any real infrastructure.
        
        Warning: Value for undeclared variable
        
        The root module does not declare a variable named "secrets_provider" but a
        value was found in file
        "/var/folders/vm/lhl4207s6nx4bn8xn8slz2lr0000gn/T/alethia-drift-1559803695/work/tofu.tfvars.json".
        If you meant to use this value, add a "variable" block to the configuration.
        
        To silence these warnings, use TF_VAR_... environment variables to provide
        certain "global" settings to all configurations in your organization. To
        reduce the verbosity of these warnings, use the -compact-warnings option.
        
        Warning: Value for undeclared variable
        
        The root module does not declare a variable named "registry_provider" but a
        value was found in file
        "/var/folders/vm/lhl4207s6nx4bn8xn8slz2lr0000gn/T/alethia-drift-1559803695/work/tofu.tfvars.json".
        If you meant to use this value, add a "variable" block to the configuration.
        
        To silence these warnings, use TF_VAR_... environment variables to provide
        certain "global" settings to all configurations in your organization. To
        reduce the verbosity of these warnings, use the -compact-warnings option.
        
        Warning: Values for undeclared variables
        
        In addition to the other similar warnings shown, 2 other variable(s) defined
        without being declared.
        
        Error: Invalid index
        
          on image.tf line 71, in locals:
          71:   image_id_amd64 = local.need_amd64 ? imager_image.amd64[0].image_id : ""
            ├────────────────
            │ imager_image.amd64 is empty tuple
        
        The given key does not identify an element in this collection value: the
        collection has no elements.
        
        Error: Invalid index
        
          on network.tf line 60, in locals:
          60:   network_id       = var.provision_network ? hcloud_network.this[0].id : tostring(data.hcloud_network.existing[0].id)
            ├────────────────
            │ hcloud_network.this is empty tuple
        
        The given key does not identify an element in this collection value: the
        collection has no elements.
        
        Error: Invalid index
        
          on network.tf line 114, in locals:
         114:   control_plane_public_ip  = local.control_plane_public_ips[0]
            ├────────────────
            │ local.control_plane_public_ips is empty tuple
        
        The given key does not identify an element in this collection value: the
        collection has no elements.
        {"time":"2026-08-05T09:57:32.86193+03:00","level":"ERROR","msg":"job execution failed","runner_id":"93c16fb1-321b-48f6-a032-df6f56d43a9f","job_id":"7e974e82-a6bc-4972-8826-9a1412dd9296","job_type":"DETECT_DRIFT","err":"tofu plan -refresh-only failed: exit status 1\n\nError: Invalid index\n\n  on image.tf line 71, in locals:\n  71:   image_id_amd64 = local.need_amd64 ? imager_image.amd64[0].image_id : \"\"\n    ├────────────────\n    │ imager_image.amd64 is empty tuple\n\nThe given key does not identify an element in this collection value: the\ncollection has no elements.\n\nError: Invalid index\n\n  on network.tf line 60, in locals:\n  60:   network_id       = var.provision_network ? hcloud_network.this[0].id : tostring(data.hcloud_network.existing[0].id)\n    ├────────────────\n    │ hcloud_network.this is empty tuple\n\nThe given key does not identify an element in this collection value: the\ncollection has no elements.\n\nError: Invalid index\n\n  on network.tf line 114, in locals:\n 114:   control_plane_public_ip  = local.control_plane_public_ips[0]\n    ├────────────────\n    │ local.control_plane_public_ips is empty tuple\n\nThe given key does not identify an element in this collection value: the\ncollection has no elements.\n"}
        Error: tofu plan -refresh-only failed: exit status 1
        
        Error: Invalid index
        
          on image.tf line 71, in locals:
          71:   image_id_amd64 = local.need_amd64 ? imager_image.amd64[0].image_id : ""
            ├────────────────
            │ imager_image.amd64 is empty tuple
        
        The given key does not identify an element in this collection value: the
        collection has no elements.
        
        Error: Invalid index
        
          on network.tf line 60, in locals:
          60:   network_id       = var.provision_network ? hcloud_network.this[0].id : tostring(data.hcloud_network.existing[0].id)
            ├────────────────
            │ hcloud_network.this is empty tuple
        
        The given key does not identify an element in this collection value: the
        collection has no elements.
        
        Error: Invalid index
        
          on network.tf line 114, in locals:
         114:   control_plane_public_ip  = local.control_plane_public_ips[0]
            ├────────────────
            │ local.control_plane_public_ips is empty tuple
        
        The given key does not identify an element in this collection value: the
        collection has no elements.
        
        {"time":"2026-08-05T09:57:33.070408+03:00","level":"ERROR","msg":"job failed","runner_id":"93c16fb1-321b-48f6-a032-df6f56d43a9f","job_id":"7e974e82-a6bc-4972-8826-9a1412dd9296","err":"tofu plan -refresh-only failed: exit status 1\n\nError: Invalid index\n\n  on image.tf line 71, in locals:\n  71:   image_id_amd64 = local.need_amd64 ? imager_image.amd64[0].image_id : \"\"\n    ├────────────────\n    │ imager_image.amd64 is empty tuple\n\nThe given key does not identify an element in this collection value: the\ncollection has no elements.\n\nError: Invalid index\n\n  on network.tf line 60, in locals:\n  60:   network_id       = var.provision_network ? hcloud_network.this[0].id : tostring(data.hcloud_network.existing[0].id)\n    ├────────────────\n    │ hcloud_network.this is empty tuple\n\nThe given key does not identify an element in this collection value: the\ncollection has no elements.\n\nError: Invalid index\n\n  on network.tf line 114, in locals:\n 114:   control_plane_public_ip  = local.control_plane_public_ips[0]\n    ├────────────────\n    │ local.control_plane_public_ips is empty tuple\n\nThe given key does not identify an element in this collection value: the\ncollection has no elements.\n"}
        {"time":"2026-08-05T10:01:21.028004+03:00","level":"INFO","msg":"claimed job","runner_id":"93c16fb1-321b-48f6-a032-df6f56d43a9f","job_id":"1cc4dce1-e713-4543-9c97-fff0b88fc8b0","job_type":"PROBE_CLUSTER"}
        ▸ Job claimed — preparing workspace…
        Reading environment outputs from the state proxy (in-process, not persisted)...
        Initializing OpenTofu...
        Getting OpenTofu outputs...
        Probe: cluster unreachable (kubeconfig unavailable): no kubeconfig in Talos outputs
        Cluster is UNREACHABLE: cluster unreachable: kubeconfig unavailable
        {"time":"2026-08-05T10:01:21.77693+03:00","level":"INFO","msg":"job completed successfully","runner_id":"93c16fb1-321b-48f6-a032-df6f56d43a9f","job_id":"1cc4dce1-e713-4543-9c97-fff0b88fc8b0"}
    t2_provision_test.go:974: Destroying environment e2e-hetzner-08050640-fb08050640...
Initializing OpenTofu...
    t2_provision_test.go:974: {
    t2_provision_test.go:974:   "terraform_version": "1.12.3",
    t2_provision_test.go:974:   "platform": "darwin_arm64",
    t2_provision_test.go:974:   "provider_selections": {
    t2_provision_test.go:974:     "registry.opentofu.org/aminueza/minio": "3.38.5",
    t2_provision_test.go:974:     "registry.opentofu.org/hashicorp/helm": "2.17.0",
    t2_provision_test.go:974:     "registry.opentofu.org/hcloud-talos/imager": "1.0.18",
    t2_provision_test.go:974:     "registry.opentofu.org/hetznercloud/hcloud": "1.67.0",
    t2_provision_test.go:974:     "registry.opentofu.org/siderolabs/talos": "0.11.0"
    t2_provision_test.go:974:   }
    t2_provision_test.go:974: }
    t2_provision_test.go:974: 
    t2_provision_test.go:974: Initializing the backend...
    t2_provision_test.go:974: 
    t2_provision_test.go:974: Successfully configured the backend "http"! OpenTofu will automatically
    t2_provision_test.go:974: use this backend unless the backend configuration changes.
    t2_provision_test.go:974: 
    t2_provision_test.go:974: Initializing provider plugins...
    t2_provision_test.go:974: - terraform.io/builtin/terraform is built in to OpenTofu
    t2_provision_test.go:974: - Reusing previous version of hetznercloud/hcloud from the dependency lock file
    t2_provision_test.go:974: - Reusing previous version of hcloud-talos/imager from the dependency lock file
    t2_provision_test.go:974: - Reusing previous version of aminueza/minio from the dependency lock file
    t2_provision_test.go:974: - Reusing previous version of hashicorp/helm from the dependency lock file
    t2_provision_test.go:974: - Reusing previous version of siderolabs/talos from the dependency lock file
    t2_provision_test.go:974: - Detected previously-installed aminueza/minio v3.38.5 in the shared cache directory
    t2_provision_test.go:974: - Using aminueza/minio v3.38.5 from the shared cache directory
    t2_provision_test.go:974: - Detected previously-installed hcloud-talos/imager v1.0.18 in the shared cache directory
    t2_provision_test.go:974: - Using hcloud-talos/imager v1.0.18 from the shared cache directory
    t2_provision_test.go:974: - Detected previously-installed hetznercloud/hcloud v1.67.0 in the shared cache directory
    t2_provision_test.go:974: - Using hetznercloud/hcloud v1.67.0 from the shared cache directory
    t2_provision_test.go:974: - Detected previously-installed hashicorp/helm v2.17.0 in the shared cache directory
    t2_provision_test.go:974: - Using hashicorp/helm v2.17.0 from the shared cache directory
    t2_provision_test.go:974: - Detected previously-installed siderolabs/talos v0.11.0 in the shared cache directory
    t2_provision_test.go:974: - Using siderolabs/talos v0.11.0 from the shared cache directory
    t2_provision_test.go:974: 
    t2_provision_test.go:974: OpenTofu has been successfully initialized!
    t2_provision_test.go:974:    Destroying Cloud Resources (this may take 10-15 mins)...
Running OpenTofu destroy...
    t2_provision_test.go:974: data.talos_image_factory_extensions_versions.this: Reading...
    t2_provision_test.go:974: talos_machine_secrets.this: Refreshing state... [id=machine_secrets]
    t2_provision_test.go:974: terraform_data.dns_zone_guard: Refreshing state... [id=21c24a44-2b10-920d-f8dc-8f2890da5acb]
    t2_provision_test.go:974: terraform_data.compat_k8s_guard: Refreshing state... [id=fb95bed2-37ec-c378-ae62-6acf659d53a1]
    t2_provision_test.go:974: hcloud_network.this[0]: Refreshing state... [id=12520247]
    t2_provision_test.go:974: data.hcloud_location.selected: Reading...
    t2_provision_test.go:974: terraform_data.byo_network_guard: Refreshing state... [id=503268e0-e05e-213c-c70d-266ed0bc4dad]
    t2_provision_test.go:974: hcloud_firewall.this: Refreshing state... [id=11419420]
    t2_provision_test.go:974: data.helm_template.hcloud_ccm: Reading...
    t2_provision_test.go:974: data.helm_template.hcloud_csi: Reading...
    t2_provision_test.go:974: data.helm_template.cilium: Reading...
    t2_provision_test.go:974: data.hcloud_location.selected: Read complete after 0s [name=nbg1]
    t2_provision_test.go:974: hcloud_network_subnet.nodes: Refreshing state... [id=12520247-10.0.0.0/24]
    t2_provision_test.go:974: hcloud_primary_ip.control_plane_ipv4[0]: Refreshing state... [name=e2e-hetzner-08050640-fb08050640-cp-1-ipv4]
    t2_provision_test.go:974: hcloud_primary_ip.worker_ipv4[0]: Refreshing state... [name=e2e-hetzner-08050640-fb08050640-worker-1-ipv4]
    t2_provision_test.go:974: hcloud_primary_ip.worker_ipv4[5]: Refreshing state... [name=e2e-hetzner-08050640-fb08050640-worker-6-ipv4]
    t2_provision_test.go:974: hcloud_primary_ip.worker_ipv4[3]: Refreshing state... [name=e2e-hetzner-08050640-fb08050640-worker-4-ipv4]
    t2_provision_test.go:974: hcloud_primary_ip.worker_ipv4[1]: Refreshing state... [name=e2e-hetzner-08050640-fb08050640-worker-2-ipv4]
    t2_provision_test.go:974: hcloud_primary_ip.worker_ipv4[2]: Refreshing state... [name=e2e-hetzner-08050640-fb08050640-worker-3-ipv4]
    t2_provision_test.go:974: hcloud_primary_ip.worker_ipv4[4]: Refreshing state... [name=e2e-hetzner-08050640-fb08050640-worker-5-ipv4]
    t2_provision_test.go:974: data.talos_client_configuration.this: Reading...
    t2_provision_test.go:974: data.talos_client_configuration.this: Read complete after 0s [id=e2e-hetzner-08050640-fb08050640]
    t2_provision_test.go:974: data.talos_machine_configuration.worker: Reading...
    t2_provision_test.go:974: data.talos_machine_configuration.control_plane: Reading...
    t2_provision_test.go:974: data.talos_machine_configuration.worker: Read complete after 0s [id=e2e-hetzner-08050640-fb08050640]
    t2_provision_test.go:974: data.talos_machine_configuration.control_plane: Read complete after 0s [id=e2e-hetzner-08050640-fb08050640]
    t2_provision_test.go:974: data.talos_image_factory_extensions_versions.this: Read complete after 0s [id=extensions_info]
    t2_provision_test.go:974: talos_image_factory_schematic.this: Refreshing state... [id=ce4c980550dd2ab1b17bbf2b08801c7eb59418eafe8f279833297925d67c7515]
    t2_provision_test.go:974: data.talos_image_factory_urls.amd64[0]: Reading...
    t2_provision_test.go:974: data.talos_image_factory_urls.amd64[0]: Read complete after 0s
    t2_provision_test.go:974: imager_image.amd64[0]: Refreshing state... [id=416513112]
    t2_provision_test.go:974: hcloud_server.workers["e2e-hetzner-08050640-fb08050640-worker-2"]: Refreshing state... [id=159206311]
    t2_provision_test.go:974: hcloud_server.control_planes["e2e-hetzner-08050640-fb08050640-cp-1"]: Refreshing state... [id=159206312]
    t2_provision_test.go:974: hcloud_server.workers["e2e-hetzner-08050640-fb08050640-worker-1"]: Refreshing state... [id=159206313]
    t2_provision_test.go:974: hcloud_server.workers["e2e-hetzner-08050640-fb08050640-worker-3"]: Refreshing state... [id=159206309]
    t2_provision_test.go:974: hcloud_server.workers["e2e-hetzner-08050640-fb08050640-worker-5"]: Refreshing state... [id=159206314]
    t2_provision_test.go:974: hcloud_server.workers["e2e-hetzner-08050640-fb08050640-worker-4"]: Refreshing state... [id=159206315]
    t2_provision_test.go:974: hcloud_server.workers["e2e-hetzner-08050640-fb08050640-worker-6"]: Refreshing state... [id=159206310]
    t2_provision_test.go:974: talos_machine_configuration_apply.control_plane["e2e-hetzner-08050640-fb08050640-cp-1"]: Refreshing state... [id=machine_configuration_apply]
    t2_provision_test.go:974: talos_machine_bootstrap.this: Refreshing state... [id=machine_bootstrap]
    t2_provision_test.go:974: talos_cluster_kubeconfig.this: [REDACTED] state... [id=e2e-hetzner-08050640-fb08050640]
    t2_provision_test.go:974: talos_machine_configuration_apply.worker["e2e-hetzner-08050640-fb08050640-worker-2"]: Refreshing state... [id=machine_configuration_apply]
    t2_provision_test.go:974: talos_machine_configuration_apply.worker["e2e-hetzner-08050640-fb08050640-worker-6"]: Refreshing state... [id=machine_configuration_apply]
    t2_provision_test.go:974: talos_machine_configuration_apply.worker["e2e-hetzner-08050640-fb08050640-worker-1"]: Refreshing state... [id=machine_configuration_apply]
    t2_provision_test.go:974: talos_machine_configuration_apply.worker["e2e-hetzner-08050640-fb08050640-worker-4"]: Refreshing state... [id=machine_configuration_apply]
    t2_provision_test.go:974: talos_machine_configuration_apply.worker["e2e-hetzner-08050640-fb08050640-worker-3"]: Refreshing state... [id=machine_configuration_apply]
    t2_provision_test.go:974: talos_machine_configuration_apply.worker["e2e-hetzner-08050640-fb08050640-worker-5"]: Refreshing state... [id=machine_configuration_apply]
    t2_provision_test.go:974: data.helm_template.hcloud_ccm: Read complete after 4s [id=hcloud-cloud-controller-manager]
    t2_provision_test.go:974: data.helm_template.hcloud_csi: Read complete after 7s [id=hcloud-csi]
    t2_provision_test.go:974: terraform_data.csi_volume_label_guard: Refreshing state... [id=cd38394e-6d79-44a2-af50-c16279610a99]
    t2_provision_test.go:974: data.helm_template.cilium: Still reading... [10s elapsed]
    t2_provision_test.go:974: data.helm_template.cilium: Read complete after 10s [id=cilium]
    t2_provision_test.go:974: 
    t2_provision_test.go:974: OpenTofu used the selected providers to generate the following execution
    t2_provision_test.go:974: plan. Resource actions are indicated with the following symbols:
    t2_provision_test.go:974:   - destroy
    t2_provision_test.go:974: 
    t2_provision_test.go:974: OpenTofu will perform the following actions:
    t2_provision_test.go:974: 
    t2_provision_test.go:974:   # hcloud_firewall.this will be destroyed
    t2_provision_test.go:974:   - resource "hcloud_firewall" "this" {
    t2_provision_test.go:974:       - id     = "11419420" -> null
    t2_provision_test.go:974:       - labels = {
    t2_provision_test.go:974:           - "alethia_project-id" = "e2e-fb08050640"
    t2_provision_test.go:974:           - "cluster"            = "e2e-hetzner-08050640-fb08050640"
    t2_provision_test.go:974:         } -> null
    t2_provision_test.go:974:       - name   = "e2e-hetzner-08050640-fb08050640" -> null
    t2_provision_test.go:974: 
    t2_provision_test.go:974:       - apply_to {
    t2_provision_test.go:974:           - server = 159206309 -> null
    t2_provision_test.go:974:         }
    t2_provision_test.go:974:       - apply_to {
    t2_provision_test.go:974:           - server = 159206310 -> null
    t2_provision_test.go:974:         }
    t2_provision_test.go:974:       - apply_to {
    t2_provision_test.go:974:           - server = 159206311 -> null
    t2_provision_test.go:974:         }
    t2_provision_test.go:974:       - apply_to {
    t2_provision_test.go:974:           - server = 159206312 -> null
    t2_provision_test.go:974:         }
    t2_provision_test.go:974:       - apply_to {
    t2_provision_test.go:974:           - server = 159206313 -> null
    t2_provision_test.go:974:         }
    t2_provision_test.go:974:       - apply_to {
    t2_provision_test.go:974:           - server = 159206314 -> null
    t2_provision_test.go:974:         }
    t2_provision_test.go:974:       - apply_to {
    t2_provision_test.go:974:           - server = 159206315 -> null
    t2_provision_test.go:974:         }
    t2_provision_test.go:974: 
    t2_provision_test.go:974:       - rule {
    t2_provision_test.go:974:           - description     = "Intra-cluster ICMP (private network)" -> null
    t2_provision_test.go:974:           - destination_ips = [] -> null
    t2_provision_test.go:974:           - direction       = "in" -> null
    t2_provision_test.go:974:           - protocol        = "icmp" -> null
    t2_provision_test.go:974:           - source_ips      = [
    t2_provision_test.go:974:               - "10.0.0.0/16",
    t2_provision_test.go:974:             ] -> null
    t2_provision_test.go:974:         }
    t2_provision_test.go:974:       - rule {
    t2_provision_test.go:974:           - description     = "Intra-cluster TCP (private network)" -> null
    t2_provision_test.go:974:           - destination_ips = [] -> null
    t2_provision_test.go:974:           - direction       = "in" -> null
    t2_provision_test.go:974:           - port            = "any" -> null
    t2_provision_test.go:974:           - protocol        = "tcp" -> null
    t2_provision_test.go:974:           - source_ips      = [
    t2_provision_test.go:974:               - "10.0.0.0/16",
    t2_provision_test.go:974:             ] -> null
    t2_provision_test.go:974:         }
    t2_provision_test.go:974:       - rule {
    t2_provision_test.go:974:           - description     = "Intra-cluster UDP (private network)" -> null
    t2_provision_test.go:974:           - destination_ips = [] -> null
    t2_provision_test.go:974:           - direction       = "in" -> null
    t2_provision_test.go:974:           - port            = "any" -> null
    t2_provision_test.go:974:           - protocol        = "udp" -> null
    t2_provision_test.go:974:           - source_ips      = [
    t2_provision_test.go:974:               - "10.0.0.0/16",
    t2_provision_test.go:974:             ] -> null
    t2_provision_test.go:974:         }
    t2_provision_test.go:974:       - rule {
    t2_provision_test.go:974:           - description     = "Kubernetes API server" -> null
    t2_provision_test.go:974:           - destination_ips = [] -> null
    t2_provision_test.go:974:           - direction       = "in" -> null
    t2_provision_test.go:974:           - port            = "6443" -> null
    t2_provision_test.go:974:           - protocol        = "tcp" -> null
    t2_provision_test.go:974:           - source_ips      = [
    t2_provision_test.go:974:               - "0.0.0.0/0",
    t2_provision_test.go:974:               - "::/0",
    t2_provision_test.go:974:             ] -> null
    t2_provision_test.go:974:         }
    t2_provision_test.go:974:       - rule {
    t2_provision_test.go:974:           - description     = "Talos apid (trustd)" -> null
    t2_provision_test.go:974:           - destination_ips = [] -> null
    t2_provision_test.go:974:           - direction       = "in" -> null
    t2_provision_test.go:974:           - port            = "50001" -> null
    t2_provision_test.go:974:           - protocol        = "tcp" -> null
    t2_provision_test.go:974:           - source_ips      = [
    t2_provision_test.go:974:               - "0.0.0.0/0",
    t2_provision_test.go:974:               - "::/0",
    t2_provision_test.go:974:             ] -> null
    t2_provision_test.go:974:         }
    t2_provision_test.go:974:       - rule {
    t2_provision_test.go:974:           - description     = "Talos apid" -> null
    t2_provision_test.go:974:           - destination_ips = [] -> null
    t2_provision_test.go:974:           - direction       = "in" -> null
    t2_provision_test.go:974:           - port            = "50000" -> null
    t2_provision_test.go:974:           - protocol        = "tcp" -> null
    t2_provision_test.go:974:           - source_ips      = [
    t2_provision_test.go:974:               - "0.0.0.0/0",
    t2_provision_test.go:974:               - "::/0",
    t2_provision_test.go:974:             ] -> null
    t2_provision_test.go:974:         }
    t2_provision_test.go:974:     }
    t2_provision_test.go:974: 
    t2_provision_test.go:974:   # hcloud_network.this[0] will be destroyed
    t2_provision_test.go:974:   - resource "hcloud_network" "this" {
    t2_provision_test.go:974:       - delete_protection        = false -> null
    t2_provision_test.go:974:       - expose_routes_to_vswitch = false -> null
    t2_provision_test.go:974:       - id                       = "12520247" -> null
    t2_provision_test.go:974:       - ip_range                 = "10.0.0.0/16" -> null
    t2_provision_test.go:974:       - labels                   = {
    t2_provision_test.go:974:           - "alethia_project-id" = "e2e-fb08050640"
    t2_provision_test.go:974:           - "cluster"            = "e2e-hetzner-08050640-fb08050640"
    t2_provision_test.go:974:         } -> null
    t2_provision_test.go:974:       - name                     = "e2e-hetzner-08050640-fb08050640" -> null
    t2_provision_test.go:974:     }
    t2_provision_test.go:974: 
    t2_provision_test.go:974:   # hcloud_network_subnet.nodes will be destroyed
    t2_provision_test.go:974:   - resource "hcloud_network_subnet" "nodes" {
    t2_provision_test.go:974:       - gateway      = "10.0.0.1" -> null
    t2_provision_test.go:974:       - id           = "12520247-10.0.0.0/24" -> null
    t2_provision_test.go:974:       - ip_range     = "10.0.0.0/24" -> null
    t2_provision_test.go:974:       - network_id   = 12520247 -> null
    t2_provision_test.go:974:       - network_zone = "eu-central" -> null
    t2_provision_test.go:974:       - type         = "cloud" -> null
    t2_provision_test.go:974:     }
    t2_provision_test.go:974: 
    t2_provision_test.go:974:   # hcloud_primary_ip.control_plane_ipv4[0] will be destroyed
    t2_provision_test.go:974:   - resource "hcloud_primary_ip" "control_plane_ipv4" {
    t2_provision_test.go:974:       - assignee_id       = 159206312 -> null
    t2_provision_test.go:974:       - assignee_type     = "server" -> null
    t2_provision_test.go:974:       - auto_delete       = false -> null
    t2_provision_test.go:974:       - delete_protection = false -> null
    t2_provision_test.go:974:       - id                = 143517438 -> null
    t2_provision_test.go:974:       - ip_address        = "178.104.129.165" -> null
    t2_provision_test.go:974:       - labels            = {
    t2_provision_test.go:974:           - "alethia_project-id" = "e2e-fb08050640"
    t2_provision_test.go:974:           - "cluster"            = "e2e-hetzner-08050640-fb08050640"
    t2_provision_test.go:974:           - "role"               = "control-plane"
    t2_provision_test.go:974:         } -> null
    t2_provision_test.go:974:       - location          = "nbg1" -> null
    t2_provision_test.go:974:       - name              = "e2e-hetzner-08050640-fb08050640-cp-1-ipv4" -> null
    t2_provision_test.go:974:       - type              = "ipv4" -> null
    t2_provision_test.go:974:     }
    t2_provision_test.go:974: 
    t2_provision_test.go:974:   # hcloud_primary_ip.worker_ipv4[0] will be destroyed
    t2_provision_test.go:974:   - resource "hcloud_primary_ip" "worker_ipv4" {
    t2_provision_test.go:974:       - assignee_id       = 159206313 -> null
    t2_provision_test.go:974:       - assignee_type     = "server" -> null
    t2_provision_test.go:974:       - auto_delete       = false -> null
    t2_provision_test.go:974:       - delete_protection = false -> null
    t2_provision_test.go:974:       - id                = 143517434 -> null
    t2_provision_test.go:974:       - ip_address        = "167.235.154.0" -> null
    t2_provision_test.go:974:       - labels            = {
    t2_provision_test.go:974:           - "alethia_project-id" = "e2e-fb08050640"
    t2_provision_test.go:974:           - "cluster"            = "e2e-hetzner-08050640-fb08050640"
    t2_provision_test.go:974:           - "role"               = "worker"
    t2_provision_test.go:974:         } -> null
    t2_provision_test.go:974:       - location          = "nbg1" -> null
    t2_provision_test.go:974:       - name              = "e2e-hetzner-08050640-fb08050640-worker-1-ipv4" -> null
    t2_provision_test.go:974:       - type              = "ipv4" -> null
    t2_provision_test.go:974:     }
    t2_provision_test.go:974: 
    t2_provision_test.go:974:   # hcloud_primary_ip.worker_ipv4[1] will be destroyed
    t2_provision_test.go:974:   - resource "hcloud_primary_ip" "worker_ipv4" {
    t2_provision_test.go:974:       - assignee_id       = 159206311 -> null
    t2_provision_test.go:974:       - assignee_type     = "server" -> null
    t2_provision_test.go:974:       - auto_delete       = false -> null
    t2_provision_test.go:974:       - delete_protection = false -> null
    t2_provision_test.go:974:       - id                = 143517433 -> null
    t2_provision_test.go:974:       - ip_address        = "167.235.139.183" -> null
    t2_provision_test.go:974:       - labels            = {
    t2_provision_test.go:974:           - "alethia_project-id" = "e2e-fb08050640"
    t2_provision_test.go:974:           - "cluster"            = "e2e-hetzner-08050640-fb08050640"
    t2_provision_test.go:974:           - "role"               = "worker"
    t2_provision_test.go:974:         } -> null
    t2_provision_test.go:974:       - location          = "nbg1" -> null
    t2_provision_test.go:974:       - name              = "e2e-hetzner-08050640-fb08050640-worker-2-ipv4" -> null
    t2_provision_test.go:974:       - type              = "ipv4" -> null
    t2_provision_test.go:974:     }
    t2_provision_test.go:974: 
    t2_provision_test.go:974:   # hcloud_primary_ip.worker_ipv4[2] will be destroyed
    t2_provision_test.go:974:   - resource "hcloud_primary_ip" "worker_ipv4" {
    t2_provision_test.go:974:       - assignee_id       = 159206309 -> null
    t2_provision_test.go:974:       - assignee_type     = "server" -> null
    t2_provision_test.go:974:       - auto_delete       = false -> null
    t2_provision_test.go:974:       - delete_protection = false -> null
    t2_provision_test.go:974:       - id                = 143517435 -> null
    t2_provision_test.go:974:       - ip_address        = "167.235.151.251" -> null
    t2_provision_test.go:974:       - labels            = {
    t2_provision_test.go:974:           - "alethia_project-id" = "e2e-fb08050640"
    t2_provision_test.go:974:           - "cluster"            = "e2e-hetzner-08050640-fb08050640"
    t2_provision_test.go:974:           - "role"               = "worker"
    t2_provision_test.go:974:         } -> null
    t2_provision_test.go:974:       - location          = "nbg1" -> null
    t2_provision_test.go:974:       - name              = "e2e-hetzner-08050640-fb08050640-worker-3-ipv4" -> null
    t2_provision_test.go:974:       - type              = "ipv4" -> null
    t2_provision_test.go:974:     }
    t2_provision_test.go:974: 
    t2_provision_test.go:974:   # hcloud_primary_ip.worker_ipv4[3] will be destroyed
    t2_provision_test.go:974:   - resource "hcloud_primary_ip" "worker_ipv4" {
    t2_provision_test.go:974:       - assignee_id       = 159206315 -> null
    t2_provision_test.go:974:       - assignee_type     = "server" -> null
    t2_provision_test.go:974:       - auto_delete       = false -> null
    t2_provision_test.go:974:       - delete_protection = false -> null
    t2_provision_test.go:974:       - id                = 143517439 -> null
    t2_provision_test.go:974:       - ip_address        = "178.104.243.87" -> null
    t2_provision_test.go:974:       - labels            = {
    t2_provision_test.go:974:           - "alethia_project-id" = "e2e-fb08050640"
    t2_provision_test.go:974:           - "cluster"            = "e2e-hetzner-08050640-fb08050640"
    t2_provision_test.go:974:           - "role"               = "worker"
    t2_provision_test.go:974:         } -> null
    t2_provision_test.go:974:       - location          = "nbg1" -> null
    t2_provision_test.go:974:       - name              = "e2e-hetzner-08050640-fb08050640-worker-4-ipv4" -> null
    t2_provision_test.go:974:       - type              = "ipv4" -> null
    t2_provision_test.go:974:     }
    t2_provision_test.go:974: 
    t2_provision_test.go:974:   # hcloud_primary_ip.worker_ipv4[4] will be destroyed
    t2_provision_test.go:974:   - resource "hcloud_primary_ip" "worker_ipv4" {
    t2_provision_test.go:974:       - assignee_id       = 159206314 -> null
    t2_provision_test.go:974:       - assignee_type     = "server" -> null
    t2_provision_test.go:974:       - auto_delete       = false -> null
    t2_provision_test.go:974:       - delete_protection = false -> null
    t2_provision_test.go:974:       - id                = 143517437 -> null
    t2_provision_test.go:974:       - ip_address        = "178.105.227.248" -> null
    t2_provision_test.go:974:       - labels            = {
    t2_provision_test.go:974:           - "alethia_project-id" = "e2e-fb08050640"
    t2_provision_test.go:974:           - "cluster"            = "e2e-hetzner-08050640-fb08050640"
    t2_provision_test.go:974:           - "role"               = "worker"
    t2_provision_test.go:974:         } -> null
    t2_provision_test.go:974:       - location          = "nbg1" -> null
    t2_provision_test.go:974:       - name              = "e2e-hetzner-08050640-fb08050640-worker-5-ipv4" -> null
    t2_provision_test.go:974:       - type              = "ipv4" -> null
    t2_provision_test.go:974:     }
    t2_provision_test.go:974: 
    t2_provision_test.go:974:   # hcloud_primary_ip.worker_ipv4[5] will be destroyed
    t2_provision_test.go:974:   - resource "hcloud_primary_ip" "worker_ipv4" {
    t2_provision_test.go:974:       - assignee_id       = 159206310 -> null
    t2_provision_test.go:974:       - assignee_type     = "server" -> null
    t2_provision_test.go:974:       - auto_delete       = false -> null
    t2_provision_test.go:974:       - delete_protection = false -> null
    t2_provision_test.go:974:       - id                = 143517436 -> null
    t2_provision_test.go:974:       - ip_address        = "188.245.151.69" -> null
    t2_provision_test.go:974:       - labels            = {
    t2_provision_test.go:974:           - "alethia_project-id" = "e2e-fb08050640"
    t2_provision_test.go:974:           - "cluster"            = "e2e-hetzner-08050640-fb08050640"
    t2_provision_test.go:974:           - "role"               = "worker"
    t2_provision_test.go:974:         } -> null
    t2_provision_test.go:974:       - location          = "nbg1" -> null
    t2_provision_test.go:974:       - name              = "e2e-hetzner-08050640-fb08050640-worker-6-ipv4" -> null
    t2_provision_test.go:974:       - type              = "ipv4" -> null
    t2_provision_test.go:974:     }
    t2_provision_test.go:974: 
    t2_provision_test.go:974:   # hcloud_server.control_planes["e2e-hetzner-08050640-fb08050640-cp-1"] will be destroyed
    t2_provision_test.go:974:   - resource "hcloud_server" "control_planes" {
    t2_provision_test.go:974:       - backups                    = false -> null
    t2_provision_test.go:974:       - delete_protection          = false -> null
    t2_provision_test.go:974:       - firewall_ids               = [
    t2_provision_test.go:974:           - 11419420,
    t2_provision_test.go:974:         ] -> null
    t2_provision_test.go:974:       - id                         = "159206312" -> null
    t2_provision_test.go:974:       - ignore_remote_firewall_ids = false -> null
    t2_provision_test.go:974:       - image                      = "416513112" -> null
    t2_provision_test.go:974:       - ipv4_address               = "178.104.129.165" -> null
    t2_provision_test.go:974:       - ipv6_address               = "2a01:4f8:1c19:197c::1" -> null
    t2_provision_test.go:974:       - ipv6_network               = "2a01:4f8:1c19:197c::/64" -> null
    t2_provision_test.go:974:       - keep_disk                  = false -> null
    t2_provision_test.go:974:       - labels                     = {
    t2_provision_test.go:974:           - "alethia_project-id" = "e2e-fb08050640"
    t2_provision_test.go:974:           - "cluster"            = "e2e-hetzner-08050640-fb08050640"
    t2_provision_test.go:974:           - "role"               = "control-plane"
    t2_provision_test.go:974:         } -> null
    t2_provision_test.go:974:       - location                   = "nbg1" -> null
    t2_provision_test.go:974:       - name                       = "e2e-hetzner-08050640-fb08050640-cp-1" -> null
    t2_provision_test.go:974:       - placement_group_id         = 0 -> null
    t2_provision_test.go:974:       - primary_disk_size          = 80 -> null
    t2_provision_test.go:974:       - rebuild_protection         = false -> null
    t2_provision_test.go:974:       - server_type                = "cx33" -> null
    t2_provision_test.go:974:       - shutdown_before_deletion   = false -> null
    t2_provision_test.go:974:       - status                     = "running" -> null
    t2_provision_test.go:974:       - user_data                  = (sensitive value) -> null
    t2_provision_test.go:974: 
    t2_provision_test.go:974:       - network {
    t2_provision_test.go:974:           - alias_ips   = [] -> null
    t2_provision_test.go:974:           - ip          = "10.0.0.101" -> null
    t2_provision_test.go:974:           - mac_address = "86:00:00:3d:20:5d" -> null
    t2_provision_test.go:974:           - network_id  = 12520247 -> null
    t2_provision_test.go:974:         }
    t2_provision_test.go:974: 
    t2_provision_test.go:974:       - public_net {
    t2_provision_test.go:974:           - ipv4         = 143517438 -> null
    t2_provision_test.go:974:           - ipv4_enabled = true -> null
    t2_provision_test.go:974:           - ipv6         = 0 -> null
    t2_provision_test.go:974:           - ipv6_enabled = true -> null
    t2_provision_test.go:974:         }
    t2_provision_test.go:974:     }
    t2_provision_test.go:974: 
    t2_provision_test.go:974:   # hcloud_server.workers["e2e-hetzner-08050640-fb08050640-worker-1"] will be destroyed
    t2_provision_test.go:974:   - resource "hcloud_server" "workers" {
    t2_provision_test.go:974:       - backups                    = false -> null
    t2_provision_test.go:974:       - delete_protection          = false -> null
    t2_provision_test.go:974:       - firewall_ids               = [
    t2_provision_test.go:974:           - 11419420,
    t2_provision_test.go:974:         ] -> null
    t2_provision_test.go:974:       - id                         = "159206313" -> null
    t2_provision_test.go:974:       - ignore_remote_firewall_ids = false -> null
    t2_provision_test.go:974:       - image                      = "416513112" -> null
    t2_provision_test.go:974:       - ipv4_address               = "167.235.154.0" -> null
    t2_provision_test.go:974:       - ipv6_address               = "2a01:4f8:1c1f:aea7::1" -> null
    t2_provision_test.go:974:       - ipv6_network               = "2a01:4f8:1c1f:aea7::/64" -> null
    t2_provision_test.go:974:       - keep_disk                  = false -> null
    t2_provision_test.go:974:       - labels                     = {
    t2_provision_test.go:974:           - "alethia_project-id" = "e2e-fb08050640"
    t2_provision_test.go:974:           - "cluster"            = "e2e-hetzner-08050640-fb08050640"
    t2_provision_test.go:974:           - "role"               = "worker"
    t2_provision_test.go:974:         } -> null
    t2_provision_test.go:974:       - location                   = "nbg1" -> null
    t2_provision_test.go:974:       - name                       = "e2e-hetzner-08050640-fb08050640-worker-1" -> null
    t2_provision_test.go:974:       - placement_group_id         = 0 -> null
    t2_provision_test.go:974:       - primary_disk_size          = 80 -> null
    t2_provision_test.go:974:       - rebuild_protection         = false -> null
    t2_provision_test.go:974:       - server_type                = "cx33" -> null
    t2_provision_test.go:974:       - shutdown_before_deletion   = false -> null
    t2_provision_test.go:974:       - status                     = "running" -> null
    t2_provision_test.go:974:       - user_data                  = (sensitive value) -> null
    t2_provision_test.go:974: 
    t2_provision_test.go:974:       - network {
    t2_provision_test.go:974:           - alias_ips   = [] -> null
    t2_provision_test.go:974:           - ip          = "10.0.0.201" -> null
    t2_provision_test.go:974:           - mac_address = "86:00:00:3d:20:5b" -> null
    t2_provision_test.go:974:           - network_id  = 12520247 -> null
    t2_provision_test.go:974:         }
    t2_provision_test.go:974: 
    t2_provision_test.go:974:       - public_net {
    t2_provision_test.go:974:           - ipv4         = 143517434 -> null
    t2_provision_test.go:974:           - ipv4_enabled = true -> null
    t2_provision_test.go:974:           - ipv6         = 0 -> null
    t2_provision_test.go:974:           - ipv6_enabled = true -> null
    t2_provision_test.go:974:         }
    t2_provision_test.go:974:     }
    t2_provision_test.go:974: 
    t2_provision_test.go:974:   # hcloud_server.workers["e2e-hetzner-08050640-fb08050640-worker-2"] will be destroyed
    t2_provision_test.go:974:   - resource "hcloud_server" "workers" {
    t2_provision_test.go:974:       - backups                    = false -> null
    t2_provision_test.go:974:       - delete_protection          = false -> null
    t2_provision_test.go:974:       - firewall_ids               = [
    t2_provision_test.go:974:           - 11419420,
    t2_provision_test.go:974:         ] -> null
    t2_provision_test.go:974:       - id                         = "159206311" -> null
    t2_provision_test.go:974:       - ignore_remote_firewall_ids = false -> null
    t2_provision_test.go:974:       - image                      = "416513112" -> null
    t2_provision_test.go:974:       - ipv4_address               = "167.235.139.183" -> null
    t2_provision_test.go:974:       - ipv6_address               = "2a01:4f8:1c1b:fbc9::1" -> null
    t2_provision_test.go:974:       - ipv6_network               = "2a01:4f8:1c1b:fbc9::/64" -> null
    t2_provision_test.go:974:       - keep_disk                  = false -> null
    t2_provision_test.go:974:       - labels                     = {
    t2_provision_test.go:974:           - "alethia_project-id" = "e2e-fb08050640"
    t2_provision_test.go:974:           - "cluster"            = "e2e-hetzner-08050640-fb08050640"
    t2_provision_test.go:974:           - "role"               = "worker"
    t2_provision_test.go:974:         } -> null
    t2_provision_test.go:974:       - location                   = "nbg1" -> null
    t2_provision_test.go:974:       - name                       = "e2e-hetzner-08050640-fb08050640-worker-2" -> null
    t2_provision_test.go:974:       - placement_group_id         = 0 -> null
    t2_provision_test.go:974:       - primary_disk_size          = 80 -> null
    t2_provision_test.go:974:       - rebuild_protection         = false -> null
    t2_provision_test.go:974:       - server_type                = "cx33" -> null
    t2_provision_test.go:974:       - shutdown_before_deletion   = false -> null
    t2_provision_test.go:974:       - status                     = "running" -> null
    t2_provision_test.go:974:       - user_data                  = (sensitive value) -> null
    t2_provision_test.go:974: 
    t2_provision_test.go:974:       - network {
    t2_provision_test.go:974:           - alias_ips   = [] -> null
    t2_provision_test.go:974:           - ip          = "10.0.0.202" -> null
    t2_provision_test.go:974:           - mac_address = "86:00:00:3d:20:5e" -> null
    t2_provision_test.go:974:           - network_id  = 12520247 -> null
    t2_provision_test.go:974:         }
    t2_provision_test.go:974: 
    t2_provision_test.go:974:       - public_net {
    t2_provision_test.go:974:           - ipv4         = 143517433 -> null
    t2_provision_test.go:974:           - ipv4_enabled = true -> null
    t2_provision_test.go:974:           - ipv6         = 0 -> null
    t2_provision_test.go:974:           - ipv6_enabled = true -> null
    t2_provision_test.go:974:         }
    t2_provision_test.go:974:     }
    t2_provision_test.go:974: 
    t2_provision_test.go:974:   # hcloud_server.workers["e2e-hetzner-08050640-fb08050640-worker-3"] will be destroyed
    t2_provision_test.go:974:   - resource "hcloud_server" "workers" {
    t2_provision_test.go:974:       - backups                    = false -> null
    t2_provision_test.go:974:       - delete_protection          = false -> null
    t2_provision_test.go:974:       - firewall_ids               = [
    t2_provision_test.go:974:           - 11419420,
    t2_provision_test.go:974:         ] -> null
    t2_provision_test.go:974:       - id                         = "159206309" -> null
    t2_provision_test.go:974:       - ignore_remote_firewall_ids = false -> null
    t2_provision_test.go:974:       - image                      = "416513112" -> null
    t2_provision_test.go:974:       - ipv4_address               = "167.235.151.251" -> null
    t2_provision_test.go:974:       - ipv6_address               = "2a01:4f8:c0c:35a6::1" -> null
    t2_provision_test.go:974:       - ipv6_network               = "2a01:4f8:c0c:35a6::/64" -> null
    t2_provision_test.go:974:       - keep_disk                  = false -> null
    t2_provision_test.go:974:       - labels                     = {
    t2_provision_test.go:974:           - "alethia_project-id" = "e2e-fb08050640"
    t2_provision_test.go:974:           - "cluster"            = "e2e-hetzner-08050640-fb08050640"
    t2_provision_test.go:974:           - "role"               = "worker"
    t2_provision_test.go:974:         } -> null
    t2_provision_test.go:974:       - location                   = "nbg1" -> null
    t2_provision_test.go:974:       - name                       = "e2e-hetzner-08050640-fb08050640-worker-3" -> null
    t2_provision_test.go:974:       - placement_group_id         = 0 -> null
    t2_provision_test.go:974:       - primary_disk_size          = 80 -> null
    t2_provision_test.go:974:       - rebuild_protection         = false -> null
    t2_provision_test.go:974:       - server_type                = "cx33" -> null
    t2_provision_test.go:974:       - shutdown_before_deletion   = false -> null
    t2_provision_test.go:974:       - status                     = "running" -> null
    t2_provision_test.go:974:       - user_data                  = (sensitive value) -> null
    t2_provision_test.go:974: 
    t2_provision_test.go:974:       - network {
    t2_provision_test.go:974:           - alias_ips   = [] -> null
    t2_provision_test.go:974:           - ip          = "10.0.0.203" -> null
    t2_provision_test.go:974:           - mac_address = "86:00:00:3d:20:5f" -> null
    t2_provision_test.go:974:           - network_id  = 12520247 -> null
    t2_provision_test.go:974:         }
    t2_provision_test.go:974: 
    t2_provision_test.go:974:       - public_net {
    t2_provision_test.go:974:           - ipv4         = 143517435 -> null
    t2_provision_test.go:974:           - ipv4_enabled = true -> null
    t2_provision_test.go:974:           - ipv6         = 0 -> null
    t2_provision_test.go:974:           - ipv6_enabled = true -> null
    t2_provision_test.go:974:         }
    t2_provision_test.go:974:     }
    t2_provision_test.go:974: 
    t2_provision_test.go:974:   # hcloud_server.workers["e2e-hetzner-08050640-fb08050640-worker-4"] will be destroyed
    t2_provision_test.go:974:   - resource "hcloud_server" "workers" {
    t2_provision_test.go:974:       - backups                    = false -> null
    t2_provision_test.go:974:       - delete_protection          = false -> null
    t2_provision_test.go:974:       - firewall_ids               = [
    t2_provision_test.go:974:           - 11419420,
    t2_provision_test.go:974:         ] -> null
    t2_provision_test.go:974:       - id                         = "159206315" -> null
    t2_provision_test.go:974:       - ignore_remote_firewall_ids = false -> null
    t2_provision_test.go:974:       - image                      = "416513112" -> null
    t2_provision_test.go:974:       - ipv4_address               = "178.104.243.87" -> null
    t2_provision_test.go:974:       - ipv6_address               = "2a01:4f8:1c19:8112::1" -> null
    t2_provision_test.go:974:       - ipv6_network               = "2a01:4f8:1c19:8112::/64" -> null
    t2_provision_test.go:974:       - keep_disk                  = false -> null
    t2_provision_test.go:974:       - labels                     = {
    t2_provision_test.go:974:           - "alethia_project-id" = "e2e-fb08050640"
    t2_provision_test.go:974:           - "cluster"            = "e2e-hetzner-08050640-fb08050640"
    t2_provision_test.go:974:           - "role"               = "worker"
    t2_provision_test.go:974:         } -> null
    t2_provision_test.go:974:       - location                   = "nbg1" -> null
    t2_provision_test.go:974:       - name                       = "e2e-hetzner-08050640-fb08050640-worker-4" -> null
    t2_provision_test.go:974:       - placement_group_id         = 0 -> null
    t2_provision_test.go:974:       - primary_disk_size          = 80 -> null
    t2_provision_test.go:974:       - rebuild_protection         = false -> null
    t2_provision_test.go:974:       - server_type                = "cx33" -> null
    t2_provision_test.go:974:       - shutdown_before_deletion   = false -> null
    t2_provision_test.go:974:       - status                     = "running" -> null
    t2_provision_test.go:974:       - user_data                  = (sensitive value) -> null
    t2_provision_test.go:974: 
    t2_provision_test.go:974:       - network {
    t2_provision_test.go:974:           - alias_ips   = [] -> null
    t2_provision_test.go:974:           - ip          = "10.0.0.204" -> null
    t2_provision_test.go:974:           - mac_address = "86:00:00:3d:20:58" -> null
    t2_provision_test.go:974:           - network_id  = 12520247 -> null
    t2_provision_test.go:974:         }
    t2_provision_test.go:974: 
    t2_provision_test.go:974:       - public_net {
    t2_provision_test.go:974:           - ipv4         = 143517439 -> null
    t2_provision_test.go:974:           - ipv4_enabled = true -> null
    t2_provision_test.go:974:           - ipv6         = 0 -> null
    t2_provision_test.go:974:           - ipv6_enabled = true -> null
    t2_provision_test.go:974:         }
    t2_provision_test.go:974:     }
    t2_provision_test.go:974: 
    t2_provision_test.go:974:   # hcloud_server.workers["e2e-hetzner-08050640-fb08050640-worker-5"] will be destroyed
    t2_provision_test.go:974:   - resource "hcloud_server" "workers" {
    t2_provision_test.go:974:       - backups                    = false -> null
    t2_provision_test.go:974:       - delete_protection          = false -> null
    t2_provision_test.go:974:       - firewall_ids               = [
    t2_provision_test.go:974:           - 11419420,
    t2_provision_test.go:974:         ] -> null
    t2_provision_test.go:974:       - id                         = "159206314" -> null
    t2_provision_test.go:974:       - ignore_remote_firewall_ids = false -> null
    t2_provision_test.go:974:       - image                      = "416513112" -> null
    t2_provision_test.go:974:       - ipv4_address               = "178.105.227.248" -> null
    t2_provision_test.go:974:       - ipv6_address               = "2a01:4f8:1c19:3264::1" -> null
    t2_provision_test.go:974:       - ipv6_network               = "2a01:4f8:1c19:3264::/64" -> null
    t2_provision_test.go:974:       - keep_disk                  = false -> null
    t2_provision_test.go:974:       - labels                     = {
    t2_provision_test.go:974:           - "alethia_project-id" = "e2e-fb08050640"
    t2_provision_test.go:974:           - "cluster"            = "e2e-hetzner-08050640-fb08050640"
    t2_provision_test.go:974:           - "role"               = "worker"
    t2_provision_test.go:974:         } -> null
    t2_provision_test.go:974:       - location                   = "nbg1" -> null
    t2_provision_test.go:974:       - name                       = "e2e-hetzner-08050640-fb08050640-worker-5" -> null
    t2_provision_test.go:974:       - placement_group_id         = 0 -> null
    t2_provision_test.go:974:       - primary_disk_size          = 80 -> null
    t2_provision_test.go:974:       - rebuild_protection         = false -> null
    t2_provision_test.go:974:       - server_type                = "cx33" -> null
    t2_provision_test.go:974:       - shutdown_before_deletion   = false -> null
    t2_provision_test.go:974:       - status                     = "running" -> null
    t2_provision_test.go:974:       - user_data                  = (sensitive value) -> null
    t2_provision_test.go:974: 
    t2_provision_test.go:974:       - network {
    t2_provision_test.go:974:           - alias_ips   = [] -> null
    t2_provision_test.go:974:           - ip          = "10.0.0.205" -> null
    t2_provision_test.go:974:           - mac_address = "86:00:00:3d:20:59" -> null
    t2_provision_test.go:974:           - network_id  = 12520247 -> null
    t2_provision_test.go:974:         }
    t2_provision_test.go:974: 
    t2_provision_test.go:974:       - public_net {
    t2_provision_test.go:974:           - ipv4         = 143517437 -> null
    t2_provision_test.go:974:           - ipv4_enabled = true -> null
    t2_provision_test.go:974:           - ipv6         = 0 -> null
    t2_provision_test.go:974:           - ipv6_enabled = true -> null
    t2_provision_test.go:974:         }
    t2_provision_test.go:974:     }
    t2_provision_test.go:974: 
    t2_provision_test.go:974:   # hcloud_server.workers["e2e-hetzner-08050640-fb08050640-worker-6"] will be destroyed
    t2_provision_test.go:974:   - resource "hcloud_server" "workers" {
    t2_provision_test.go:974:       - backups                    = false -> null
    t2_provision_test.go:974:       - delete_protection          = false -> null
    t2_provision_test.go:974:       - firewall_ids               = [
    t2_provision_test.go:974:           - 11419420,
    t2_provision_test.go:974:         ] -> null
    t2_provision_test.go:974:       - id                         = "159206310" -> null
    t2_provision_test.go:974:       - ignore_remote_firewall_ids = false -> null
    t2_provision_test.go:974:       - image                      = "416513112" -> null
    t2_provision_test.go:974:       - ipv4_address               = "188.245.151.69" -> null
    t2_provision_test.go:974:       - ipv6_address               = "2a01:4f8:1c1a:1a1a::1" -> null
    t2_provision_test.go:974:       - ipv6_network               = "2a01:4f8:1c1a:1a1a::/64" -> null
    t2_provision_test.go:974:       - keep_disk                  = false -> null
    t2_provision_test.go:974:       - labels                     = {
    t2_provision_test.go:974:           - "alethia_project-id" = "e2e-fb08050640"
    t2_provision_test.go:974:           - "cluster"            = "e2e-hetzner-08050640-fb08050640"
    t2_provision_test.go:974:           - "role"               = "worker"
    t2_provision_test.go:974:         } -> null
    t2_provision_test.go:974:       - location                   = "nbg1" -> null
    t2_provision_test.go:974:       - name                       = "e2e-hetzner-08050640-fb08050640-worker-6" -> null
    t2_provision_test.go:974:       - placement_group_id         = 0 -> null
    t2_provision_test.go:974:       - primary_disk_size          = 80 -> null
    t2_provision_test.go:974:       - rebuild_protection         = false -> null
    t2_provision_test.go:974:       - server_type                = "cx33" -> null
    t2_provision_test.go:974:       - shutdown_before_deletion   = false -> null
    t2_provision_test.go:974:       - status                     = "running" -> null
    t2_provision_test.go:974:       - user_data                  = (sensitive value) -> null
    t2_provision_test.go:974: 
    t2_provision_test.go:974:       - network {
    t2_provision_test.go:974:           - alias_ips   = [] -> null
    t2_provision_test.go:974:           - ip          = "10.0.0.206" -> null
    t2_provision_test.go:974:           - mac_address = "86:00:00:3d:20:5a" -> null
    t2_provision_test.go:974:           - network_id  = 12520247 -> null
    t2_provision_test.go:974:         }
    t2_provision_test.go:974: 
    t2_provision_test.go:974:       - public_net {
    t2_provision_test.go:974:           - ipv4         = 143517436 -> null
    t2_provision_test.go:974:           - ipv4_enabled = true -> null
    t2_provision_test.go:974:           - ipv6         = 0 -> null
    t2_provision_test.go:974:           - ipv6_enabled = true -> null
    t2_provision_test.go:974:         }
    t2_provision_test.go:974:     }
    t2_provision_test.go:974: 
    t2_provision_test.go:974:   # imager_image.amd64[0] will be destroyed
    t2_provision_test.go:974:   - resource "imager_image" "amd64" {
    t2_provision_test.go:974:       - architecture       = "x86" -> null
    t2_provision_test.go:974:       - debug_skip_cleanup = false -> null
    t2_provision_test.go:974:       - description        = "e2e-hetzner-08050640-fb08050640-talos-v1.13.6-amd64" -> null
    t2_provision_test.go:974:       - effective_labels   = {
    t2_provision_test.go:974:           - "alethia_project-id"     = "e2e-fb08050640"
    t2_provision_test.go:974:           - "apricote.de/created-by" = "hcloud-upload-image"
    t2_provision_test.go:974:           - "arch"                   = "x86"
    t2_provision_test.go:974:           - "cluster"                = "e2e-hetzner-08050640-fb08050640"
    t2_provision_test.go:974:           - "creator"                = "hcloud-talos-imager"
    t2_provision_test.go:974:           - "os"                     = "talos"
    t2_provision_test.go:974:         } -> null
    t2_provision_test.go:974:       - id                 = "416513112" -> null
    t2_provision_test.go:974:       - image_id           = "416513112" -> null
    t2_provision_test.go:974:       - image_url          = "https://factory.talos.dev/image/ce4c980550dd2ab1b17bbf2b08801c7eb59418eafe8f279833297925d67c7515/v1.13.6/hcloud-amd64.raw.xz" -> null
    t2_provision_test.go:974:       - labels             = {
    t2_provision_test.go:974:           - "alethia_project-id" = "e2e-fb08050640"
    t2_provision_test.go:974:           - "cluster"            = "e2e-hetzner-08050640-fb08050640"
    t2_provision_test.go:974:           - "os"                 = "talos"
    t2_provision_test.go:974:         } -> null
    t2_provision_test.go:974:       - location           = "nbg1" -> null
    t2_provision_test.go:974:     }
    t2_provision_test.go:974: 
    t2_provision_test.go:974:   # talos_cluster_kubeconfig.this will be destroyed
    t2_provision_test.go:974:   - resource "talos_cluster_kubeconfig" "this" {
    t2_provision_test.go:974:       - certificate_renewal_duration    = "720h" -> null
    t2_provision_test.go:974:       - client_configuration            = {
    t2_provision_test.go:974:           - ca_certificate     = "LS0tLS1CRUdJTiBDRVJUSUZJQ0FURS0tLS0tCk1JSUJQakNCOGFBREFnRUNBaEJwczVONHFQcGVKa3AyUXJRRzAyeWFNQVVHQXl0bGNEQVFNUTR3REFZRFZRUUsKRXdWMFlXeHZjekFlRncweU5qQTRNRFV3TmpReE1URmFGdzB6TmpBNE1ESXdOalF4TVRGYU1CQXhEakFNQmdOVgpCQW9UQlhSaGJHOXpNQ293QlFZREsyVndBeUVBaHpBc09uNXNEYkVtNFBvNWFIRnhtaGZEeHB3c1hqTXRPZEw5CnRiZ3lLVzZqWVRCZk1BNEdBMVVkRHdFQi93UUVBd0lDaERBZEJnTlZIU1VFRmpBVUJnZ3JCZ0VGQlFjREFRWUkKS3dZQkJRVUhBd0l3RHdZRFZSMFRBUUgvQkFVd0F3RUIvekFkQmdOVkhRNEVGZ1FVeHdiWHExU1d3RWp1OFNKVgpSQkJNSlpxOUFnVXdCUVlESzJWd0EwRUFEWTJrMGp6UUgyZDVYRnpDOHBrT2ZnMExoMFIzR05aN0xBbDJlQnRLCmJ5RS92b0JTbGVVbkpieGdXQUxKdUdxdHlXYnIzY2Vob3JJc2w5RGd5WGNKQkE9PQotLS0tLUVORCBDRVJUSUZJQ0FURS0tLS0tCg==" -> null
    t2_provision_test.go:974:           - client_certificate = "[REDACTED]" -> null
    t2_provision_test.go:974:           - client_key         = (sensitive value) -> null
    t2_provision_test.go:974:         } -> null
    t2_provision_test.go:974:       - endpoint                        = "178.104.129.165" -> null
    t2_provision_test.go:974:       - id                              = "e2e-hetzner-08050640-fb08050640" -> null
    t2_provision_test.go:974:       - kubeconfig_raw                  = (sensitive value) -> null
    t2_provision_test.go:974:       - kubernetes_client_configuration = {
    t2_provision_test.go:974:           - ca_certificate     = "LS0tLS1CRUdJTiBDRVJUSUZJQ0FURS0tLS0tCk1JSUJpakNDQVRDZ0F3SUJBZ0lSQUpFOFR6T0tmZmFURFB5eWtIdzRXQ2d3Q2dZSUtvWkl6ajBFQXdJd0ZURVQKTUJFR0ExVUVDaE1LYTNWaVpYSnVaWFJsY3pBZUZ3MHlOakE0TURVd05qUXhNVEZhRncwek5qQTRNREl3TmpReApNVEZhTUJVeEV6QVJCZ05WQkFvVENtdDFZbVZ5Ym1WMFpYTXdXVEFUQmdjcWhrak9QUUlCQmdncWhrak9QUU1CCkJ3TkNBQVRsZW5ZaTNQMktsdTRhd2UrWlVISEZlbnpSWW1iYmpGM281aE1LM2YzRXdhMWxWSTd4YkRBbnJhWGYKTWpjNkNSVGNLZllmMWpFUjFtSWFXak1NS0FNZW8yRXdYekFPQmdOVkhROEJBZjhFQkFNQ0FvUXdIUVlEVlIwbApCQll3RkFZSUt3WUJCUVVIQXdFR0NDc0dBUVVGQndNQ01BOEdBMVVkRXdFQi93UUZNQU1CQWY4d0hRWURWUjBPCkJCWUVGTGJ5OUp3SWg3T0VleE9wM25TVkp2Y0kvTG0zTUFvR0NDcUdTTTQ5QkFNQ0EwZ0FNRVVDSUVLdTZmSGIKYzFmMkNTODJrU2VoVmw4N2xKS3JQdzB2YnMvZDh0bnpLZFdJQWlFQTZEMEUrUDEyZkFrS3had1dnckNmdDFkSApEa3ZxVHRnVTArd1IwaXdlbWZZPQotLS0tLUVORCBDRVJUSUZJQ0FURS0tLS0tCg==" -> null
    t2_provision_test.go:974:           - client_certificate = "[REDACTED]" -> null
    t2_provision_test.go:974:           - client_key         = (sensitive value) -> null
    t2_provision_test.go:974:           - host               = "https://178.104.129.165:6443" -> null
    t2_provision_test.go:974:         } -> null
    t2_provision_test.go:974:       - node                            = "178.104.129.165" -> null
    t2_provision_test.go:974:     }
    t2_provision_test.go:974: 
    t2_provision_test.go:974:   # talos_image_factory_schematic.this will be destroyed
    t2_provision_test.go:974:   - resource "talos_image_factory_schematic" "this" {
    t2_provision_test.go:974:       - id        = "ce4c980550dd2ab1b17bbf2b08801c7eb59418eafe8f279833297925d67c7515" -> null
    t2_provision_test.go:974:       - schematic = <<-EOT
    t2_provision_test.go:974:             "customization":
    t2_provision_test.go:974:               "systemExtensions":
    t2_provision_test.go:974:                 "officialExtensions":
    t2_provision_test.go:974:                 - "siderolabs/qemu-guest-agent"
    t2_provision_test.go:974:         EOT -> null
    t2_provision_test.go:974:     }
    t2_provision_test.go:974: 
    t2_provision_test.go:974:   # talos_machine_bootstrap.this will be destroyed
    t2_provision_test.go:974:   - resource "talos_machine_bootstrap" "this" {
    t2_provision_test.go:974:       - client_configuration    = {
    t2_provision_test.go:974:           - ca_certificate     = "LS0tLS1CRUdJTiBDRVJUSUZJQ0FURS0tLS0tCk1JSUJQakNCOGFBREFnRUNBaEJwczVONHFQcGVKa3AyUXJRRzAyeWFNQVVHQXl0bGNEQVFNUTR3REFZRFZRUUsKRXdWMFlXeHZjekFlRncweU5qQTRNRFV3TmpReE1URmFGdzB6TmpBNE1ESXdOalF4TVRGYU1CQXhEakFNQmdOVgpCQW9UQlhSaGJHOXpNQ293QlFZREsyVndBeUVBaHpBc09uNXNEYkVtNFBvNWFIRnhtaGZEeHB3c1hqTXRPZEw5CnRiZ3lLVzZqWVRCZk1BNEdBMVVkRHdFQi93UUVBd0lDaERBZEJnTlZIU1VFRmpBVUJnZ3JCZ0VGQlFjREFRWUkKS3dZQkJRVUhBd0l3RHdZRFZSMFRBUUgvQkFVd0F3RUIvekFkQmdOVkhRNEVGZ1FVeHdiWHExU1d3RWp1OFNKVgpSQkJNSlpxOUFnVXdCUVlESzJWd0EwRUFEWTJrMGp6UUgyZDVYRnpDOHBrT2ZnMExoMFIzR05aN0xBbDJlQnRLCmJ5RS92b0JTbGVVbkpieGdXQUxKdUdxdHlXYnIzY2Vob3JJc2w5RGd5WGNKQkE9PQotLS0tLUVORCBDRVJUSUZJQ0FURS0tLS0tCg==" -> null
    t2_provision_test.go:974:           - client_certificate = "[REDACTED]" -> null
    t2_provision_test.go:974:           - client_key         = (sensitive value) -> null
    t2_provision_test.go:974:         } -> null
    t2_provision_test.go:974:       - client_configuration_wo = (write-only attribute) -> null
    t2_provision_test.go:974:       - endpoint                = "178.104.129.165" -> null
    t2_provision_test.go:974:       - id                      = "machine_bootstrap" -> null
    t2_provision_test.go:974:       - node                    = "178.104.129.165" -> null
    t2_provision_test.go:974:     }
    t2_provision_test.go:974: 
    t2_provision_test.go:974:   # talos_machine_configuration_apply.control_plane["e2e-hetzner-08050640-fb08050640-cp-1"] will be destroyed
    t2_provision_test.go:974:   - resource "talos_machine_configuration_apply" "control_plane" {
    t2_provision_test.go:974:       - apply_mode                     = "auto" -> null
    t2_provision_test.go:974:       - client_configuration           = {
    t2_provision_test.go:974:           - ca_certificate     = "LS0tLS1CRUdJTiBDRVJUSUZJQ0FURS0tLS0tCk1JSUJQakNCOGFBREFnRUNBaEJwczVONHFQcGVKa3AyUXJRRzAyeWFNQVVHQXl0bGNEQVFNUTR3REFZRFZRUUsKRXdWMFlXeHZjekFlRncweU5qQTRNRFV3TmpReE1URmFGdzB6TmpBNE1ESXdOalF4TVRGYU1CQXhEakFNQmdOVgpCQW9UQlhSaGJHOXpNQ293QlFZREsyVndBeUVBaHpBc09uNXNEYkVtNFBvNWFIRnhtaGZEeHB3c1hqTXRPZEw5CnRiZ3lLVzZqWVRCZk1BNEdBMVVkRHdFQi93UUVBd0lDaERBZEJnTlZIU1VFRmpBVUJnZ3JCZ0VGQlFjREFRWUkKS3dZQkJRVUhBd0l3RHdZRFZSMFRBUUgvQkFVd0F3RUIvekFkQmdOVkhRNEVGZ1FVeHdiWHExU1d3RWp1OFNKVgpSQkJNSlpxOUFnVXdCUVlESzJWd0EwRUFEWTJrMGp6UUgyZDVYRnpDOHBrT2ZnMExoMFIzR05aN0xBbDJlQnRLCmJ5RS92b0JTbGVVbkpieGdXQUxKdUdxdHlXYnIzY2Vob3JJc2w5RGd5WGNKQkE9PQotLS0tLUVORCBDRVJUSUZJQ0FURS0tLS0tCg==" -> null
    t2_provision_test.go:974:           - client_certificate = "[REDACTED]" -> null
    t2_provision_test.go:974:           - client_key         = (sensitive value) -> null
    t2_provision_test.go:974:         } -> null
    t2_provision_test.go:974:       - client_configuration_wo        = (write-only attribute) -> null
    t2_provision_test.go:974:       - endpoint                       = "178.104.129.165" -> null
    t2_provision_test.go:974:       - id                             = "machine_configuration_apply" -> null
    t2_provision_test.go:974:       - machine_configuration          = (sensitive value) -> null
    t2_provision_test.go:974:       - machine_configuration_hash     = "0dbc1f195270d8e84f0a583558e032432ac3f8685a819cd211c26bee8e4203d2" -> null
    t2_provision_test.go:974:       - machine_configuration_input    = (sensitive value) -> null
    t2_provision_test.go:974:       - machine_configuration_input_wo = (write-only attribute) -> null
    t2_provision_test.go:974:       - node                           = "178.104.129.165" -> null
    t2_provision_test.go:974:       - resolved_apply_mode            = "auto" -> null
    t2_provision_test.go:974:     }
    t2_provision_test.go:974: 
    t2_provision_test.go:974:   # talos_machine_configuration_apply.worker["e2e-hetzner-08050640-fb08050640-worker-1"] will be destroyed
    t2_provision_test.go:974:   - resource "talos_machine_configuration_apply" "worker" {
    t2_provision_test.go:974:       - apply_mode                     = "auto" -> null
    t2_provision_test.go:974:       - client_configuration           = {
    t2_provision_test.go:974:           - ca_certificate     = "LS0tLS1CRUdJTiBDRVJUSUZJQ0FURS0tLS0tCk1JSUJQakNCOGFBREFnRUNBaEJwczVONHFQcGVKa3AyUXJRRzAyeWFNQVVHQXl0bGNEQVFNUTR3REFZRFZRUUsKRXdWMFlXeHZjekFlRncweU5qQTRNRFV3TmpReE1URmFGdzB6TmpBNE1ESXdOalF4TVRGYU1CQXhEakFNQmdOVgpCQW9UQlhSaGJHOXpNQ293QlFZREsyVndBeUVBaHpBc09uNXNEYkVtNFBvNWFIRnhtaGZEeHB3c1hqTXRPZEw5CnRiZ3lLVzZqWVRCZk1BNEdBMVVkRHdFQi93UUVBd0lDaERBZEJnTlZIU1VFRmpBVUJnZ3JCZ0VGQlFjREFRWUkKS3dZQkJRVUhBd0l3RHdZRFZSMFRBUUgvQkFVd0F3RUIvekFkQmdOVkhRNEVGZ1FVeHdiWHExU1d3RWp1OFNKVgpSQkJNSlpxOUFnVXdCUVlESzJWd0EwRUFEWTJrMGp6UUgyZDVYRnpDOHBrT2ZnMExoMFIzR05aN0xBbDJlQnRLCmJ5RS92b0JTbGVVbkpieGdXQUxKdUdxdHlXYnIzY2Vob3JJc2w5RGd5WGNKQkE9PQotLS0tLUVORCBDRVJUSUZJQ0FURS0tLS0tCg==" -> null
    t2_provision_test.go:974:           - client_certificate = "[REDACTED]" -> null
    t2_provision_test.go:974:           - client_key         = (sensitive value) -> null
    t2_provision_test.go:974:         } -> null
    t2_provision_test.go:974:       - client_configuration_wo        = (write-only attribute) -> null
    t2_provision_test.go:974:       - endpoint                       = "167.235.154.0" -> null
    t2_provision_test.go:974:       - id                             = "machine_configuration_apply" -> null
    t2_provision_test.go:974:       - machine_configuration          = (sensitive value) -> null
    t2_provision_test.go:974:       - machine_configuration_hash     = "ca0ca5153e77e7c923d7da236b845394e87cc56309368a6fef8a674fa5b5008f" -> null
    t2_provision_test.go:974:       - machine_configuration_input    = (sensitive value) -> null
    t2_provision_test.go:974:       - machine_configuration_input_wo = (write-only attribute) -> null
    t2_provision_test.go:974:       - node                           = "167.235.154.0" -> null
    t2_provision_test.go:974:       - resolved_apply_mode            = "auto" -> null
    t2_provision_test.go:974:     }
    t2_provision_test.go:974: 
    t2_provision_test.go:974:   # talos_machine_configuration_apply.worker["e2e-hetzner-08050640-fb08050640-worker-2"] will be destroyed
    t2_provision_test.go:974:   - resource "talos_machine_configuration_apply" "worker" {
    t2_provision_test.go:974:       - apply_mode                     = "auto" -> null
    t2_provision_test.go:974:       - client_configuration           = {
    t2_provision_test.go:974:           - ca_certificate     = "LS0tLS1CRUdJTiBDRVJUSUZJQ0FURS0tLS0tCk1JSUJQakNCOGFBREFnRUNBaEJwczVONHFQcGVKa3AyUXJRRzAyeWFNQVVHQXl0bGNEQVFNUTR3REFZRFZRUUsKRXdWMFlXeHZjekFlRncweU5qQTRNRFV3TmpReE1URmFGdzB6TmpBNE1ESXdOalF4TVRGYU1CQXhEakFNQmdOVgpCQW9UQlhSaGJHOXpNQ293QlFZREsyVndBeUVBaHpBc09uNXNEYkVtNFBvNWFIRnhtaGZEeHB3c1hqTXRPZEw5CnRiZ3lLVzZqWVRCZk1BNEdBMVVkRHdFQi93UUVBd0lDaERBZEJnTlZIU1VFRmpBVUJnZ3JCZ0VGQlFjREFRWUkKS3dZQkJRVUhBd0l3RHdZRFZSMFRBUUgvQkFVd0F3RUIvekFkQmdOVkhRNEVGZ1FVeHdiWHExU1d3RWp1OFNKVgpSQkJNSlpxOUFnVXdCUVlESzJWd0EwRUFEWTJrMGp6UUgyZDVYRnpDOHBrT2ZnMExoMFIzR05aN0xBbDJlQnRLCmJ5RS92b0JTbGVVbkpieGdXQUxKdUdxdHlXYnIzY2Vob3JJc2w5RGd5WGNKQkE9PQotLS0tLUVORCBDRVJUSUZJQ0FURS0tLS0tCg==" -> null
    t2_provision_test.go:974:           - client_certificate = "[REDACTED]" -> null
    t2_provision_test.go:974:           - client_key         = (sensitive value) -> null
    t2_provision_test.go:974:         } -> null
    t2_provision_test.go:974:       - client_configuration_wo        = (write-only attribute) -> null
    t2_provision_test.go:974:       - endpoint                       = "167.235.139.183" -> null
    t2_provision_test.go:974:       - id                             = "machine_configuration_apply" -> null
    t2_provision_test.go:974:       - machine_configuration          = (sensitive value) -> null
    t2_provision_test.go:974:       - machine_configuration_hash     = "ca0ca5153e77e7c923d7da236b845394e87cc56309368a6fef8a674fa5b5008f" -> null
    t2_provision_test.go:974:       - machine_configuration_input    = (sensitive value) -> null
    t2_provision_test.go:974:       - machine_configuration_input_wo = (write-only attribute) -> null
    t2_provision_test.go:974:       - node                           = "167.235.139.183" -> null
    t2_provision_test.go:974:       - resolved_apply_mode            = "auto" -> null
    t2_provision_test.go:974:     }
    t2_provision_test.go:974: 
    t2_provision_test.go:974:   # talos_machine_configuration_apply.worker["e2e-hetzner-08050640-fb08050640-worker-3"] will be destroyed
    t2_provision_test.go:974:   - resource "talos_machine_configuration_apply" "worker" {
    t2_provision_test.go:974:       - apply_mode                     = "auto" -> null
    t2_provision_test.go:974:       - client_configuration           = {
    t2_provision_test.go:974:           - ca_certificate     = "LS0tLS1CRUdJTiBDRVJUSUZJQ0FURS0tLS0tCk1JSUJQakNCOGFBREFnRUNBaEJwczVONHFQcGVKa3AyUXJRRzAyeWFNQVVHQXl0bGNEQVFNUTR3REFZRFZRUUsKRXdWMFlXeHZjekFlRncweU5qQTRNRFV3TmpReE1URmFGdzB6TmpBNE1ESXdOalF4TVRGYU1CQXhEakFNQmdOVgpCQW9UQlhSaGJHOXpNQ293QlFZREsyVndBeUVBaHpBc09uNXNEYkVtNFBvNWFIRnhtaGZEeHB3c1hqTXRPZEw5CnRiZ3lLVzZqWVRCZk1BNEdBMVVkRHdFQi93UUVBd0lDaERBZEJnTlZIU1VFRmpBVUJnZ3JCZ0VGQlFjREFRWUkKS3dZQkJRVUhBd0l3RHdZRFZSMFRBUUgvQkFVd0F3RUIvekFkQmdOVkhRNEVGZ1FVeHdiWHExU1d3RWp1OFNKVgpSQkJNSlpxOUFnVXdCUVlESzJWd0EwRUFEWTJrMGp6UUgyZDVYRnpDOHBrT2ZnMExoMFIzR05aN0xBbDJlQnRLCmJ5RS92b0JTbGVVbkpieGdXQUxKdUdxdHlXYnIzY2Vob3JJc2w5RGd5WGNKQkE9PQotLS0tLUVORCBDRVJUSUZJQ0FURS0tLS0tCg==" -> null
    t2_provision_test.go:974:           - client_certificate = "[REDACTED]" -> null
    t2_provision_test.go:974:           - client_key         = (sensitive value) -> null
    t2_provision_test.go:974:         } -> null
    t2_provision_test.go:974:       - client_configuration_wo        = (write-only attribute) -> null
    t2_provision_test.go:974:       - endpoint                       = "167.235.151.251" -> null
    t2_provision_test.go:974:       - id                             = "machine_configuration_apply" -> null
    t2_provision_test.go:974:       - machine_configuration          = (sensitive value) -> null
    t2_provision_test.go:974:       - machine_configuration_hash     = "ca0ca5153e77e7c923d7da236b845394e87cc56309368a6fef8a674fa5b5008f" -> null
    t2_provision_test.go:974:       - machine_configuration_input    = (sensitive value) -> null
    t2_provision_test.go:974:       - machine_configuration_input_wo = (write-only attribute) -> null
    t2_provision_test.go:974:       - node                           = "167.235.151.251" -> null
    t2_provision_test.go:974:       - resolved_apply_mode            = "auto" -> null
    t2_provision_test.go:974:     }
    t2_provision_test.go:974: 
    t2_provision_test.go:974:   # talos_machine_configuration_apply.worker["e2e-hetzner-08050640-fb08050640-worker-4"] will be destroyed
    t2_provision_test.go:974:   - resource "talos_machine_configuration_apply" "worker" {
    t2_provision_test.go:974:       - apply_mode                     = "auto" -> null
    t2_provision_test.go:974:       - client_configuration           = {
    t2_provision_test.go:974:           - ca_certificate     = "LS0tLS1CRUdJTiBDRVJUSUZJQ0FURS0tLS0tCk1JSUJQakNCOGFBREFnRUNBaEJwczVONHFQcGVKa3AyUXJRRzAyeWFNQVVHQXl0bGNEQVFNUTR3REFZRFZRUUsKRXdWMFlXeHZjekFlRncweU5qQTRNRFV3TmpReE1URmFGdzB6TmpBNE1ESXdOalF4TVRGYU1CQXhEakFNQmdOVgpCQW9UQlhSaGJHOXpNQ293QlFZREsyVndBeUVBaHpBc09uNXNEYkVtNFBvNWFIRnhtaGZEeHB3c1hqTXRPZEw5CnRiZ3lLVzZqWVRCZk1BNEdBMVVkRHdFQi93UUVBd0lDaERBZEJnTlZIU1VFRmpBVUJnZ3JCZ0VGQlFjREFRWUkKS3dZQkJRVUhBd0l3RHdZRFZSMFRBUUgvQkFVd0F3RUIvekFkQmdOVkhRNEVGZ1FVeHdiWHExU1d3RWp1OFNKVgpSQkJNSlpxOUFnVXdCUVlESzJWd0EwRUFEWTJrMGp6UUgyZDVYRnpDOHBrT2ZnMExoMFIzR05aN0xBbDJlQnRLCmJ5RS92b0JTbGVVbkpieGdXQUxKdUdxdHlXYnIzY2Vob3JJc2w5RGd5WGNKQkE9PQotLS0tLUVORCBDRVJUSUZJQ0FURS0tLS0tCg==" -> null
    t2_provision_test.go:974:           - client_certificate = "[REDACTED]" -> null
    t2_provision_test.go:974:           - client_key         = (sensitive value) -> null
    t2_provision_test.go:974:         } -> null
    t2_provision_test.go:974:       - client_configuration_wo        = (write-only attribute) -> null
    t2_provision_test.go:974:       - endpoint                       = "178.104.243.87" -> null
    t2_provision_test.go:974:       - id                             = "machine_configuration_apply" -> null
    t2_provision_test.go:974:       - machine_configuration          = (sensitive value) -> null
    t2_provision_test.go:974:       - machine_configuration_hash     = "ca0ca5153e77e7c923d7da236b845394e87cc56309368a6fef8a674fa5b5008f" -> null
    t2_provision_test.go:974:       - machine_configuration_input    = (sensitive value) -> null
    t2_provision_test.go:974:       - machine_configuration_input_wo = (write-only attribute) -> null
    t2_provision_test.go:974:       - node                           = "178.104.243.87" -> null
    t2_provision_test.go:974:       - resolved_apply_mode            = "auto" -> null
    t2_provision_test.go:974:     }
    t2_provision_test.go:974: 
    t2_provision_test.go:974:   # talos_machine_configuration_apply.worker["e2e-hetzner-08050640-fb08050640-worker-5"] will be destroyed
    t2_provision_test.go:974:   - resource "talos_machine_configuration_apply" "worker" {
    t2_provision_test.go:974:       - apply_mode                     = "auto" -> null
    t2_provision_test.go:974:       - client_configuration           = {
    t2_provision_test.go:974:           - ca_certificate     = "LS0tLS1CRUdJTiBDRVJUSUZJQ0FURS0tLS0tCk1JSUJQakNCOGFBREFnRUNBaEJwczVONHFQcGVKa3AyUXJRRzAyeWFNQVVHQXl0bGNEQVFNUTR3REFZRFZRUUsKRXdWMFlXeHZjekFlRncweU5qQTRNRFV3TmpReE1URmFGdzB6TmpBNE1ESXdOalF4TVRGYU1CQXhEakFNQmdOVgpCQW9UQlhSaGJHOXpNQ293QlFZREsyVndBeUVBaHpBc09uNXNEYkVtNFBvNWFIRnhtaGZEeHB3c1hqTXRPZEw5CnRiZ3lLVzZqWVRCZk1BNEdBMVVkRHdFQi93UUVBd0lDaERBZEJnTlZIU1VFRmpBVUJnZ3JCZ0VGQlFjREFRWUkKS3dZQkJRVUhBd0l3RHdZRFZSMFRBUUgvQkFVd0F3RUIvekFkQmdOVkhRNEVGZ1FVeHdiWHExU1d3RWp1OFNKVgpSQkJNSlpxOUFnVXdCUVlESzJWd0EwRUFEWTJrMGp6UUgyZDVYRnpDOHBrT2ZnMExoMFIzR05aN0xBbDJlQnRLCmJ5RS92b0JTbGVVbkpieGdXQUxKdUdxdHlXYnIzY2Vob3JJc2w5RGd5WGNKQkE9PQotLS0tLUVORCBDRVJUSUZJQ0FURS0tLS0tCg==" -> null
    t2_provision_test.go:974:           - client_certificate = "[REDACTED]" -> null
    t2_provision_test.go:974:           - client_key         = (sensitive value) -> null
    t2_provision_test.go:974:         } -> null
    t2_provision_test.go:974:       - client_configuration_wo        = (write-only attribute) -> null
    t2_provision_test.go:974:       - endpoint                       = "178.105.227.248" -> null
    t2_provision_test.go:974:       - id                             = "machine_configuration_apply" -> null
    t2_provision_test.go:974:       - machine_configuration          = (sensitive value) -> null
    t2_provision_test.go:974:       - machine_configuration_hash     = "ca0ca5153e77e7c923d7da236b845394e87cc56309368a6fef8a674fa5b5008f" -> null
    t2_provision_test.go:974:       - machine_configuration_input    = (sensitive value) -> null
    t2_provision_test.go:974:       - machine_configuration_input_wo = (write-only attribute) -> null
    t2_provision_test.go:974:       - node                           = "178.105.227.248" -> null
    t2_provision_test.go:974:       - resolved_apply_mode            = "auto" -> null
    t2_provision_test.go:974:     }
    t2_provision_test.go:974: 
    t2_provision_test.go:974:   # talos_machine_configuration_apply.worker["e2e-hetzner-08050640-fb08050640-worker-6"] will be destroyed
    t2_provision_test.go:974:   - resource "talos_machine_configuration_apply" "worker" {
    t2_provision_test.go:974:       - apply_mode                     = "auto" -> null
    t2_provision_test.go:974:       - client_configuration           = {
    t2_provision_test.go:974:           - ca_certificate     = "LS0tLS1CRUdJTiBDRVJUSUZJQ0FURS0tLS0tCk1JSUJQakNCOGFBREFnRUNBaEJwczVONHFQcGVKa3AyUXJRRzAyeWFNQVVHQXl0bGNEQVFNUTR3REFZRFZRUUsKRXdWMFlXeHZjekFlRncweU5qQTRNRFV3TmpReE1URmFGdzB6TmpBNE1ESXdOalF4TVRGYU1CQXhEakFNQmdOVgpCQW9UQlhSaGJHOXpNQ293QlFZREsyVndBeUVBaHpBc09uNXNEYkVtNFBvNWFIRnhtaGZEeHB3c1hqTXRPZEw5CnRiZ3lLVzZqWVRCZk1BNEdBMVVkRHdFQi93UUVBd0lDaERBZEJnTlZIU1VFRmpBVUJnZ3JCZ0VGQlFjREFRWUkKS3dZQkJRVUhBd0l3RHdZRFZSMFRBUUgvQkFVd0F3RUIvekFkQmdOVkhRNEVGZ1FVeHdiWHExU1d3RWp1OFNKVgpSQkJNSlpxOUFnVXdCUVlESzJWd0EwRUFEWTJrMGp6UUgyZDVYRnpDOHBrT2ZnMExoMFIzR05aN0xBbDJlQnRLCmJ5RS92b0JTbGVVbkpieGdXQUxKdUdxdHlXYnIzY2Vob3JJc2w5RGd5WGNKQkE9PQotLS0tLUVORCBDRVJUSUZJQ0FURS0tLS0tCg==" -> null
    t2_provision_test.go:974:           - client_certificate = "[REDACTED]" -> null
    t2_provision_test.go:974:           - client_key         = (sensitive value) -> null
    t2_provision_test.go:974:         } -> null
    t2_provision_test.go:974:       - client_configuration_wo        = (write-only attribute) -> null
    t2_provision_test.go:974:       - endpoint                       = "188.245.151.69" -> null
    t2_provision_test.go:974:       - id                             = "machine_configuration_apply" -> null
    t2_provision_test.go:974:       - machine_configuration          = (sensitive value) -> null
    t2_provision_test.go:974:       - machine_configuration_hash     = "ca0ca5153e77e7c923d7da236b845394e87cc56309368a6fef8a674fa5b5008f" -> null
    t2_provision_test.go:974:       - machine_configuration_input    = (sensitive value) -> null
    t2_provision_test.go:974:       - machine_configuration_input_wo = (write-only attribute) -> null
    t2_provision_test.go:974:       - node                           = "188.245.151.69" -> null
    t2_provision_test.go:974:       - resolved_apply_mode            = "auto" -> null
    t2_provision_test.go:974:     }
    t2_provision_test.go:974: 
    t2_provision_test.go:974:   # talos_machine_secrets.this will be destroyed
    t2_provision_test.go:974:   - resource "talos_machine_secrets" "this" {
    t2_provision_test.go:974:       - client_configuration = {
    t2_provision_test.go:974:           - ca_certificate     = "LS0tLS1CRUdJTiBDRVJUSUZJQ0FURS0tLS0tCk1JSUJQakNCOGFBREFnRUNBaEJwczVONHFQcGVKa3AyUXJRRzAyeWFNQVVHQXl0bGNEQVFNUTR3REFZRFZRUUsKRXdWMFlXeHZjekFlRncweU5qQTRNRFV3TmpReE1URmFGdzB6TmpBNE1ESXdOalF4TVRGYU1CQXhEakFNQmdOVgpCQW9UQlhSaGJHOXpNQ293QlFZREsyVndBeUVBaHpBc09uNXNEYkVtNFBvNWFIRnhtaGZEeHB3c1hqTXRPZEw5CnRiZ3lLVzZqWVRCZk1BNEdBMVVkRHdFQi93UUVBd0lDaERBZEJnTlZIU1VFRmpBVUJnZ3JCZ0VGQlFjREFRWUkKS3dZQkJRVUhBd0l3RHdZRFZSMFRBUUgvQkFVd0F3RUIvekFkQmdOVkhRNEVGZ1FVeHdiWHExU1d3RWp1OFNKVgpSQkJNSlpxOUFnVXdCUVlESzJWd0EwRUFEWTJrMGp6UUgyZDVYRnpDOHBrT2ZnMExoMFIzR05aN0xBbDJlQnRLCmJ5RS92b0JTbGVVbkpieGdXQUxKdUdxdHlXYnIzY2Vob3JJc2w5RGd5WGNKQkE9PQotLS0tLUVORCBDRVJUSUZJQ0FURS0tLS0tCg==" -> null
    t2_provision_test.go:974:           - client_certificate = "[REDACTED]" -> null
    t2_provision_test.go:974:           - client_key         = (sensitive value) -> null
    t2_provision_test.go:974:         } -> null
    t2_provision_test.go:974:       - id                   = "machine_secrets" -> null
    t2_provision_test.go:974:       - machine_secrets      = {
    t2_provision_test.go:974:           - certs      = {
    t2_provision_test.go:974:               - etcd               = {
    t2_provision_test.go:974:                   - cert = "LS0tLS1CRUdJTiBDRVJUSUZJQ0FURS0tLS0tCk1JSUJmVENDQVNTZ0F3SUJBZ0lSQU1DY2FEMlZUQlBFcFR2aVFlb3pMTU13Q2dZSUtvWkl6ajBFQXdJd0R6RU4KTUFzR0ExVUVDaE1FWlhSalpEQWVGdzB5TmpBNE1EVXdOalF4TVRGYUZ3MHpOakE0TURJd05qUXhNVEZhTUE4eApEVEFMQmdOVkJBb1RCR1YwWTJRd1dUQVRCZ2NxaGtqT1BRSUJCZ2dxaGtqT1BRTUJCd05DQUFRRkVQOUo0YWJMClJTZnRoV2d0QjJUZVNXa3pSTHhMV2RUVE5iQmUyWTQ2N2g3RzIxTDNQLzdTd2JYbjl1WnYwK005Y2VmUlFnVC8KUGluQUtuUEUvVjBzbzJFd1h6QU9CZ05WSFE4QkFmOEVCQU1DQW9Rd0hRWURWUjBsQkJZd0ZBWUlLd1lCQlFVSApBd0VHQ0NzR0FRVUZCd01DTUE4R0ExVWRFd0VCL3dRRk1BTUJBZjh3SFFZRFZSME9CQllFRkpzRUhSZXdmZUs1ClBwUHVONEg5VTlnS0QrV3pNQW9HQ0NxR1NNNDlCQU1DQTBjQU1FUUNJSGR3M25XczhNWnhtTldseUxLUG55RW8KTnFCWTlmdkl6ekNIbWFtSlVvMUpBaUFDazg2NUZQYzZCcHdwNVdGNHdhaXZnLzVVL1ZDS3lWZWI2alpMNzYvcwozdz09Ci0tLS0tRU5EIENFUlRJRklDQVRFLS0tLS0K" -> null
    t2_provision_test.go:974:                   - key  = (sensitive value) -> null
    t2_provision_test.go:974:                 } -> null
    t2_provision_test.go:974:               - k8s                = {
    t2_provision_test.go:974:                   - cert = "LS0tLS1CRUdJTiBDRVJUSUZJQ0FURS0tLS0tCk1JSUJpakNDQVRDZ0F3SUJBZ0lSQUpFOFR6T0tmZmFURFB5eWtIdzRXQ2d3Q2dZSUtvWkl6ajBFQXdJd0ZURVQKTUJFR0ExVUVDaE1LYTNWaVpYSnVaWFJsY3pBZUZ3MHlOakE0TURVd05qUXhNVEZhRncwek5qQTRNREl3TmpReApNVEZhTUJVeEV6QVJCZ05WQkFvVENtdDFZbVZ5Ym1WMFpYTXdXVEFUQmdjcWhrak9QUUlCQmdncWhrak9QUU1CCkJ3TkNBQVRsZW5ZaTNQMktsdTRhd2UrWlVISEZlbnpSWW1iYmpGM281aE1LM2YzRXdhMWxWSTd4YkRBbnJhWGYKTWpjNkNSVGNLZllmMWpFUjFtSWFXak1NS0FNZW8yRXdYekFPQmdOVkhROEJBZjhFQkFNQ0FvUXdIUVlEVlIwbApCQll3RkFZSUt3WUJCUVVIQXdFR0NDc0dBUVVGQndNQ01BOEdBMVVkRXdFQi93UUZNQU1CQWY4d0hRWURWUjBPCkJCWUVGTGJ5OUp3SWg3T0VleE9wM25TVkp2Y0kvTG0zTUFvR0NDcUdTTTQ5QkFNQ0EwZ0FNRVVDSUVLdTZmSGIKYzFmMkNTODJrU2VoVmw4N2xKS3JQdzB2YnMvZDh0bnpLZFdJQWlFQTZEMEUrUDEyZkFrS3had1dnckNmdDFkSApEa3ZxVHRnVTArd1IwaXdlbWZZPQotLS0tLUVORCBDRVJUSUZJQ0FURS0tLS0tCg==" -> null
    t2_provision_test.go:974:                   - key  = (sensitive value) -> null
    t2_provision_test.go:974:                 } -> null
    t2_provision_test.go:974:               - k8s_aggregator     = {
    t2_provision_test.go:974:                   - cert = "LS0tLS1CRUdJTiBDRVJUSUZJQ0FURS0tLS0tCk1JSUJZVENDQVFhZ0F3SUJBZ0lSQVB2blBFeUowZzNPZDlLVG90VVh0cll3Q2dZSUtvWkl6ajBFQXdJd0FEQWUKRncweU5qQTRNRFV3TmpReE1URmFGdzB6TmpBNE1ESXdOalF4TVRGYU1BQXdXVEFUQmdjcWhrak9QUUlCQmdncQpoa2pPUFFNQkJ3TkNBQVJOV2hnQ09kaFlsMkJUS2x5aDRZMDZIVkpvOVFvZ0RpYVBlTG9iSXRSSlRqZWRLdTRxClRkaUxlSmJTN3hISmRmamRxVnVoSk1zVUF0WVRTNndVRDA5RW8yRXdYekFPQmdOVkhROEJBZjhFQkFNQ0FvUXcKSFFZRFZSMGxCQll3RkFZSUt3WUJCUVVIQXdFR0NDc0dBUVVGQndNQ01BOEdBMVVkRXdFQi93UUZNQU1CQWY4dwpIUVlEVlIwT0JCWUVGQTUxYVNmUnNuNnpmN0xGM2RQcC9GZW5mVnpiTUFvR0NDcUdTTTQ5QkFNQ0Ewa0FNRVlDCklRQ1BrVzdIRFdpNTRPcURnWnkwaTgvd1loOEJFNGNBY3UrMnRPaytTS1QxcGdJaEFOQUF2UjVJeG02RmtpRDYKbUdsSkFET1ZiMG5QYUp6L3hwZk81b0o3WHk2SQotLS0tLUVORCBDRVJUSUZJQ0FURS0tLS0tCg==" -> null
    t2_provision_test.go:974:                   - key  = (sensitive value) -> null
    t2_provision_test.go:974:                 } -> null
    t2_provision_test.go:974:               - k8s_serviceaccount = {
    t2_provision_test.go:974:                   - key = (sensitive value) -> null
    t2_provision_test.go:974:                 } -> null
    t2_provision_test.go:974:               - os                 = {
    t2_provision_test.go:974:                   - cert = "LS0tLS1CRUdJTiBDRVJUSUZJQ0FURS0tLS0tCk1JSUJQakNCOGFBREFnRUNBaEJwczVONHFQcGVKa3AyUXJRRzAyeWFNQVVHQXl0bGNEQVFNUTR3REFZRFZRUUsKRXdWMFlXeHZjekFlRncweU5qQTRNRFV3TmpReE1URmFGdzB6TmpBNE1ESXdOalF4TVRGYU1CQXhEakFNQmdOVgpCQW9UQlhSaGJHOXpNQ293QlFZREsyVndBeUVBaHpBc09uNXNEYkVtNFBvNWFIRnhtaGZEeHB3c1hqTXRPZEw5CnRiZ3lLVzZqWVRCZk1BNEdBMVVkRHdFQi93UUVBd0lDaERBZEJnTlZIU1VFRmpBVUJnZ3JCZ0VGQlFjREFRWUkKS3dZQkJRVUhBd0l3RHdZRFZSMFRBUUgvQkFVd0F3RUIvekFkQmdOVkhRNEVGZ1FVeHdiWHExU1d3RWp1OFNKVgpSQkJNSlpxOUFnVXdCUVlESzJWd0EwRUFEWTJrMGp6UUgyZDVYRnpDOHBrT2ZnMExoMFIzR05aN0xBbDJlQnRLCmJ5RS92b0JTbGVVbkpieGdXQUxKdUdxdHlXYnIzY2Vob3JJc2w5RGd5WGNKQkE9PQotLS0tLUVORCBDRVJUSUZJQ0FURS0tLS0tCg==" -> null
    t2_provision_test.go:974:                   - key  = (sensitive value) -> null
    t2_provision_test.go:974:                 } -> null
    t2_provision_test.go:974:             } -> null
    t2_provision_test.go:974:           - cluster    = {
    t2_provision_test.go:974:               - id     = "OOGpy--Oc28fTUl7ks0_dTiUUj4RbNkmi_g1JPhKL8U=" -> null
    t2_provision_test.go:974:               - secret = (sensitive value) -> null
    t2_provision_test.go:974:             } -> null
    t2_provision_test.go:974:           - secrets    = {
    t2_provision_test.go:974:               - bootstrap_token             = (sensitive value) -> null
    t2_provision_test.go:974:               - secretbox_encryption_secret = (sensitive value) -> null
    t2_provision_test.go:974:             } -> null
    t2_provision_test.go:974:           - trustdinfo = {
    t2_provision_test.go:974:               - token = (sensitive value) -> null
    t2_provision_test.go:974:             } -> null
    t2_provision_test.go:974:         } -> null
    t2_provision_test.go:974:       - talos_version        = "v1.13.6" -> null
    t2_provision_test.go:974:     }
    t2_provision_test.go:974: 
    t2_provision_test.go:974:   # terraform_data.byo_network_guard will be destroyed
    t2_provision_test.go:974:   - resource "terraform_data" "byo_network_guard" {
    t2_provision_test.go:974:       - id = "503268e0-e05e-213c-c70d-266ed0bc4dad" -> null
    t2_provision_test.go:974:     }
    t2_provision_test.go:974: 
    t2_provision_test.go:974:   # terraform_data.compat_k8s_guard will be destroyed
    t2_provision_test.go:974:   - resource "terraform_data" "compat_k8s_guard" {
    t2_provision_test.go:974:       - id = "fb95bed2-37ec-c378-ae62-6acf659d53a1" -> null
    t2_provision_test.go:974:     }
    t2_provision_test.go:974: 
    t2_provision_test.go:974:   # terraform_data.csi_volume_label_guard will be destroyed
    t2_provision_test.go:974:   - resource "terraform_data" "csi_volume_label_guard" {
    t2_provision_test.go:974:       - id     = "cd38394e-6d79-44a2-af50-c16279610a99" -> null
    t2_provision_test.go:974:       - input  = "2.22.0" -> null
    t2_provision_test.go:974:       - output = "2.22.0" -> null
    t2_provision_test.go:974:     }
    t2_provision_test.go:974: 
    t2_provision_test.go:974:   # terraform_data.dns_zone_guard will be destroyed
    t2_provision_test.go:974:   - resource "terraform_data" "dns_zone_guard" {
    t2_provision_test.go:974:       - id = "21c24a44-2b10-920d-f8dc-8f2890da5acb" -> null
    t2_provision_test.go:974:     }
    t2_provision_test.go:974: 
    t2_provision_test.go:974: Plan: 0 to add, 0 to change, 33 to destroy.
    t2_provision_test.go:974: 
    t2_provision_test.go:974: Changes to Outputs:
    t2_provision_test.go:974:   - bootstrap_manifests    = (sensitive value) -> null
    t2_provision_test.go:974:   - bucket_endpoints       = {} -> null
    t2_provision_test.go:974:   - bucket_names           = [] -> null
    t2_provision_test.go:974:   - dns_name_servers       = [] -> null
    t2_provision_test.go:974:   - dns_zone_id            = "" -> null
    t2_provision_test.go:974:   - kubeconfig             = (sensitive value) -> null
    t2_provision_test.go:974:   - network_id             = "12520247" -> null
    t2_provision_test.go:974:   - talos_cluster_endpoint = "https://178.104.129.165:6443" -> null
    t2_provision_test.go:974:   - talos_cluster_name     = "e2e-hetzner-08050640-fb08050640" -> null
    t2_provision_test.go:974:   - talosconfig            = (sensitive value) -> null
    t2_provision_test.go:974: terraform_data.dns_zone_guard: Destroying... [id=21c24a44-2b10-920d-f8dc-8f2890da5acb]
    t2_provision_test.go:974: terraform_data.csi_volume_label_guard: Destroying... [id=cd38394e-6d79-44a2-af50-c16279610a99]
    t2_provision_test.go:974: terraform_data.byo_network_guard: Destroying... [id=503268e0-e05e-213c-c70d-266ed0bc4dad]
    t2_provision_test.go:974: terraform_data.dns_zone_guard: Destruction complete after 0s
    t2_provision_test.go:974: terraform_data.byo_network_guard: Destruction complete after 0s
    t2_provision_test.go:974: terraform_data.compat_k8s_guard: Destroying... [id=fb95bed2-37ec-c378-ae62-6acf659d53a1]
    t2_provision_test.go:974: terraform_data.compat_k8s_guard: Destruction complete after 0s
    t2_provision_test.go:974: terraform_data.csi_volume_label_guard: Destruction complete after 0s
    t2_provision_test.go:974: talos_machine_configuration_apply.worker["e2e-hetzner-08050640-fb08050640-worker-1"]: Destroying... [id=machine_configuration_apply]
    t2_provision_test.go:974: talos_machine_configuration_apply.worker["e2e-hetzner-08050640-fb08050640-worker-5"]: Destroying... [id=machine_configuration_apply]
    t2_provision_test.go:974: talos_machine_configuration_apply.worker["e2e-hetzner-08050640-fb08050640-worker-3"]: Destroying... [id=machine_configuration_apply]
    t2_provision_test.go:974: talos_machine_configuration_apply.worker["e2e-hetzner-08050640-fb08050640-worker-6"]: Destroying... [id=machine_configuration_apply]
    t2_provision_test.go:974: talos_machine_configuration_apply.worker["e2e-hetzner-08050640-fb08050640-worker-4"]: Destroying... [id=machine_configuration_apply]
    t2_provision_test.go:974: talos_cluster_kubeconfig.this: [REDACTED] [id=e2e-hetzner-08050640-fb08050640]
    t2_provision_test.go:974: talos_machine_configuration_apply.worker["e2e-hetzner-08050640-fb08050640-worker-2"]: Destroying... [id=machine_configuration_apply]
    t2_provision_test.go:974: talos_machine_configuration_apply.worker["e2e-hetzner-08050640-fb08050640-worker-1"]: Destruction complete after 0s
    t2_provision_test.go:974: talos_machine_configuration_apply.worker["e2e-hetzner-08050640-fb08050640-worker-3"]: Destruction complete after 0s
    t2_provision_test.go:974: talos_machine_configuration_apply.worker["e2e-hetzner-08050640-fb08050640-worker-5"]: Destruction complete after 0s
    t2_provision_test.go:974: talos_machine_configuration_apply.worker["e2e-hetzner-08050640-fb08050640-worker-6"]: Destruction complete after 0s
    t2_provision_test.go:974: talos_cluster_kubeconfig.this: [REDACTED] complete after 0s
    t2_provision_test.go:974: talos_machine_configuration_apply.worker["e2e-hetzner-08050640-fb08050640-worker-4"]: Destruction complete after 0s
    t2_provision_test.go:974: talos_machine_configuration_apply.worker["e2e-hetzner-08050640-fb08050640-worker-2"]: Destruction complete after 0s
    t2_provision_test.go:974: talos_machine_bootstrap.this: Destroying... [id=machine_bootstrap]
    t2_provision_test.go:974: talos_machine_bootstrap.this: Destruction complete after 0s
    t2_provision_test.go:974: talos_machine_configuration_apply.control_plane["e2e-hetzner-08050640-fb08050640-cp-1"]: Destroying... [id=machine_configuration_apply]
    t2_provision_test.go:974: talos_machine_configuration_apply.control_plane["e2e-hetzner-08050640-fb08050640-cp-1"]: Destruction complete after 0s
    t2_provision_test.go:974: hcloud_server.workers["e2e-hetzner-08050640-fb08050640-worker-3"]: Destroying... [id=159206309]
    t2_provision_test.go:974: hcloud_server.control_planes["e2e-hetzner-08050640-fb08050640-cp-1"]: Destroying... [id=159206312]
    t2_provision_test.go:974: hcloud_server.workers["e2e-hetzner-08050640-fb08050640-worker-5"]: Destroying... [id=159206314]
    t2_provision_test.go:974: hcloud_server.workers["e2e-hetzner-08050640-fb08050640-worker-1"]: Destroying... [id=159206313]
    t2_provision_test.go:974: hcloud_server.workers["e2e-hetzner-08050640-fb08050640-worker-4"]: Destroying... [id=159206315]
    t2_provision_test.go:974: hcloud_server.workers["e2e-hetzner-08050640-fb08050640-worker-6"]: Destroying... [id=159206310]
    t2_provision_test.go:974: hcloud_server.workers["e2e-hetzner-08050640-fb08050640-worker-2"]: Destroying... [id=159206311]
    t2_provision_test.go:974: hcloud_server.workers["e2e-hetzner-08050640-fb08050640-worker-3"]: Still destroying... [id=159206309, 10s elapsed]
    t2_provision_test.go:974: hcloud_server.workers["e2e-hetzner-08050640-fb08050640-worker-1"]: Still destroying... [id=159206313, 10s elapsed]
    t2_provision_test.go:974: hcloud_server.control_planes["e2e-hetzner-08050640-fb08050640-cp-1"]: Still destroying... [id=159206312, 10s elapsed]
    t2_provision_test.go:974: hcloud_server.workers["e2e-hetzner-08050640-fb08050640-worker-5"]: Still destroying... [id=159206314, 10s elapsed]
    t2_provision_test.go:974: hcloud_server.workers["e2e-hetzner-08050640-fb08050640-worker-6"]: Still destroying... [id=159206310, 10s elapsed]
    t2_provision_test.go:974: hcloud_server.workers["e2e-hetzner-08050640-fb08050640-worker-4"]: Still destroying... [id=159206315, 10s elapsed]
    t2_provision_test.go:974: hcloud_server.workers["e2e-hetzner-08050640-fb08050640-worker-2"]: Still destroying... [id=159206311, 10s elapsed]
    t2_provision_test.go:974: hcloud_server.workers["e2e-hetzner-08050640-fb08050640-worker-2"]: Still destroying... [id=159206311, 20s elapsed]
    t2_provision_test.go:974: hcloud_server.workers["e2e-hetzner-08050640-fb08050640-worker-6"]: Still destroying... [id=159206310, 20s elapsed]
    t2_provision_test.go:974: hcloud_server.workers["e2e-hetzner-08050640-fb08050640-worker-4"]: Still destroying... [id=159206315, 20s elapsed]
    t2_provision_test.go:974: hcloud_server.workers["e2e-hetzner-08050640-fb08050640-worker-1"]: Still destroying... [id=159206313, 20s elapsed]
    t2_provision_test.go:974: hcloud_server.workers["e2e-hetzner-08050640-fb08050640-worker-3"]: Still destroying... [id=159206309, 20s elapsed]
    t2_provision_test.go:974: hcloud_server.control_planes["e2e-hetzner-08050640-fb08050640-cp-1"]: Still destroying... [id=159206312, 20s elapsed]
    t2_provision_test.go:974: hcloud_server.workers["e2e-hetzner-08050640-fb08050640-worker-5"]: Still destroying... [id=159206314, 20s elapsed]
    t2_provision_test.go:974: hcloud_server.control_planes["e2e-hetzner-08050640-fb08050640-cp-1"]: Still destroying... [id=159206312, 30s elapsed]
    t2_provision_test.go:974: hcloud_server.workers["e2e-hetzner-08050640-fb08050640-worker-3"]: Still destroying... [id=159206309, 30s elapsed]
    t2_provision_test.go:974: hcloud_server.workers["e2e-hetzner-08050640-fb08050640-worker-5"]: Still destroying... [id=159206314, 30s elapsed]
    t2_provision_test.go:974: hcloud_server.workers["e2e-hetzner-08050640-fb08050640-worker-6"]: Still destroying... [id=159206310, 30s elapsed]
    t2_provision_test.go:974: hcloud_server.workers["e2e-hetzner-08050640-fb08050640-worker-4"]: Still destroying... [id=159206315, 30s elapsed]
    t2_provision_test.go:974: hcloud_server.workers["e2e-hetzner-08050640-fb08050640-worker-2"]: Still destroying... [id=159206311, 30s elapsed]
    t2_provision_test.go:974: hcloud_server.workers["e2e-hetzner-08050640-fb08050640-worker-1"]: Still destroying... [id=159206313, 30s elapsed]
    t2_provision_test.go:974: hcloud_server.workers["e2e-hetzner-08050640-fb08050640-worker-1"]: Still destroying... [id=159206313, 40s elapsed]
    t2_provision_test.go:974: hcloud_server.workers["e2e-hetzner-08050640-fb08050640-worker-4"]: Still destroying... [id=159206315, 40s elapsed]
    t2_provision_test.go:974: hcloud_server.workers["e2e-hetzner-08050640-fb08050640-worker-2"]: Still destroying... [id=159206311, 40s elapsed]
    t2_provision_test.go:974: hcloud_server.workers["e2e-hetzner-08050640-fb08050640-worker-5"]: Still destroying... [id=159206314, 40s elapsed]
    t2_provision_test.go:974: hcloud_server.workers["e2e-hetzner-08050640-fb08050640-worker-6"]: Still destroying... [id=159206310, 40s elapsed]
    t2_provision_test.go:974: hcloud_server.workers["e2e-hetzner-08050640-fb08050640-worker-3"]: Still destroying... [id=159206309, 40s elapsed]
    t2_provision_test.go:974: hcloud_server.control_planes["e2e-hetzner-08050640-fb08050640-cp-1"]: Still destroying... [id=159206312, 40s elapsed]
    t2_provision_test.go:974: hcloud_server.workers["e2e-hetzner-08050640-fb08050640-worker-6"]: Still destroying... [id=159206310, 50s elapsed]
    t2_provision_test.go:974: hcloud_server.workers["e2e-hetzner-08050640-fb08050640-worker-4"]: Still destroying... [id=159206315, 50s elapsed]
    t2_provision_test.go:974: hcloud_server.control_planes["e2e-hetzner-08050640-fb08050640-cp-1"]: Still destroying... [id=159206312, 50s elapsed]
    t2_provision_test.go:974: hcloud_server.workers["e2e-hetzner-08050640-fb08050640-worker-2"]: Still destroying... [id=159206311, 50s elapsed]
    t2_provision_test.go:974: hcloud_server.workers["e2e-hetzner-08050640-fb08050640-worker-1"]: Still destroying... [id=159206313, 50s elapsed]
    t2_provision_test.go:974: hcloud_server.workers["e2e-hetzner-08050640-fb08050640-worker-3"]: Still destroying... [id=159206309, 50s elapsed]
    t2_provision_test.go:974: hcloud_server.workers["e2e-hetzner-08050640-fb08050640-worker-5"]: Still destroying... [id=159206314, 50s elapsed]
    t2_provision_test.go:974: hcloud_server.workers["e2e-hetzner-08050640-fb08050640-worker-5"]: Still destroying... [id=159206314, 1m0s elapsed]
    t2_provision_test.go:974: hcloud_server.workers["e2e-hetzner-08050640-fb08050640-worker-2"]: Still destroying... [id=159206311, 1m0s elapsed]
    t2_provision_test.go:974: hcloud_server.workers["e2e-hetzner-08050640-fb08050640-worker-6"]: Still destroying... [id=159206310, 1m0s elapsed]
    t2_provision_test.go:974: hcloud_server.workers["e2e-hetzner-08050640-fb08050640-worker-4"]: Still destroying... [id=159206315, 1m0s elapsed]
    t2_provision_test.go:974: hcloud_server.workers["e2e-hetzner-08050640-fb08050640-worker-1"]: Still destroying... [id=159206313, 1m0s elapsed]
    t2_provision_test.go:974: hcloud_server.control_planes["e2e-hetzner-08050640-fb08050640-cp-1"]: Still destroying... [id=159206312, 1m0s elapsed]
    t2_provision_test.go:974: hcloud_server.workers["e2e-hetzner-08050640-fb08050640-worker-3"]: Still destroying... [id=159206309, 1m0s elapsed]
    t2_provision_test.go:974: hcloud_server.workers["e2e-hetzner-08050640-fb08050640-worker-2"]: Still destroying... [id=159206311, 1m10s elapsed]
    t2_provision_test.go:974: hcloud_server.workers["e2e-hetzner-08050640-fb08050640-worker-3"]: Still destroying... [id=159206309, 1m10s elapsed]
    t2_provision_test.go:974: hcloud_server.workers["e2e-hetzner-08050640-fb08050640-worker-6"]: Still destroying... [id=159206310, 1m10s elapsed]
    t2_provision_test.go:974: hcloud_server.workers["e2e-hetzner-08050640-fb08050640-worker-4"]: Still destroying... [id=159206315, 1m10s elapsed]
    t2_provision_test.go:974: hcloud_server.workers["e2e-hetzner-08050640-fb08050640-worker-5"]: Still destroying... [id=159206314, 1m10s elapsed]
    t2_provision_test.go:974: hcloud_server.control_planes["e2e-hetzner-08050640-fb08050640-cp-1"]: Still destroying... [id=159206312, 1m10s elapsed]
    t2_provision_test.go:974: hcloud_server.workers["e2e-hetzner-08050640-fb08050640-worker-1"]: Still destroying... [id=159206313, 1m10s elapsed]
    t2_provision_test.go:974: hcloud_server.workers["e2e-hetzner-08050640-fb08050640-worker-1"]: Still destroying... [id=159206313, 1m20s elapsed]
    t2_provision_test.go:974: hcloud_server.workers["e2e-hetzner-08050640-fb08050640-worker-2"]: Still destroying... [id=159206311, 1m20s elapsed]
    t2_provision_test.go:974: hcloud_server.control_planes["e2e-hetzner-08050640-fb08050640-cp-1"]: Still destroying... [id=159206312, 1m20s elapsed]
    t2_provision_test.go:974: hcloud_server.workers["e2e-hetzner-08050640-fb08050640-worker-5"]: Still destroying... [id=159206314, 1m20s elapsed]
    t2_provision_test.go:974: hcloud_server.workers["e2e-hetzner-08050640-fb08050640-worker-4"]: Still destroying... [id=159206315, 1m20s elapsed]
    t2_provision_test.go:974: hcloud_server.workers["e2e-hetzner-08050640-fb08050640-worker-6"]: Still destroying... [id=159206310, 1m20s elapsed]
    t2_provision_test.go:974: hcloud_server.workers["e2e-hetzner-08050640-fb08050640-worker-3"]: Still destroying... [id=159206309, 1m20s elapsed]
    t2_provision_test.go:974: hcloud_server.workers["e2e-hetzner-08050640-fb08050640-worker-5"]: Destruction complete after 1m20s
    t2_provision_test.go:974: hcloud_server.workers["e2e-hetzner-08050640-fb08050640-worker-3"]: Destruction complete after 1m20s
    t2_provision_test.go:974: hcloud_server.workers["e2e-hetzner-08050640-fb08050640-worker-6"]: Destruction complete after 1m20s
    t2_provision_test.go:974: hcloud_server.workers["e2e-hetzner-08050640-fb08050640-worker-2"]: Destruction complete after 1m20s
    t2_provision_test.go:974: hcloud_server.workers["e2e-hetzner-08050640-fb08050640-worker-1"]: Destruction complete after 1m20s
    t2_provision_test.go:974: hcloud_server.control_planes["e2e-hetzner-08050640-fb08050640-cp-1"]: Destruction complete after 1m20s
    t2_provision_test.go:974: hcloud_server.workers["e2e-hetzner-08050640-fb08050640-worker-4"]: Destruction complete after 1m20s
    t2_provision_test.go:974: hcloud_primary_ip.worker_ipv4[1]: Destroying... [name=e2e-hetzner-08050640-fb08050640-worker-2-ipv4]
    t2_provision_test.go:974: hcloud_primary_ip.worker_ipv4[4]: Destroying... [name=e2e-hetzner-08050640-fb08050640-worker-5-ipv4]
    t2_provision_test.go:974: hcloud_primary_ip.control_plane_ipv4[0]: Destroying... [name=e2e-hetzner-08050640-fb08050640-cp-1-ipv4]
    t2_provision_test.go:974: hcloud_network_subnet.nodes: Destroying... [id=12520247-10.0.0.0/24]
    t2_provision_test.go:974: imager_image.amd64[0]: Destroying... [id=416513112]
    t2_provision_test.go:974: hcloud_primary_ip.worker_ipv4[2]: Destroying... [name=e2e-hetzner-08050640-fb08050640-worker-3-ipv4]
    t2_provision_test.go:974: hcloud_primary_ip.worker_ipv4[3]: Destroying... [name=e2e-hetzner-08050640-fb08050640-worker-4-ipv4]
    t2_provision_test.go:974: hcloud_primary_ip.worker_ipv4[0]: Destroying... [name=e2e-hetzner-08050640-fb08050640-worker-1-ipv4]
    t2_provision_test.go:974: talos_machine_secrets.this: Destroying... [id=machine_secrets]
    t2_provision_test.go:974: talos_machine_secrets.this: Destruction complete after 0s
    t2_provision_test.go:974: hcloud_firewall.this: Destroying... [id=11419420]
    t2_provision_test.go:974: hcloud_primary_ip.worker_ipv4[5]: Destroying... [name=e2e-hetzner-08050640-fb08050640-worker-6-ipv4]
    t2_provision_test.go:974: hcloud_primary_ip.control_plane_ipv4[0]: Destruction complete after 0s
    t2_provision_test.go:974: hcloud_firewall.this: Destruction complete after 0s
    t2_provision_test.go:974: hcloud_primary_ip.worker_ipv4[5]: Destruction complete after 0s
    t2_provision_test.go:974: hcloud_primary_ip.worker_ipv4[0]: Destruction complete after 0s
    t2_provision_test.go:974: hcloud_primary_ip.worker_ipv4[4]: Destruction complete after 0s
    t2_provision_test.go:974: hcloud_primary_ip.worker_ipv4[1]: Destruction complete after 0s
    t2_provision_test.go:974: hcloud_primary_ip.worker_ipv4[3]: Destruction complete after 0s
    t2_provision_test.go:974: hcloud_primary_ip.worker_ipv4[2]: Destruction complete after 0s
    t2_provision_test.go:974: hcloud_network_subnet.nodes: Destruction complete after 0s
    t2_provision_test.go:974: hcloud_network.this[0]: Destroying... [id=12520247]
    t2_provision_test.go:974: imager_image.amd64[0]: Destruction complete after 0s
    t2_provision_test.go:974: talos_image_factory_schematic.this: Destroying... [id=ce4c980550dd2ab1b17bbf2b08801c7eb59418eafe8f279833297925d67c7515]
    t2_provision_test.go:974: talos_image_factory_schematic.this: Destruction complete after 0s
    t2_provision_test.go:974: hcloud_network.this[0]: Destruction complete after 0s
    t2_provision_test.go:974: 
    t2_provision_test.go:974: Warning: Value for undeclared variable
    t2_provision_test.go:974: 
    t2_provision_test.go:974: The root module does not declare a variable named "secrets_xacct_provider"
    t2_provision_test.go:974: but a value was found in file
    t2_provision_test.go:974: "/var/folders/vm/lhl4207s6nx4bn8xn8slz2lr0000gn/T/alethia-destroy-2110404461/work/tofu.tfvars.json".
    t2_provision_test.go:974: If you meant to use this value, add a "variable" block to the configuration.
    t2_provision_test.go:974: 
    t2_provision_test.go:974: To silence these warnings, use TF_VAR_... environment variables to provide
    t2_provision_test.go:974: certain "global" settings to all configurations in your organization. To
    t2_provision_test.go:974: reduce the verbosity of these warnings, use the -compact-warnings option.
    t2_provision_test.go:974: 
    t2_provision_test.go:974: Warning: Value for undeclared variable
    t2_provision_test.go:974: 
    t2_provision_test.go:974: The root module does not declare a variable named "secrets_provider" but a
    t2_provision_test.go:974: value was found in file
    t2_provision_test.go:974: "/var/folders/vm/lhl4207s6nx4bn8xn8slz2lr0000gn/T/alethia-destroy-2110404461/work/tofu.tfvars.json".
    t2_provision_test.go:974: If you meant to use this value, add a "variable" block to the configuration.
    t2_provision_test.go:974: 
    t2_provision_test.go:974: To silence these warnings, use TF_VAR_... environment variables to provide
    t2_provision_test.go:974: certain "global" settings to all configurations in your organization. To
    t2_provision_test.go:974: reduce the verbosity of these warnings, use the -compact-warnings option.
    t2_provision_test.go:974: 
    t2_provision_test.go:974: Warning: Values for undeclared variables
    t2_provision_test.go:974: 
    t2_provision_test.go:974: In addition to the other similar warnings shown, 2 other variable(s) defined
    t2_provision_test.go:974: without being declared.
    t2_provision_test.go:974: 
    t2_provision_test.go:974: Destroy complete! Resources: 33 destroyed.
    t2_provision_test.go:974: Environment destroyed successfully!
    t2_provision_test.go:371: teardown: cluster destroyed via RunDestroy
--- FAIL: TestT2RealCloudProvisioning (1503.37s)
FAIL
FAIL	github.com/alethialabs-io/alethialabs/test/e2e	1503.874s
FAIL
