=== RUN   TestT2RealCloudProvisioning
    t2_provision_test.go:146: A0.6: ArgoCD-with-repos SKIPPED — no apps/BYO repo configured (set ALETHIA_E2E_ARGO_APPS_REPO + ALETHIA_E2E_ARGO_BYO_CHART_REPO + ALETHIA_E2E_GIT_TOKEN). Base T2 proof still runs.
    t2_provision_test.go:164: #1268: cross-account keyless secrets SKIPPED — set ALETHIA_E2E_SECRETS_XACCT (+ its target vars) to enable.
    t2_provision_test.go:184: #1773: ACM certificate SKIPPED — set ALETHIA_E2E_ACM_CERT (+ ALETHIA_E2E_ACM_CERT_ZONE_ID, ALETHIA_E2E_ACM_CERT_ZONE_NAME) to enable.
    t2_provision_test.go:202: #1511: keyless DB auth SKIPPED — set ALETHIA_E2E_KEYLESS_DB (+ its engine vars) to enable.
    t2_provision_test.go:221: #1047: cross-account keyless registry SKIPPED — set ALETHIA_E2E_XACCT_REGISTRY (+ its target vars) to enable.
    t2_provision_test.go:239: T2 target: provider=hetzner region=nbg1 cluster=alethia-nl-localc5b32c1f
    t2_provision_test.go:264: T2 budget — hetzner: ctx 51m30s (= deploy-wait 25m0s + argocd-converge 19m30s + headroom 7m0s) < go 57m0s < step 1h2m0s < job 1h17m0s
    t2_provision_test.go:302: A0.5: seeded console graph (project=b531ec68-7bbd-4e77-8708-281b9e6f8035 env=061c0fa2-9806-4a40-b53e-43b8b799419b) + loaded fidelity fixture; enforce=false real_snapshot=false
    t2_provision_test.go:348: A0.5 WARN (set ALETHIA_E2E_A05_ENFORCE to hard-fail): snapshot fidelity — 1 divergence(s) across the 2 compared key(s) [addons provider]: key "addons" diverges from the console shape: seeded=[map[chart:argo-rollouts chartRepo:https://argoproj.github.io/argo-helm id:argo-rollouts mode:managed namespace:argo-rollouts syncWave:2 values:map[controller:map[replicas:2] dashboard:map[enabled:false]] version:2.37.7] map[chart:external-dns chartRepo:https://kubernetes-sigs.github.io/external-dns/ id:external-dns mode:managed namespace:external-dns syncWave:2 values:map[provider:map[name:cloudflare]] version:1.15.0] map[chart:falco chartRepo:https://falcosecurity.github.io/charts id:falco mode:managed namespace:falco syncWave:2 values:map[driver:map[kind:auto] falco:map[json_output:false] falcosidekick:map[enabled:false]] version:4.9.0] map[chart:goldilocks chartRepo:https://charts.fairwinds.com/stable id:goldilocks mode:managed namespace:goldilocks syncWave:4 values:map[dashboard:map[replicaCount:2] vpa:map[enabled:false]] version:9.0.0] map[chart:harbor chartRepo:https://helm.goharbor.io id:harbor mode:managed namespace:harbor syncWave:2 values:map[expose:map[type:ingress] persistence:map[persistentVolumeClaim:map[registry:map[size:50Gi]]]] version:1.15.1] map[chart:ingress-nginx chartRepo:https://kubernetes.github.io/ingress-nginx id:ingress-nginx mode:managed namespace:ingress-nginx syncWave:1 values:map[controller:map[metrics:map[enabled:false] replicaCount:1 service:map[type:LoadBalancer]]] version:4.11.2] map[chart:keda chartRepo:https://kedacore.github.io/charts id:keda mode:managed namespace:keda syncWave:2 values:map[operator:map[replicaCount:1]] version:2.15.1] map[chart:kube-prometheus-stack chartRepo:https://prometheus-community.github.io/helm-charts id:kube-prometheus-stack mode:managed namespace:monitoring syncWave:2 values:map[alertmanager:map[enabled:true] grafana:map[enabled:true] prometheus:map[prometheusSpec:map[retention:15d scrapeInterval:30s storageSpec:map[volumeClaimTemplate:map[spec:map[resources:map[requests:map[storage:20Gi]]]]]]]] version:61.9.0] map[chart:kyverno chartRepo:https://kyverno.github.io/kyverno/ id:kyverno mode:managed namespace:kyverno syncWave:1 values:map[admissionController:map[replicas:3] backgroundController:map[enabled:true]] version:3.2.6] map[chart:loki chartRepo:https://grafana.github.io/helm-charts id:loki mode:managed namespace:monitoring syncWave:3 values:map[backend:map[replicas:0] deploymentMode:SingleBinary loki:map[commonConfig:map[replication_factor:1] limits_config:map[retention_period:336h] schemaConfig:map[configs:[map[from:2024-01-01 index:map[period:24h prefix:index_] object_store:filesystem schema:v13 store:tsdb]]] storage:map[type:filesystem]] read:map[replicas:0] singleBinary:map[persistence:map[size:10Gi]] write:map[replicas:0]] version:6.6.0] map[chart:minio chartRepo:https://charts.min.io/ id:minio mode:managed namespace:minio syncWave:2 values:map[mode:standalone persistence:map[size:50Gi]] version:5.2.0] map[chart:opentelemetry-collector chartRepo:https://open-telemetry.github.io/opentelemetry-helm-charts id:opentelemetry-collector mode:managed namespace:observability syncWave:3 values:map[config:map[exporters:map[debug:map[]] receivers:map[otlp:map[protocols:map[grpc:map[] http:map[]]]] service:map[pipelines:map[logs:map[exporters:[debug] receivers:[otlp]] metrics:map[exporters:[debug] receivers:[otlp]] traces:map[exporters:[debug] receivers:[otlp]]]]] image:map[repository:otel/opentelemetry-collector-contrib] mode:deployment replicaCount:1] version:0.108.0] map[chart:reloader chartRepo:https://stakater.github.io/stakater-charts id:reloader mode:managed namespace:reloader syncWave:1 values:map[reloader:map[deployment:map[replicas:1] watchGlobally:true]] version:1.1.0] map[chart:sealed-secrets chartRepo:https://bitnami.github.io/sealed-secrets id:sealed-secrets mode:managed namespace:kube-system syncWave:1 values:map[keyrenewperiod:720h] version:2.16.1] map[chart:tempo chartRepo:https://grafana.github.io/helm-charts id:tempo mode:managed namespace:monitoring syncWave:3 values:map[persistence:map[enabled:true size:10Gi] tempo:map[retention:24h]] version:1.10.3] map[chart:trivy-operator chartRepo:https://aquasecurity.github.io/helm-charts/ id:trivy-operator mode:managed namespace:trivy-system syncWave:2 values:map[trivy:map[ignoreUnfixed:true]] version:0.24.1] map[chart:vault chartRepo:https://helm.releases.hashicorp.com id:vault mode:managed namespace:vault syncWave:2 values:map[server:map[ha:map[enabled:false]] ui:map[enabled:true]] version:0.28.1] map[chart:velero chartRepo:https://vmware-tanzu.github.io/helm-charts id:velero mode:managed namespace:velero syncWave:3 values:map[deployNodeAgent:false snapshotsEnabled:true] version:7.2.1]] fixture=[map[chart:reloader chartRepo:https://stakater.github.io/stakater-charts id:reloader mode:managed namespace:reloader syncWave:1 values:map[reloader:map[deployment:map[replicas:1] watchGlobally:true]] version:1.1.0]]
    t2_provision_test.go:354: seeded QUEUED DEPLOY job 6e9500dd-8a03-4a07-ac9f-388dd3596e1e targeting hetzner template (cluster alethia-nl-localc5b32c1f)
    t2_provision_test.go:480: verified signed receipt sealed to plan sha256 9a54177d2aff98599033875381f19f5d48a18a8f251b876a1703f9de5dc0f9af
    t2_provision_test.go:493: 274 log lines shipped to job_logs
    t2_provision_test.go:499: kubectl get nodes:
        alethia-nl-localc5b32c1f-cp-1       Ready   control-plane   11m   v1.35.6
        alethia-nl-localc5b32c1f-worker-1   Ready   <none>          11m   v1.35.6
        alethia-nl-localc5b32c1f-worker-2   Ready   <none>          11m   v1.35.6
        alethia-nl-localc5b32c1f-worker-3   Ready   <none>          11m   v1.35.6
        alethia-nl-localc5b32c1f-worker-4   Ready   <none>          11m   v1.35.6
        alethia-nl-localc5b32c1f-worker-5   Ready   <none>          11m   v1.35.6
        alethia-nl-localc5b32c1f-worker-6   Ready   <none>          11m   v1.35.6
    t2_provision_test.go:510: asserting ArgoCD Applications reach Healthy+Synced: [addon-argo-rollouts addon-external-dns addon-falco addon-goldilocks addon-harbor addon-ingress-nginx addon-keda addon-kube-prometheus-stack addon-kyverno addon-loki addon-minio addon-opentelemetry-collector addon-reloader addon-sealed-secrets addon-tempo addon-trivy-operator addon-vault addon-velero external-secrets-operator metrics-server]
    t2_provision_test.go:548: ArgoCD application health assertion failed: ArgoCD Applications did not all reach Healthy+Synced within 19m30s:
        12/20 expected ArgoCD Applications are not Healthy+Synced:
          - addon-argo-rollouts: health=Healthy sync=OutOfSync
          - addon-external-dns: health=Degraded sync=Synced
          - addon-falco: health=Progressing sync=Synced
          - addon-harbor: health=Degraded sync=OutOfSync [SyncError: Failed sync attempt to 1.15.1: one or more objects failed to apply, reason: Internal error occurred: failed calling webhook "validate.nginx.ingress.kubernetes.io": failed to call webhook: Post "https://addon-ingress-nginx-controller-admission.ingress-nginx.svc:443/networking/v1/ingresses?timeout=10s": tls: failed to verify certificate: x509: certificate signed by unknown authority (retried 5 times).]
          - addon-ingress-nginx: health=Progressing sync=Synced
          - addon-kube-prometheus-stack: health=Progressing sync=Synced
          - addon-kyverno: health=Healthy sync=OutOfSync
          - addon-loki: health=Progressing sync=OutOfSync
          - addon-minio: health=Degraded sync=OutOfSync
          - addon-tempo: health=Healthy sync=OutOfSync
          - addon-vault: health=Progressing sync=OutOfSync
          - addon-velero: health=Missing sync=OutOfSync
        all Applications observed in the argocd namespace:
          - addon-argo-rollouts: health=Healthy sync=OutOfSync
          - addon-external-dns: health=Degraded sync=Synced
          - addon-falco: health=Progressing sync=Synced
          - addon-goldilocks: health=Healthy sync=Synced
          - addon-harbor: health=Degraded sync=OutOfSync
          - addon-ingress-nginx: health=Progressing sync=Synced
          - addon-keda: health=Healthy sync=Synced
          - addon-kube-prometheus-stack: health=Progressing sync=Synced
          - addon-kyverno: health=Healthy sync=OutOfSync
          - addon-loki: health=Progressing sync=OutOfSync
          - addon-minio: health=Degraded sync=OutOfSync
          - addon-opentelemetry-collector: health=Healthy sync=Synced
          - addon-reloader: health=Healthy sync=Synced
          - addon-sealed-secrets: health=Healthy sync=Synced
          - addon-tempo: health=Healthy sync=OutOfSync
          - addon-trivy-operator: health=Healthy sync=Synced
          - addon-vault: health=Progressing sync=OutOfSync
          - addon-velero: health=Missing sync=OutOfSync
          - external-secrets-operator: health=Healthy sync=Synced
          - metrics-server: health=Healthy sync=Synced
        ──── kubectl describe application addon-argo-rollouts ────
        Name:         addon-argo-rollouts
        Namespace:    argocd
        Labels:       alethia.io/addon-id=argo-rollouts
                      alethia.io/addon-mode=managed
                      alethia.io/addon-source=helm
                      alethia.io/managed-by=addon-marketplace
                      alethia.io/project-id=e2e-localc5b32c1f
        Annotations:  argocd.argoproj.io/sync-wave: 2
        API Version:  argoproj.io/v1alpha1
        Kind:         Application
        Metadata:
          Creation Timestamp:  2026-08-24T20:42:56Z
          Finalizers:
            resources-finalizer.argocd.argoproj.io
          Generation:        61
          Resource Version:  17251
          UID:               af38977d-8cc2-4e51-aefe-f2d7b42e7ccb
        Spec:
          Destination:
            Namespace:  argo-rollouts
            Server:     https://kubernetes.default.svc
          Ignore Differences:
            Group:  apps
            Jq Path Expressions:
              .spec.template.spec.containers[]?.env[]?.valueFrom.resourceFieldRef.divisor
            Json Pointers:
              /status/terminatingReplicas
            Kind:                  Deployment
          Project:                 infra
          Revision History Limit:  3
          Source:
            Chart:  argo-rollouts
            Helm:
              Values:  controller:
          replicas: 2
        dashboard:
          enabled: false
        
            Repo URL:         https://argoproj.github.io/argo-helm
            Target Revision:  2.37.7
          Sync Policy:
            Automated:
              Prune:      true
              Self Heal:  true
            Sync Options:
              CreateNamespace=true
              ServerSideApply=true
              RespectIgnoreDifferences=true
        Status:
          Controller Namespace:  argocd
          Health:
            Last Transition Time:  2026-08-24T20:44:49Z
            Status:                Healthy
          History:
            Deploy Started At:  2026-08-24T20:42:59Z
            Deployed At:        2026-08-24T20:43:09Z
            Id:                 0
            Initiated By:
              Automated:  true
            Revision:     2.37.7
            Source:
              Chart:  argo-rollouts
              Helm:
                Values:  controller:
          replicas: 2
        dashboard:
          enabled: false
        
              Repo URL:         https://argoproj.github.io/argo-helm
              Target Revision:  2.37.7
          Operation State:
            Finished At:  2026-08-24T21:12:32Z
            Message:      successfully synced (all tasks run)
            Operation:
              Initiated By:
                Automated:  true
              Retry:
                Limit:  5
              Sync:
                Auto Heal Attempts Count:  11
                Prune:                     true
                Resources:
                  Group:   apiextensions.k8s.io
                  Kind:    CustomResourceDefinition
                  Name:    analysistemplates.argoproj.io
                  Group:   apiextensions.k8s.io
                  Kind:    CustomResourceDefinition
                  Name:    experiments.argoproj.io
                  Group:   apiextensions.k8s.io
                  Kind:    CustomResourceDefinition
                  Name:    rollouts.argoproj.io
                  Group:   apiextensions.k8s.io
                  Kind:    CustomResourceDefinition
                  Name:    analysisruns.argoproj.io
                  Group:   apiextensions.k8s.io
                  Kind:    CustomResourceDefinition
                  Name:    clusteranalysistemplates.argoproj.io
                Revision:  2.37.7
                Sync Options:
                  CreateNamespace=true
                  ServerSideApply=true
                  RespectIgnoreDifferences=true
            Phase:       Succeeded
            Started At:  2026-08-24T21:12:32Z
            Sync Result:
              Resources:
                Group:       apiextensions.k8s.io
                Hook Phase:  Running
                Kind:        CustomResourceDefinition
                Message:     customresourcedefinition.apiextensions.k8s.io/experiments.argoproj.io serverside-applied
                Name:        experiments.argoproj.io
                Namespace:   argo-rollouts
                Status:      Synced
                Sync Phase:  Sync
                Version:     v1
                Group:       apiextensions.k8s.io
                Hook Phase:  Running
                Kind:        CustomResourceDefinition
                Message:     customresourcedefinition.apiextensions.k8s.io/analysistemplates.argoproj.io serverside-applied
                Name:        analysistemplates.argoproj.io
                Namespace:   argo-rollouts
                Status:      Synced
                Sync Phase:  Sync
                Version:     v1
                Group:       apiextensions.k8s.io
                Hoo…(truncated)
        ──── kubectl describe application addon-external-dns ────
        Name:         addon-external-dns
        Namespace:    argocd
        Labels:       alethia.io/addon-id=external-dns
                      alethia.io/addon-mode=managed
                      alethia.io/addon-source=helm
                      alethia.io/managed-by=addon-marketplace
                      alethia.io/project-id=e2e-localc5b32c1f
        Annotations:  argocd.argoproj.io/sync-wave: 2
        API Version:  argoproj.io/v1alpha1
        Kind:         Application
        Metadata:
          Creation Timestamp:  2026-08-24T20:42:56Z
          Finalizers:
            resources-finalizer.argocd.argoproj.io
          Generation:        21
          Resource Version:  15462
          UID:               6c7b085a-59f4-4e41-b728-445229d3adb3
        Spec:
          Destination:
            Namespace:  external-dns
            Server:     https://kubernetes.default.svc
          Ignore Differences:
            Group:  apps
            Jq Path Expressions:
              .spec.template.spec.containers[]?.env[]?.valueFrom.resourceFieldRef.divisor
            Json Pointers:
              /status/terminatingReplicas
            Kind:                  Deployment
          Project:                 infra
          Revision History Limit:  3
          Source:
            Chart:  external-dns
            Helm:
              Values:  provider:
          name: cloudflare
        
            Repo URL:         https://kubernetes-sigs.github.io/external-dns/
            Target Revision:  1.15.0
          Sync Policy:
            Automated:
              Prune:      true
              Self Heal:  true
            Sync Options:
              CreateNamespace=true
              ServerSideApply=true
              RespectIgnoreDifferences=true
        Status:
          Controller Namespace:  argocd
          Health:
            Last Transition Time:  2026-08-24T20:52:58Z
            Status:                Degraded
          History:
            Deploy Started At:  2026-08-24T20:42:57Z
            Deployed At:        2026-08-24T20:42:57Z
            Id:                 0
            Initiated By:
              Automated:  true
            Revision:     1.15.0
            Source:
              Chart:  external-dns
              Helm:
                Values:  provider:
          name: cloudflare
        
              Repo URL:         https://kubernetes-sigs.github.io/external-dns/
              Target Revision:  1.15.0
          Operation State:
            Finished At:  2026-08-24T20:42:59Z
            Message:      successfully synced (all tasks run)
            Operation:
              Initiated By:
                Automated:  true
              Retry:
                Limit:  5
              Sync:
                Auto Heal Attempts Count:  1
                Prune:                     true
                Resources:
                  Kind:    Service
                  Name:    addon-external-dns
                  Group:   apps
                  Kind:    Deployment
                  Name:    addon-external-dns
                  Group:   apiextensions.k8s.io
                  Kind:    CustomResourceDefinition
                  Name:    dnsendpoints.externaldns.k8s.io
                  Kind:    ServiceAccount
                  Name:    addon-external-dns
                  Group:   rbac.authorization.k8s.io
                  Kind:    ClusterRole
                  Name:    addon-external-dns
                  Group:   rbac.authorization.k8s.io
                  Kind:    ClusterRoleBinding
                  Name:    addon-external-dns-viewer
                Revision:  1.15.0
                Sync Options:
                  CreateNamespace=true
                  ServerSideApply=true
                  RespectIgnoreDifferences=true
            Phase:       Succeeded
            Started At:  2026-08-24T20:42:58Z
            Sync Result:
              Resources:
                Group:       
                Hook Phase:  Running
                Kind:        ServiceAccount
                Message:     serviceaccount/addon-external-dns serverside-applied
                Name:        addon-external-dns
                Namespace:   external-dns
                Status:      Synced
                Sync Phase:  Sync
                Version:     v1
                Group:       apiextensions.k8s.io
                Hook Phase:  Running
                Kind:        CustomResourceDefinition
                Message:     customresourcedefinition.apiextensions.k8s.io/dnsendpoints.externaldns.k8s.io serverside-applied
                Name:        dnsendpoints.externaldns.k8s.io
                Namespace:   external-dns
                Status:      Synced
                Sync Phase:  Sync
                Version:     v1
                Group:       rbac.authorization.k8s.io
                Hook Phase:  Running
                Kind:        ClusterRole
                Message:     clusterrole.rbac.authorization.k8s.io/addon-external-dns reconciled. cl…(truncated)
        ──── kubectl describe application addon-falco ────
        Name:         addon-falco
        Namespace:    argocd
        Labels:       alethia.io/addon-id=falco
                      alethia.io/addon-mode=managed
                      alethia.io/addon-source=helm
                      alethia.io/managed-by=addon-marketplace
                      alethia.io/project-id=e2e-localc5b32c1f
        Annotations:  argocd.argoproj.io/sync-wave: 2
        API Version:  argoproj.io/v1alpha1
        Kind:         Application
        Metadata:
          Creation Timestamp:  2026-08-24T20:42:56Z
          Finalizers:
            resources-finalizer.argocd.argoproj.io
          Generation:        18
          Resource Version:  15375
          UID:               bc4cfa1d-915f-4c52-9f23-a7f81dec97b1
        Spec:
          Destination:
            Namespace:  falco
            Server:     https://kubernetes.default.svc
          Ignore Differences:
            Group:  apps
            Jq Path Expressions:
              .spec.template.spec.containers[]?.env[]?.valueFrom.resourceFieldRef.divisor
            Json Pointers:
              /status/terminatingReplicas
            Kind:                  Deployment
          Project:                 infra
          Revision History Limit:  3
          Source:
            Chart:  falco
            Helm:
              Values:  driver:
          kind: auto
        falco:
          json_output: false
        falcosidekick:
          enabled: false
        
            Repo URL:         https://falcosecurity.github.io/charts
            Target Revision:  4.9.0
          Sync Policy:
            Automated:
              Prune:      true
              Self Heal:  true
            Sync Options:
              CreateNamespace=true
              ServerSideApply=true
              RespectIgnoreDifferences=true
        Status:
          Controller Namespace:  argocd
          Health:
            Last Transition Time:  2026-08-24T20:43:01Z
            Status:                Progressing
          History:
            Deploy Started At:  2026-08-24T20:42:59Z
            Deployed At:        2026-08-24T20:43:01Z
            Id:                 0
            Initiated By:
              Automated:  true
            Revision:     4.9.0
            Source:
              Chart:  falco
              Helm:
                Values:  driver:
          kind: auto
        falco:
          json_output: false
        falcosidekick:
          enabled: false
        
              Repo URL:         https://falcosecurity.github.io/charts
              Target Revision:  4.9.0
          Operation State:
            Finished At:  2026-08-24T20:43:01Z
            Message:      successfully synced (all tasks run)
            Operation:
              Initiated By:
                Automated:  true
              Retry:
                Limit:  5
              Sync:
                Prune:     true
                Revision:  4.9.0
                Sync Options:
                  CreateNamespace=true
                  ServerSideApply=true
                  RespectIgnoreDifferences=true
            Phase:       Succeeded
            Started At:  2026-08-24T20:42:59Z
            Sync Result:
              Resources:
                Group:       
                Hook Phase:  Running
                Kind:        Namespace
                Message:     namespace/falco serverside-applied
                Name:        falco
                Namespace:   
                Status:      Synced
                Sync Phase:  PreSync
                Version:     v1
                Group:       
                Hook Phase:  Running
                Kind:        ServiceAccount
                Message:     serviceaccount/addon-falco serverside-applied
                Name:        addon-falco
                Namespace:   falco
                Status:      Synced
                Sync Phase:  Sync
                Version:     v1
                Group:       
                Hook Phase:  Running
                Kind:        ConfigMap
                Message:     configmap/addon-falco-falcoctl serverside-applied
                Name:        addon-falco-falcoctl
                Namespace:   falco
                Status:      Synced
                Sync Phase:  Sync
                Version:     v1
                Group:       
                Hook Phase:  Running
                Kind:        ConfigMap
                Message:     configmap/addon-falco serverside-applied
                Name:        addon-falco
                Namespace:   falco
                Status:      Synced
                Sync Phase:  Sync
                Version:     v1
                Group:       rbac.authorization.k8s.io
                Hook Phase:  Running
                Kind:        Role
                Message:     role.rbac.authorization.k8s.io/addon-falco reconciled. reconciliation required create
                             missing rules added:
                               {Verbs:[get list update] APIGroups:[] Resources:[configmaps] ResourceNames:[] NonResourceURLs:[]}. role.rbac.authorization.k8s…(truncated)
        ──── kubectl describe application addon-harbor ────
        Name:         addon-harbor
        Namespace:    argocd
        Labels:       alethia.io/addon-id=harbor
                      alethia.io/addon-mode=managed
                      alethia.io/addon-source=helm
                      alethia.io/managed-by=addon-marketplace
                      alethia.io/project-id=e2e-localc5b32c1f
        Annotations:  argocd.argoproj.io/sync-wave: 2
        API Version:  argoproj.io/v1alpha1
        Kind:         Application
        Metadata:
          Creation Timestamp:  2026-08-24T20:42:57Z
          Finalizers:
            resources-finalizer.argocd.argoproj.io
          Generation:        34
          Resource Version:  16505
          UID:               79cee1ae-2b26-472d-97dd-275282b4f631
        Spec:
          Destination:
            Namespace:  harbor
            Server:     https://kubernetes.default.svc
          Ignore Differences:
            Group:  apps
            Jq Path Expressions:
              .spec.template.spec.containers[]?.env[]?.valueFrom.resourceFieldRef.divisor
            Json Pointers:
              /status/terminatingReplicas
            Kind:                  Deployment
          Project:                 infra
          Revision History Limit:  3
          Source:
            Chart:  harbor
            Helm:
              Values:  expose:
          type: ingress
        persistence:
          persistentVolumeClaim:
            registry:
              size: 50Gi
        
            Repo URL:         https://helm.goharbor.io
            Target Revision:  1.15.1
          Sync Policy:
            Automated:
              Prune:      true
              Self Heal:  true
            Sync Options:
              CreateNamespace=true
              ServerSideApply=true
              RespectIgnoreDifferences=true
        Status:
          Conditions:
            Last Transition Time:  2026-08-24T20:48:40Z
            Message:               Failed sync attempt to 1.15.1: one or more objects failed to apply, reason: Internal error occurred: failed calling webhook "validate.nginx.ingress.kubernetes.io": failed to call webhook: Post "https://addon-ingress-nginx-controller-admission.ingress-nginx.svc:443/networking/v1/ingresses?timeout=10s": tls: failed to verify certificate: x509: certificate signed by unknown authority (retried 5 times).
            Type:                  SyncError
          Controller Namespace:    argocd
          Health:
            Last Transition Time:  2026-08-24T20:56:00Z
            Status:                Degraded
          Operation State:
            Finished At:  2026-08-24T20:48:40Z
            Message:      one or more objects failed to apply, reason: Internal error occurred: failed calling webhook "validate.nginx.ingress.kubernetes.io": failed to call webhook: Post "https://addon-ingress-nginx-controller-admission.ingress-nginx.svc:443/networking/v1/ingresses?timeout=10s": tls: failed to verify certificate: x509: certificate signed by unknown authority (retried 5 times).
            Operation:
              Initiated By:
                Automated:  true
              Retry:
                Limit:  5
              Sync:
                Prune:     true
                Revision:  1.15.1
                Sync Options:
                  CreateNamespace=true
                  ServerSideApply=true
                  RespectIgnoreDifferences=true
            Phase:        Failed
            Retry Count:  5
            Started At:   2026-08-24T20:43:00Z
            Sync Result:
              Resources:
                Group:       
                Hook Phase:  Running
                Kind:        Secret
                Message:     secret/addon-harbor-ingress serverside-applied
                Name:        addon-harbor-ingress
                Namespace:   harbor
                Status:      Synced
                Sync Phase:  Sync
                Version:     v1
                Group:       
                Hook Phase:  Running
                Kind:        Secret
                Message:     secret/addon-harbor-core serverside-applied
                Name:        addon-harbor-core
                Namespace:   harbor
                Status:      Synced
                Sync Phase:  Sync
                Version:     v1
                Group:       
                Hook Phase:  Running
                Kind:        Secret
                Message:     secret/addon-harbor-registryctl serverside-applied
                Name:        addon-harbor-registryctl
                Namespace:   harbor
                Status:      Synced
                Sync Phase:  Sync
                Version:     v1
                Group:       
                Hook Phase:  Running
                Kind:        Secret
                Message:     secret/addon-harbor-registry serverside-applied
                Name:        addon-harbor-registry
             …(truncated)
        ──── kubectl describe application addon-ingress-nginx ────
        Name:         addon-ingress-nginx
        Namespace:    argocd
        Labels:       alethia.io/addon-id=ingress-nginx
                      alethia.io/addon-mode=managed
                      alethia.io/addon-source=helm
                      alethia.io/managed-by=addon-marketplace
                      alethia.io/project-id=e2e-localc5b32c1f
        Annotations:  argocd.argoproj.io/sync-wave: 1
        API Version:  argoproj.io/v1alpha1
        Kind:         Application
        Metadata:
          Creation Timestamp:  2026-08-24T20:42:54Z
          Finalizers:
            resources-finalizer.argocd.argoproj.io
          Generation:        25
          Resource Version:  16461
          UID:               5ca14946-6b58-4a42-927b-e3cd27374efc
        Operation:
          Initiated By:
            Automated:  true
          Retry:
            Limit:  5
          Sync:
            Prune:     true
            Revision:  4.11.2
            Sync Options:
              CreateNamespace=true
              ServerSideApply=true
              RespectIgnoreDifferences=true
        Spec:
          Destination:
            Namespace:  ingress-nginx
            Server:     https://kubernetes.default.svc
          Ignore Differences:
            Group:  apps
            Jq Path Expressions:
              .spec.template.spec.containers[]?.env[]?.valueFrom.resourceFieldRef.divisor
            Json Pointers:
              /status/terminatingReplicas
            Kind:                  Deployment
          Project:                 infra
          Revision History Limit:  3
          Source:
            Chart:  ingress-nginx
            Helm:
              Values:  controller:
          metrics:
            enabled: false
          replicaCount: 1
          service:
            type: LoadBalancer
        
            Repo URL:         https://kubernetes.github.io/ingress-nginx
            Target Revision:  4.11.2
          Sync Policy:
            Automated:
              Prune:      true
              Self Heal:  true
            Sync Options:
              CreateNamespace=true
              ServerSideApply=true
              RespectIgnoreDifferences=true
        Status:
          Controller Namespace:  argocd
          Health:
            Last Transition Time:  2026-08-24T20:43:09Z
            Status:                Progressing
          Operation State:
            Message:  waiting for healthy state of /Service/addon-ingress-nginx-controller
            Operation:
              Initiated By:
                Automated:  true
              Retry:
                Limit:  5
              Sync:
                Prune:     true
                Revision:  4.11.2
                Sync Options:
                  CreateNamespace=true
                  ServerSideApply=true
                  RespectIgnoreDifferences=true
            Phase:       Running
            Started At:  2026-08-24T20:42:55Z
            Sync Result:
              Resources:
                Group:       
                Hook Phase:  Running
                Kind:        Namespace
                Message:     namespace/ingress-nginx serverside-applied
                Name:        ingress-nginx
                Namespace:   
                Status:      Synced
                Sync Phase:  PreSync
                Version:     v1
                Group:       
                Hook Phase:  Succeeded
                Hook Type:   PreSync
                Kind:        ServiceAccount
                Message:     addon-ingress-nginx-admission created
                Name:        addon-ingress-nginx-admission
                Namespace:   ingress-nginx
                Sync Phase:  PreSync
                Version:     v1
                Group:       rbac.authorization.k8s.io
                Hook Phase:  Succeeded
                Hook Type:   PreSync
                Kind:        ClusterRole
                Message:     addon-ingress-nginx-admission created
                Name:        addon-ingress-nginx-admission
                Namespace:   ingress-nginx
                Sync Phase:  PreSync
                Version:     v1
                Group:       rbac.authorization.k8s.io
                Hook Phase:  Succeeded
                Hook Type:   PreSync
                Kind:        ClusterRoleBinding
                Message:     addon-ingress-nginx-admission created
                Name:        addon-ingress-nginx-admission
                Namespace:   ingress-nginx
                Sync Phase:  PreSync
                Version:     v1
                Group:       rbac.authorization.k8s.io
                Hook Phase:  Succeeded
                Hook Type:   PreSync
                Kind:        Role
                Message:     addon-ingress-nginx-admission created
                Name:        addon-ingress-nginx-admission
                Namespace:   ingress-nginx
                Sync Phase:  PreSync
                Version:     v1
                Group:       rbac.authorization.k8s.io
                Hook Phase:  Succeeded
                Ho…(truncated)
        … 7 more failing Applications not described
    t2_provision_test.go:424: ──── runner process output ────
        runner dev
        {"time":"2026-08-24T23:35:52.153781+03:00","level":"INFO","msg":"runner started","runner_id":"43575db0-147e-462e-9d71-345f7a9b7a76","operator":"self","version":"dev","alethia_url":"http://127.0.0.1:63789"}
        {"time":"2026-08-24T23:35:52.174911+03:00","level":"INFO","msg":"claimed job","runner_id":"43575db0-147e-462e-9d71-345f7a9b7a76","job_id":"6e9500dd-8a03-4a07-ac9f-388dd3596e1e","job_type":"DEPLOY"}
        ▸ Job claimed — preparing workspace…
        [sandbox] job isolation DISABLED (PassthroughSandbox): running "deploy" job 6e9500dd-8a03-4a07-ac9f-388dd3596e1e in-process with the full host environment — safe only for trusted (non-BYO) work
        Starting deployment for project: alethia-nl (provider: hetzner)
        Using bundled templates from project-templates/hetzner
        State backend: console HTTP proxy (per-job token)
        Initializing OpenTofu...
        {
          "terraform_version": "1.9.0",
          "platform": "darwin_arm64",
          "provider_selections": {
            "registry.opentofu.org/aminueza/minio": "3.38.5",
            "registry.opentofu.org/hashicorp/helm": "2.17.0",
            "registry.opentofu.org/hcloud-talos/imager": "1.0.18",
            "registry.opentofu.org/hetznercloud/hcloud": "1.67.0",
            "registry.opentofu.org/siderolabs/talos": "0.11.0"
          }
        }
        
        Initializing the backend...
        
        Successfully configured the backend "http"! OpenTofu will automatically
        use this backend unless the backend configuration changes.
        
        Initializing provider plugins...
        - terraform.io/builtin/terraform is built in to OpenTofu
        - Reusing previous version of hetznercloud/hcloud from the dependency lock file
        - Reusing previous version of siderolabs/talos from the dependency lock file
        - Reusing previous version of hcloud-talos/imager from the dependency lock file
        - Reusing previous version of hashicorp/helm from the dependency lock file
        - Reusing previous version of aminueza/minio from the dependency lock file
        - Using hetznercloud/hcloud v1.67.0 from the shared cache directory
        - Using siderolabs/talos v0.11.0 from the shared cache directory
        - Using hcloud-talos/imager v1.0.18 from the shared cache directory
        - Using hashicorp/helm v2.17.0 from the shared cache directory
        - Using aminueza/minio v3.38.5 from the shared cache directory
        
        OpenTofu has been successfully initialized!
        Running OpenTofu plan...
        data.talos_image_factory_extensions_versions.this: Reading...
        data.helm_template.hcloud_csi: Reading...
        data.hcloud_location.selected: Reading...
        data.helm_template.hcloud_ccm: Reading...
        data.helm_template.cilium: Reading...
        data.hcloud_location.selected: Read complete after 1s [name=nbg1]
        data.talos_image_factory_extensions_versions.this: Read complete after 1s [id=extensions_info]
        data.helm_template.hcloud_csi: Read complete after 4s [id=hcloud-csi]
        data.helm_template.hcloud_ccm: Read complete after 7s [id=hcloud-cloud-controller-manager]
        data.helm_template.cilium: Still reading... [10s elapsed]
        data.helm_template.cilium: Read complete after 10s [id=cilium]
        
        OpenTofu used the selected providers to generate the following execution
        plan. Resource actions are indicated with the following symbols:
          + create
         <= read (data resources)
        
        OpenTofu will perform the following actions:
        
          # data.talos_client_configuration.this will be read during apply
          # (config refers to values not yet known)
         <= data "talos_client_configuration" "this" {
              + client_configuration = (known after apply)
              + cluster_name         = "alethia-nl-localc5b32c1f"
              + endpoints            = [
                  + (known after apply),
                ]
              + id                   = (known after apply)
              + talos_config         = (sensitive value)
            }
        
          # data.talos_image_factory_urls.amd64[0] will be read during apply
          # (config refers to values not yet known)
         <= data "talos_image_factory_urls" "amd64" {
              + architecture  = "amd64"
              + id            = (known after apply)
              + platform      = "hcloud"
              + schematic_id  = (known after apply)
              + talos_version = "v1.13.6"
              + urls          = (known after apply)
            }
        
          # data.talos_machine_configuration.control_plane will be read during apply
          # (config refers to values not yet known)
         <= data "talos_machine_configuration" "control_plane" {
              + cluster_endpoint      = (known after apply)
              + cluster_name          = "alethia-nl-localc5b32c1f"
              + config_patches        = [
                  + (known after apply),
                  + <<-EOT
                        "cluster":
                          "adminKubeconfig":
                            "certLifetime": "24h0m0s"
                          "network":
                            "cni":
                              "name": "none"
                            "podSubnets":
                            - "10.0.128.0/17"
                            "serviceSubnets":
                            - "10.0.96.0/19"
                          "proxy":
                            "disabled": true
                    EOT,
                ]
              + docs                  = false
              + examples              = false
              + id                    = (known after apply)
              + kubernetes_version    = "1.35.6"
              + machine_configuration = (sensitive value)
              + machine_secrets       = (known after apply)
              + machine_type          = "controlplane"
              + talos_version         = "v1.13.6"
            }
        
          # data.talos_machine_configuration.worker will be read during apply
          # (config refers to values not yet known)
         <= data "talos_machine_configuration" "worker" {
              + cluster_endpoint      = (known after apply)
              + cluster_name          = "alethia-nl-localc5b32c1f"
              + config_patches        = [
                  + (known after apply),
                  + <<-EOT
                        "cluster":
                          "adminKubeconfig":
                            "certLifetime": "24h0m0s"
                          "network":
                            "cni":
                              "name": "none"
                            "podSubnets":
                            - "10.0.128.0/17"
                            "serviceSubnets":
                            - "10.0.96.0/19"
                          "proxy":
                            "disabled": true
                    EOT,
                ]
              + docs                  = false
              + examples              = false
              + id                    = (known after apply)
              + kubernetes_version    = "1.35.6"
              + machine_configuration = (sensitive value)
              + machine_secrets       = (known after apply)
              + machine_type          = "worker"
              + talos_version         = "v1.13.6"
            }
        
          # hcloud_firewall.this will be created
          + resource "hcloud_firewall" "this" {
              + id     = (known after apply)
              + labels = {
                  + "alethia_project-id" = "e2e-localc5b32c1f"
                  + "cluster"            = "alethia-nl-localc5b32c1f"
                }
              + name   = "alethia-nl-localc5b32c1f"
        
              + rule {
                  + description     = "Intra-cluster ICMP (private network)"
                  + destination_ips = []
                  + direction       = "in"
                  + protocol        = "icmp"
                  + source_ips      = [
                      + "10.0.0.0/16",
                    ]
                }
              + rule {
                  + description     = "Intra-cluster TCP (private network)"
                  + destination_ips = []
                  + direction       = "in"
                  + port            = "any"
                  + protocol        = "tcp"
                  + source_ips      = [
                      + "10.0.0.0/16",
                    ]
                }
              + rule {
                  + description     = "Intra-cluster UDP (private network)"
                  + destination_ips = []
                  + direction       = "in"
                  + port            = "any"
                  + protocol        = "udp"
                  + source_ips      = [
                      + "10.0.0.0/16",
                    ]
                }
              + rule {
                  + description     = "Kubernetes API server"
                  + destination_ips = []
                  + direction       = "in"
                  + port            = "6443"
                  + protocol        = "tcp"
                  + source_ips      = [
                      + "0.0.0.0/0",
                      + "::/0",
                    ]
                }
              + rule {
                  + description     = "Talos apid (trustd)"
                  + destination_ips = []
                  + direction       = "in"
                  + port            = "50001"
                  + protocol        = "tcp"
                  + source_ips      = [
                      + "0.0.0.0/0",
                      + "::/0",
                    ]
                }
              + rule {
                  + description     = "Talos apid"
                  + destination_ips = []
                  + direction       = "in"
                  + port            = "50000"
                  + protocol        = "tcp"
                  + source_ips      = [
                      + "0.0.0.0/0",
                      + "::/0",
                    ]
                }
            }
        
          # hcloud_network.this[0] will be created
          + resource "hcloud_network" "this" {
              + delete_protection        = false
              + expose_routes_to_vswitch = false
              + id                       = (known after apply)
              + ip_range                 = "10.0.0.0/16"
              + labels                   = {
                  + "alethia_project-id" = "e2e-localc5b32c1f"
                  + "cluster"            = "alethia-nl-localc5b32c1f"
                }
              + name                     = "alethia-nl-localc5b32c1f"
            }
        
          # hcloud_network_subnet.nodes will be created
          + resource "hcloud_network_subnet" "nodes" {
              + gateway      = (known after apply)
              + id           = (known after apply)
              + ip_range     = "10.0.0.0/24"
              + network_id   = (known after apply)
              + network_zone = "eu-central"
              + type         = "cloud"
            }
        
          # hcloud_primary_ip.control_plane_ipv4[0] will be created
          + resource "hcloud_primary_ip" "control_plane_ipv4" {
              + assignee_id       = (known after apply)
              + assignee_type     = (known after apply)
              + auto_delete       = false
              + datacenter        = (known after apply)
              + delete_protection = false
              + id                = (known after apply)
              + ip_address        = (known after apply)
              + ip_network        = (known after apply)
              + labels            = {
                  + "alethia_project-id" = "e2e-localc5b32c1f"
                  + "cluster"            = "alethia-nl-localc5b32c1f"
                  + "role"               = "control-plane"
                }
              + location          = "nbg1"
              + name              = "alethia-nl-localc5b32c1f-cp-1-ipv4"
              + type              = "ipv4"
            }
        
          # hcloud_primary_ip.worker_ipv4[0] will be created
          + resource "hcloud_primary_ip" "worker_ipv4" {
              + assignee_id       = (known after apply)
              + assignee_type     = (known after apply)
              + auto_delete       = false
              + datacenter        = (known after apply)
              + delete_protection = false
              + id                = (known after apply)
              + ip_address        = (known after apply)
              + ip_network        = (known after apply)
              + labels            = {
                  + "alethia_project-id" = "e2e-localc5b32c1f"
                  + "cluster"            = "alethia-nl-localc5b32c1f"
                  + "role"               = "worker"
                }
              + location          = "nbg1"
              + name              = "alethia-nl-localc5b32c1f-worker-1-ipv4"
              + type              = "ipv4"
            }
        
          # hcloud_primary_ip.worker_ipv4[1] will be created
          + resource "hcloud_primary_ip" "worker_ipv4" {
              + assignee_id       = (known after apply)
              + assignee_type     = (known after apply)
              + auto_delete       = false
              + datacenter        = (known after apply)
              + delete_protection = false
              + id                = (known after apply)
              + ip_address        = (known after apply)
              + ip_network        = (known after apply)
              + labels            = {
                  + "alethia_project-id" = "e2e-localc5b32c1f"
                  + "cluster"            = "alethia-nl-localc5b32c1f"
                  + "role"               = "worker"
                }
              + location          = "nbg1"
              + name              = "alethia-nl-localc5b32c1f-worker-2-ipv4"
              + type              = "ipv4"
            }
        
          # hcloud_primary_ip.worker_ipv4[2] will be created
          + resource "hcloud_primary_ip" "worker_ipv4" {
              + assignee_id       = (known after apply)
              + assignee_type     = (known after apply)
              + auto_delete       = false
              + datacenter        = (known after apply)
              + delete_protection = false
              + id                = (known after apply)
              + ip_address        = (known after apply)
              + ip_network        = (known after apply)
              + labels            = {
                  + "alethia_project-id" = "e2e-localc5b32c1f"
                  + "cluster"            = "alethia-nl-localc5b32c1f"
                  + "role"               = "worker"
                }
              + location          = "nbg1"
              + name              = "alethia-nl-localc5b32c1f-worker-3-ipv4"
              + type              = "ipv4"
            }
        
          # hcloud_primary_ip.worker_ipv4[3] will be created
          + resource "hcloud_primary_ip" "worker_ipv4" {
              + assignee_id       = (known after apply)
              + assignee_type     = (known after apply)
              + auto_delete       = false
              + datacenter        = (known after apply)
              + delete_protection = false
              + id                = (known after apply)
              + ip_address        = (known after apply)
              + ip_network        = (known after apply)
              + labels            = {
                  + "alethia_project-id" = "e2e-localc5b32c1f"
                  + "cluster"            = "alethia-nl-localc5b32c1f"
                  + "role"               = "worker"
                }
              + location          = "nbg1"
              + name              = "alethia-nl-localc5b32c1f-worker-4-ipv4"
              + type              = "ipv4"
            }
        
          # hcloud_primary_ip.worker_ipv4[4] will be created
          + resource "hcloud_primary_ip" "worker_ipv4" {
              + assignee_id       = (known after apply)
              + assignee_type     = (known after apply)
              + auto_delete       = false
              + datacenter        = (known after apply)
              + delete_protection = false
              + id                = (known after apply)
              + ip_address        = (known after apply)
              + ip_network        = (known after apply)
              + labels            = {
                  + "alethia_project-id" = "e2e-localc5b32c1f"
                  + "cluster"            = "alethia-nl-localc5b32c1f"
                  + "role"               = "worker"
                }
              + location          = "nbg1"
              + name              = "alethia-nl-localc5b32c1f-worker-5-ipv4"
              + type              = "ipv4"
            }
        
          # hcloud_primary_ip.worker_ipv4[5] will be created
          + resource "hcloud_primary_ip" "worker_ipv4" {
              + assignee_id       = (known after apply)
              + assignee_type     = (known after apply)
              + auto_delete       = false
              + datacenter        = (known after apply)
              + delete_protection = false
              + id                = (known after apply)
              + ip_address        = (known after apply)
              + ip_network        = (known after apply)
              + labels            = {
                  + "alethia_project-id" = "e2e-localc5b32c1f"
                  + "cluster"            = "alethia-nl-localc5b32c1f"
                  + "role"               = "worker"
                }
              + location          = "nbg1"
              + name              = "alethia-nl-localc5b32c1f-worker-6-ipv4"
              + type              = "ipv4"
            }
        
          # hcloud_server.control_planes["alethia-nl-localc5b32c1f-cp-1"] will be created
          + resource "hcloud_server" "control_planes" {
              + backup_window              = (known after apply)
              + backups                    = false
              + datacenter                 = (known after apply)
              + delete_protection          = false
              + firewall_ids               = (known after apply)
              + id                         = (known after apply)
              + ignore_remote_firewall_ids = false
              + image                      = (known after apply)
              + ipv4_address               = (known after apply)
              + ipv6_address               = (known after apply)
              + ipv6_network               = (known after apply)
              + keep_disk                  = false
              + labels                     = {
                  + "alethia_project-id" = "e2e-localc5b32c1f"
                  + "cluster"            = "alethia-nl-localc5b32c1f"
                  + "role"               = "control-plane"
                }
              + location                   = "nbg1"
              + name                       = "alethia-nl-localc5b32c1f-cp-1"
              + primary_disk_size          = (known after apply)
              + rebuild_protection         = false
              + server_type                = "cx33"
              + shutdown_before_deletion   = false
              + status                     = (known after apply)
              + user_data                  = (sensitive value)
        
              + network {
                  + alias_ips   = (known after apply)
                  + ip          = "10.0.0.101"
                  + mac_address = (known after apply)
                  + network_id  = (known after apply)
                  + subnet_id   = (known after apply)
                }
        
              + public_net {
                  + ipv4         = (known after apply)
                  + ipv4_enabled = true
                  + ipv6         = (known after apply)
                  + ipv6_enabled = true
                }
            }
        
          # hcloud_server.workers["alethia-nl-localc5b32c1f-worker-1"] will be created
          + resource "hcloud_server" "workers" {
              + backup_window              = (known after apply)
              + backups                    = false
              + datacenter                 = (known after apply)
              + delete_protection          = false
              + firewall_ids               = (known after apply)
              + id                         = (known after apply)
              + ignore_remote_firewall_ids = false
              + image                      = (known after apply)
              + ipv4_address               = (known after apply)
              + ipv6_address               = (known after apply)
              + ipv6_network               = (known after apply)
              + keep_disk                  = false
              + labels                     = {
                  + "alethia_project-id" = "e2e-localc5b32c1f"
                  + "cluster"            = "alethia-nl-localc5b32c1f"
                  + "role"               = "worker"
                }
              + location                   = "nbg1"
              + name                       = "alethia-nl-localc5b32c1f-worker-1"
              + primary_disk_size          = (known after apply)
              + rebuild_protection         = false
              + server_type                = "cx33"
              + shutdown_before_deletion   = false
              + status                     = (known after apply)
              + user_data                  = (sensitive value)
        
              + network {
                  + alias_ips   = (known after apply)
                  + ip          = "10.0.0.201"
                  + mac_address = (known after apply)
                  + network_id  = (known after apply)
                  + subnet_id   = (known after apply)
                }
        
              + public_net {
                  + ipv4         = (known after apply)
                  + ipv4_enabled = true
                  + ipv6         = (known after apply)
                  + ipv6_enabled = true
                }
            }
        
          # hcloud_server.workers["alethia-nl-localc5b32c1f-worker-2"] will be created
          + resource "hcloud_server" "workers" {
              + backup_window              = (known after apply)
              + backups                    = false
              + datacenter                 = (known after apply)
              + delete_protection          = false
              + firewall_ids               = (known after apply)
              + id                         = (known after apply)
              + ignore_remote_firewall_ids = false
              + image                      = (known after apply)
              + ipv4_address               = (known after apply)
              + ipv6_address               = (known after apply)
              + ipv6_network               = (known after apply)
              + keep_disk                  = false
              + labels                     = {
                  + "alethia_project-id" = "e2e-localc5b32c1f"
                  + "cluster"            = "alethia-nl-localc5b32c1f"
                  + "role"               = "worker"
                }
              + location                   = "nbg1"
              + name                       = "alethia-nl-localc5b32c1f-worker-2"
              + primary_disk_size          = (known after apply)
              + rebuild_protection         = false
              + server_type                = "cx33"
              + shutdown_before_deletion   = false
              + status                     = (known after apply)
              + user_data                  = (sensitive value)
        
              + network {
                  + alias_ips   = (known after apply)
                  + ip          = "10.0.0.202"
                  + mac_address = (known after apply)
                  + network_id  = (known after apply)
                  + subnet_id   = (known after apply)
                }
        
              + public_net {
                  + ipv4         = (known after apply)
                  + ipv4_enabled = true
                  + ipv6         = (known after apply)
                  + ipv6_enabled = true
                }
            }
        
          # hcloud_server.workers["alethia-nl-localc5b32c1f-worker-3"] will be created
          + resource "hcloud_server" "workers" {
              + backup_window              = (known after apply)
              + backups                    = false
              + datacenter                 = (known after apply)
              + delete_protection          = false
              + firewall_ids               = (known after apply)
              + id                         = (known after apply)
              + ignore_remote_firewall_ids = false
              + image                      = (known after apply)
              + ipv4_address               = (known after apply)
              + ipv6_address               = (known after apply)
              + ipv6_network               = (known after apply)
              + keep_disk                  = false
              + labels                     = {
                  + "alethia_project-id" = "e2e-localc5b32c1f"
                  + "cluster"            = "alethia-nl-localc5b32c1f"
                  + "role"               = "worker"
                }
              + location                   = "nbg1"
              + name                       = "alethia-nl-localc5b32c1f-worker-3"
              + primary_disk_size          = (known after apply)
              + rebuild_protection         = false
              + server_type                = "cx33"
              + shutdown_before_deletion   = false
              + status                     = (known after apply)
              + user_data                  = (sensitive value)
        
              + network {
                  + alias_ips   = (known after apply)
                  + ip          = "10.0.0.203"
                  + mac_address = (known after apply)
                  + network_id  = (known after apply)
                  + subnet_id   = (known after apply)
                }
        
              + public_net {
                  + ipv4         = (known after apply)
                  + ipv4_enabled = true
                  + ipv6         = (known after apply)
                  + ipv6_enabled = true
                }
            }
        
          # hcloud_server.workers["alethia-nl-localc5b32c1f-worker-4"] will be created
          + resource "hcloud_server" "workers" {
              + backup_window              = (known after apply)
              + backups                    = false
              + datacenter                 = (known after apply)
              + delete_protection          = false
              + firewall_ids               = (known after apply)
              + id                         = (known after apply)
              + ignore_remote_firewall_ids = false
              + image                      = (known after apply)
              + ipv4_address               = (known after apply)
              + ipv6_address               = (known after apply)
              + ipv6_network               = (known after apply)
              + keep_disk                  = false
              + labels                     = {
                  + "alethia_project-id" = "e2e-localc5b32c1f"
                  + "cluster"            = "alethia-nl-localc5b32c1f"
                  + "role"               = "worker"
                }
              + location                   = "nbg1"
              + name                       = "alethia-nl-localc5b32c1f-worker-4"
              + primary_disk_size          = (known after apply)
              + rebuild_protection         = false
              + server_type                = "cx33"
              + shutdown_before_deletion   = false
              + status                     = (known after apply)
              + user_data                  = (sensitive value)
        
              + network {
                  + alias_ips   = (known after apply)
                  + ip          = "10.0.0.204"
                  + mac_address = (known after apply)
                  + network_id  = (known after apply)
                  + subnet_id   = (known after apply)
                }
        
              + public_net {
                  + ipv4         = (known after apply)
                  + ipv4_enabled = true
                  + ipv6         = (known after apply)
                  + ipv6_enabled = true
                }
            }
        
          # hcloud_server.workers["alethia-nl-localc5b32c1f-worker-5"] will be created
          + resource "hcloud_server" "workers" {
              + backup_window              = (known after apply)
              + backups                    = false
              + datacenter                 = (known after apply)
              + delete_protection          = false
              + firewall_ids               = (known after apply)
              + id                         = (known after apply)
              + ignore_remote_firewall_ids = false
              + image                      = (known after apply)
              + ipv4_address               = (known after apply)
              + ipv6_address               = (known after apply)
              + ipv6_network               = (known after apply)
              + keep_disk                  = false
              + labels                     = {
                  + "alethia_project-id" = "e2e-localc5b32c1f"
                  + "cluster"            = "alethia-nl-localc5b32c1f"
                  + "role"               = "worker"
                }
              + location                   = "nbg1"
              + name                       = "alethia-nl-localc5b32c1f-worker-5"
              + primary_disk_size          = (known after apply)
              + rebuild_protection         = false
              + server_type                = "cx33"
              + shutdown_before_deletion   = false
              + status                     = (known after apply)
              + user_data                  = (sensitive value)
        
              + network {
                  + alias_ips   = (known after apply)
                  + ip          = "10.0.0.205"
                  + mac_address = (known after apply)
                  + network_id  = (known after apply)
                  + subnet_id   = (known after apply)
                }
        
              + public_net {
                  + ipv4         = (known after apply)
                  + ipv4_enabled = true
                  + ipv6         = (known after apply)
                  + ipv6_enabled = true
                }
            }
        
          # hcloud_server.workers["alethia-nl-localc5b32c1f-worker-6"] will be created
          + resource "hcloud_server" "workers" {
              + backup_window              = (known after apply)
              + backups                    = false
              + datacenter                 = (known after apply)
              + delete_protection          = false
              + firewall_ids               = (known after apply)
              + id                         = (known after apply)
              + ignore_remote_firewall_ids = false
              + image                      = (known after apply)
              + ipv4_address               = (known after apply)
              + ipv6_address               = (known after apply)
              + ipv6_network               = (known after apply)
              + keep_disk                  = false
              + labels                     = {
                  + "alethia_project-id" = "e2e-localc5b32c1f"
                  + "cluster"            = "alethia-nl-localc5b32c1f"
                  + "role"               = "worker"
                }
              + location                   = "nbg1"
              + name                       = "alethia-nl-localc5b32c1f-worker-6"
              + primary_disk_size          = (known after apply)
              + rebuild_protection         = false
              + server_type                = "cx33"
              + shutdown_before_deletion   = false
              + status                     = (known after apply)
              + user_data                  = (sensitive value)
        
              + network {
                  + alias_ips   = (known after apply)
                  + ip          = "10.0.0.206"
                  + mac_address = (known after apply)
                  + network_id  = (known after apply)
                  + subnet_id   = (known after apply)
                }
        
              + public_net {
                  + ipv4         = (known after apply)
                  + ipv4_enabled = true
                  + ipv6         = (known after apply)
                  + ipv6_enabled = true
                }
            }
        
          # imager_image.amd64[0] will be created
          + resource "imager_image" "amd64" {
              + architecture       = "x86"
              + debug_skip_cleanup = false
              + description        = "alethia-nl-localc5b32c1f-talos-v1.13.6-amd64"
              + effective_labels   = (known after apply)
              + id                 = (known after apply)
              + image_id           = (known after apply)
              + image_url          = (known after apply)
              + labels             = {
                  + "alethia_project-id" = "e2e-localc5b32c1f"
                  + "cluster"            = "alethia-nl-localc5b32c1f"
                  + "os"                 = "talos"
                }
              + location           = "nbg1"
            }
        
          # talos_cluster_kubeconfig.this will be created
          + resource "talos_cluster_kubeconfig" "this" {
              + certificate_renewal_duration    = "720h"
              + client_configuration            = (known after apply)
              + endpoint                        = (known after apply)
              + id                              = (known after apply)
              + kubeconfig_raw                  = (sensitive value)
              + kubernetes_client_configuration = (known after apply)
              + node                            = (known after apply)
            }
        
          # talos_image_factory_schematic.this will be created
          + resource "talos_image_factory_schematic" "this" {
              + id        = (known after apply)
              + schematic = <<-EOT
                    "customization":
                      "systemExtensions":
                        "officialExtensions":
                        - "siderolabs/qemu-guest-agent"
                EOT
            }
        
          # talos_machine_bootstrap.this will be created
          + resource "talos_machine_bootstrap" "this" {
              + client_configuration = (known after apply)
              + endpoint             = (known after apply)
              + id                   = (known after apply)
              + node                 = (known after apply)
            }
        
          # talos_machine_configuration_apply.control_plane["alethia-nl-localc5b32c1f-cp-1"] will be created
          + resource "talos_machine_configuration_apply" "control_plane" {
              + apply_mode                  = "auto"
              + client_configuration        = (known after apply)
              + endpoint                    = (known after apply)
              + id                          = (known after apply)
              + machine_configuration       = (sensitive value)
              + machine_configuration_hash  = (known after apply)
              + machine_configuration_input = (sensitive value)
              + node                        = (known after apply)
              + resolved_apply_mode         = (known after apply)
            }
        
          # talos_machine_configuration_apply.worker["alethia-nl-localc5b32c1f-worker-1"] will be created
          + resource "talos_machine_configuration_apply" "worker" {
              + apply_mode                  = "auto"
              + client_configuration        = (known after apply)
              + endpoint                    = (known after apply)
              + id                          = (known after apply)
              + machine_configuration       = (sensitive value)
              + machine_configuration_hash  = (known after apply)
              + machine_configuration_input = (sensitive value)
              + node                        = (known after apply)
              + resolved_apply_mode         = (known after apply)
            }
        
          # talos_machine_configuration_apply.worker["alethia-nl-localc5b32c1f-worker-2"] will be created
          + resource "talos_machine_configuration_apply" "worker" {
              + apply_mode                  = "auto"
              + client_configuration        = (known after apply)
              + endpoint                    = (known after apply)
              + id                          = (known after apply)
              + machine_configuration       = (sensitive value)
              + machine_configuration_hash  = (known after apply)
              + machine_configuration_input = (sensitive value)
              + node                        = (known after apply)
              + resolved_apply_mode         = (known after apply)
            }
        
          # talos_machine_configuration_apply.worker["alethia-nl-localc5b32c1f-worker-3"] will be created
          + resource "talos_machine_configuration_apply" "worker" {
              + apply_mode                  = "auto"
              + client_configuration        = (known after apply)
              + endpoint                    = (known after apply)
              + id                          = (known after apply)
              + machine_configuration       = (sensitive value)
              + machine_configuration_hash  = (known after apply)
              + machine_configuration_input = (sensitive value)
              + node                        = (known after apply)
              + resolved_apply_mode         = (known after apply)
            }
        
          # talos_machine_configuration_apply.worker["alethia-nl-localc5b32c1f-worker-4"] will be created
          + resource "talos_machine_configuration_apply" "worker" {
              + apply_mode                  = "auto"
              + client_configuration        = (known after apply)
              + endpoint                    = (known after apply)
              + id                          = (known after apply)
              + machine_configuration       = (sensitive value)
              + machine_configuration_hash  = (known after apply)
              + machine_configuration_input = (sensitive value)
              + node                        = (known after apply)
              + resolved_apply_mode         = (known after apply)
            }
        
          # talos_machine_configuration_apply.worker["alethia-nl-localc5b32c1f-worker-5"] will be created
          + resource "talos_machine_configuration_apply" "worker" {
              + apply_mode                  = "auto"
              + client_configuration        = (known after apply)
              + endpoint                    = (known after apply)
              + id                          = (known after apply)
              + machine_configuration       = (sensitive value)
              + machine_configuration_hash  = (known after apply)
              + machine_configuration_input = (sensitive value)
              + node                        = (known after apply)
              + resolved_apply_mode         = (known after apply)
            }
        
          # talos_machine_configuration_apply.worker["alethia-nl-localc5b32c1f-worker-6"] will be created
          + resource "talos_machine_configuration_apply" "worker" {
              + apply_mode                  = "auto"
              + client_configuration        = (known after apply)
              + endpoint                    = (known after apply)
              + id                          = (known after apply)
              + machine_configuration       = (sensitive value)
              + machine_configuration_hash  = (known after apply)
              + machine_configuration_input = (sensitive value)
              + node                        = (known after apply)
              + resolved_apply_mode         = (known after apply)
            }
        
          # talos_machine_secrets.this will be created
          + resource "talos_machine_secrets" "this" {
              + client_configuration = (known after apply)
              + id                   = (known after apply)
              + machine_secrets      = (known after apply)
              + talos_version        = "v1.13.6"
            }
        
          # terraform_data.byo_network_guard will be created
          + resource "terraform_data" "byo_network_guard" {
              + id = (known after apply)
            }
        
          # terraform_data.compat_k8s_guard will be created
          + resource "terraform_data" "compat_k8s_guard" {
              + id = (known after apply)
            }
        
          # terraform_data.csi_volume_label_guard will be created
          + resource "terraform_data" "csi_volume_label_guard" {
              + id     = (known after apply)
              + input  = "2.22.0"
              + output = (known after apply)
            }
        
          # terraform_data.dns_zone_guard will be created
          + resource "terraform_data" "dns_zone_guard" {
              + id = (known after apply)
            }
        
        Plan: 33 to add, 0 to change, 0 to destroy.
        
        Changes to Outputs:
          + bootstrap_manifests    = (sensitive value)
          + bucket_endpoints       = {}
          + bucket_names           = []
          + dns_name_servers       = []
          + dns_zone_id            = ""
          + kubeconfig             = (sensitive value)
          + network_id             = (known after apply)
          + talos_cluster_endpoint = (known after apply)
          + talos_cluster_name     = "alethia-nl-localc5b32c1f"
          + talosconfig            = (sensitive value)
        
        Warning: Value for undeclared variable
        
        The root module does not declare a variable named "secrets_xacct_provider"
        but a value was found in file
        "/var/folders/vm/lhl4207s6nx4bn8xn8slz2lr0000gn/T/alethia-deploy-3441957989/work/tofu.tfvars.json".
        If you meant to use this value, add a "variable" block to the configuration.
        
        To silence these warnings, use TF_VAR_... environment variables to provide
        certain "global" settings to all configurations in your organization. To
        reduce the verbosity of these warnings, use the -compact-warnings option.
        
        Warning: Value for undeclared variable
        
        The root module does not declare a variable named "secrets_provider" but a
        value was found in file
        "/var/folders/vm/lhl4207s6nx4bn8xn8slz2lr0000gn/T/alethia-deploy-3441957989/work/tofu.tfvars.json".
        If you meant to use this value, add a "variable" block to the configuration.
        
        To silence these warnings, use TF_VAR_... environment variables to provide
        certain "global" settings to all configurations in your organization. To
        reduce the verbosity of these warnings, use the -compact-warnings option.
        
        Warning: Values for undeclared variables
        
        In addition to the other similar warnings shown, 2 other variable(s) defined
        without being declared.
        Generating plan JSON...
        Verification gate: verdict=warn (pass=1 fail=0 warn=1 not_evaluable=1, catalog elench-controls-0.5.2)
          [HCLOUD-FW-001] coverage: hcloud_server.control_planes["alethia-nl-localc5b32c1f-cp-1"]: firewall_ids computed until apply; configuration references hcloud_firewall.this.id; hcloud_server.workers["alethia-nl-localc5b32c1f-worker-1"]: firewall_ids computed until apply; configuration references hcloud_firewall.this.id; hcloud_server.workers["alethia-nl-localc5b32c1f-worker-2"]: firewall_ids computed until apply; configuration references hcloud_firewall.this.id; hcloud_server.workers["alethia-nl-localc5b32c1f-worker-3"]: firewall_ids computed until apply; configuration references hcloud_firewall.this.id; hcloud_server.workers["alethia-nl-localc5b32c1f-worker-4"]: firewall_ids computed until apply; configuration references hcloud_firewall.this.id; hcloud_server.workers["alethia-nl-localc5b32c1f-worker-5"]: firewall_ids computed until apply; configuration references hcloud_firewall.this.id; hcloud_server.workers["alethia-nl-localc5b32c1f-worker-6"]: firewall_ids computed until apply; configuration references hcloud_firewall.this.id
          [HCLOUD-NET-001/warn] hcloud_firewall.this.rule[3]: world-open management port tcp/6443 (Kubernetes API / Talos apid) — open to the internet BY DESIGN today (runner reaches the API/apid externally; K8s mTLS + Talos machine identity is the auth layer). Recorded as posture, not blocked
          [HCLOUD-NET-001/warn] hcloud_firewall.this.rule[4]: world-open management port tcp/50001 (Kubernetes API / Talos apid) — open to the internet BY DESIGN today (runner reaches the API/apid externally; K8s mTLS + Talos machine identity is the auth layer). Recorded as posture, not blocked
          [HCLOUD-NET-001/warn] hcloud_firewall.this.rule[5]: world-open management port tcp/50000 (Kubernetes API / Talos apid) — open to the internet BY DESIGN today (runner reaches the API/apid externally; K8s mTLS + Talos machine identity is the auth layer). Recorded as posture, not blocked
          [SCOPE-001] coverage: terraform_data.byo_network_guard: unrecognized provider terraform; terraform_data.compat_k8s_guard: unrecognized provider terraform; terraform_data.csi_volume_label_guard: unrecognized provider terraform; terraform_data.dns_zone_guard: unrecognized provider terraform
        Compatibility gate: verdict=not_evaluable (pass=0 fail=0 warn=0 not_evaluable=19, catalog compat-matrix-0.1.0)
          [COMPAT-K8S-CLOUD-HETZNER] coverage: cluster Kubernetes version is unset or unparseable
          [COMPAT-ADDON-ARGO-ROLLOUTS] coverage: no Kubernetes compatibility range recorded
          [COMPAT-ADDON-EXTERNAL-DNS] coverage: no Kubernetes compatibility range recorded
          [COMPAT-ADDON-FALCO] coverage: no Kubernetes compatibility range recorded
          [COMPAT-ADDON-GOLDILOCKS] coverage: cluster Kubernetes version is unset or unparseable
          [COMPAT-ADDON-HARBOR] coverage: no Kubernetes compatibility range recorded
          [COMPAT-ADDON-INGRESS-NGINX] coverage: cluster Kubernetes version is unset or unparseable
          [COMPAT-ADDON-KEDA] coverage: cluster Kubernetes version is unset or unparseable
          [COMPAT-ADDON-KUBE-PROMETHEUS-STACK] coverage: cluster Kubernetes version is unset or unparseable
          [COMPAT-ADDON-KYVERNO] coverage: cluster Kubernetes version is unset or unparseable
          [COMPAT-ADDON-LOKI] coverage: no Kubernetes compatibility range recorded
          [COMPAT-ADDON-MINIO] coverage: no Kubernetes compatibility range recorded
          [COMPAT-ADDON-OPENTELEMETRY-COLLECTOR] coverage: no Kubernetes compatibility range recorded
          [COMPAT-ADDON-RELOADER] coverage: no Kubernetes compatibility range recorded
          [COMPAT-ADDON-SEALED-SECRETS] coverage: cluster Kubernetes version is unset or unparseable
          [COMPAT-ADDON-TEMPO] coverage: no Kubernetes compatibility range recorded
          [COMPAT-ADDON-TRIVY-OPERATOR] coverage: no Kubernetes compatibility range recorded
          [COMPAT-ADDON-VAULT] coverage: cluster Kubernetes version is unset or unparseable
          [COMPAT-ADDON-VELERO] coverage: cluster Kubernetes version is unset or unparseable
        Evidence receipt signed (key 7e63008dd4da30d0, plan sha256 9a54177d2aff…)
        Applying OpenTofu changes...
        Applying OpenTofu plan...
        terraform_data.compat_k8s_guard: Creating...
        terraform_data.dns_zone_guard: Creating...
        terraform_data.compat_k8s_guard: Creation complete after 0s [id=495b223c-3bdb-6978-ba00-f28699047b66]
        terraform_data.dns_zone_guard: Creation complete after 0s [id=344a9251-9190-e98e-4742-427b143c3096]
        talos_machine_secrets.this: Creating...
        talos_image_factory_schematic.this: Creating...
        hcloud_network.this[0]: Creating...
        hcloud_primary_ip.worker_ipv4[1]: Creating...
        hcloud_primary_ip.worker_ipv4[5]: Creating...
        hcloud_primary_ip.control_plane_ipv4[0]: Creating...
        hcloud_primary_ip.worker_ipv4[0]: Creating...
        hcloud_primary_ip.worker_ipv4[3]: Creating...
        hcloud_primary_ip.worker_ipv4[4]: Creating...
        hcloud_primary_ip.worker_ipv4[2]: Creating...
        hcloud_primary_ip.worker_ipv4[2]: Creation complete after 0s [name=alethia-nl-localc5b32c1f-worker-3-ipv4]
        talos_machine_secrets.this: Creation complete after 0s [id=machine_secrets]
        terraform_data.csi_volume_label_guard: Creating...
        terraform_data.csi_volume_label_guard: Creation complete after 0s [id=15e681fa-2b9d-3f56-8515-a4688942b240]
        terraform_data.byo_network_guard: Creating...
        terraform_data.byo_network_guard: Creation complete after 0s [id=29f75226-9cf6-af15-fdb2-4d48eea05cbe]
        hcloud_firewall.this: Creating...
        hcloud_primary_ip.worker_ipv4[0]: Creation complete after 0s [name=alethia-nl-localc5b32c1f-worker-1-ipv4]
        hcloud_primary_ip.worker_ipv4[4]: Creation complete after 0s [name=alethia-nl-localc5b32c1f-worker-5-ipv4]
        hcloud_primary_ip.worker_ipv4[3]: Creation complete after 0s [name=alethia-nl-localc5b32c1f-worker-4-ipv4]
        hcloud_primary_ip.worker_ipv4[5]: Creation complete after 0s [name=alethia-nl-localc5b32c1f-worker-6-ipv4]
        hcloud_primary_ip.worker_ipv4[1]: Creation complete after 0s [name=alethia-nl-localc5b32c1f-worker-2-ipv4]
        hcloud_primary_ip.control_plane_ipv4[0]: Creation complete after 0s [name=alethia-nl-localc5b32c1f-cp-1-ipv4]
        data.talos_client_configuration.this: Reading...
        data.talos_machine_configuration.control_plane: Reading...
        data.talos_client_configuration.this: Read complete after 0s [id=alethia-nl-localc5b32c1f]
        data.talos_machine_configuration.worker: Reading...
        data.talos_machine_configuration.worker: Read complete after 0s [id=alethia-nl-localc5b32c1f]
        data.talos_machine_configuration.control_plane: Read complete after 0s [id=alethia-nl-localc5b32c1f]
        hcloud_firewall.this: Creation complete after 0s [id=11513743]
        hcloud_network.this[0]: Creation complete after 0s [id=12577172]
        hcloud_network_subnet.nodes: Creating...
        hcloud_network_subnet.nodes: Creation complete after 1s [id=12577172-10.0.0.0/24]
        talos_image_factory_schematic.this: Creation complete after 1s [id=ce4c980550dd2ab1b17bbf2b08801c7eb59418eafe8f279833297925d67c7515]
        data.talos_image_factory_urls.amd64[0]: Reading...
        data.talos_image_factory_urls.amd64[0]: Read complete after 0s
        imager_image.amd64[0]: Creating...
        imager_image.amd64[0]: Still creating... [10s elapsed]
        imager_image.amd64[0]: Still creating... [20s elapsed]
        imager_image.amd64[0]: Still creating... [30s elapsed]
        imager_image.amd64[0]: Still creating... [40s elapsed]
        imager_image.amd64[0]: Still creating... [50s elapsed]
        imager_image.amd64[0]: Still creating... [1m0s elapsed]
        imager_image.amd64[0]: Still creating... [1m10s elapsed]
        imager_image.amd64[0]: Creation complete after 1m20s [id=423919448]
        hcloud_server.workers["alethia-nl-localc5b32c1f-worker-5"]: Creating...
        hcloud_server.workers["alethia-nl-localc5b32c1f-worker-1"]: Creating...
        hcloud_server.control_planes["alethia-nl-localc5b32c1f-cp-1"]: Creating...
        hcloud_server.workers["alethia-nl-localc5b32c1f-worker-6"]: Creating...
        hcloud_server.workers["alethia-nl-localc5b32c1f-worker-2"]: Creating...
        hcloud_server.workers["alethia-nl-localc5b32c1f-worker-4"]: Creating...
        hcloud_server.workers["alethia-nl-localc5b32c1f-worker-3"]: Creating...
        hcloud_server.workers["alethia-nl-localc5b32c1f-worker-5"]: Still creating... [10s elapsed]
        hcloud_server.workers["alethia-nl-localc5b32c1f-worker-6"]: Still creating... [10s elapsed]
        hcloud_server.workers["alethia-nl-localc5b32c1f-worker-1"]: Still creating... [10s elapsed]
        hcloud_server.control_planes["alethia-nl-localc5b32c1f-cp-1"]: Still creating... [10s elapsed]
        hcloud_server.workers["alethia-nl-localc5b32c1f-worker-4"]: Still creating... [10s elapsed]
        hcloud_server.workers["alethia-nl-localc5b32c1f-worker-2"]: Still creating... [10s elapsed]
        hcloud_server.workers["alethia-nl-localc5b32c1f-worker-3"]: Still creating... [10s elapsed]
        hcloud_server.workers["alethia-nl-localc5b32c1f-worker-3"]: Still creating... [20s elapsed]
        hcloud_server.control_planes["alethia-nl-localc5b32c1f-cp-1"]: Still creating... [20s elapsed]
        hcloud_server.workers["alethia-nl-localc5b32c1f-worker-4"]: Still creating... [20s elapsed]
        hcloud_server.workers["alethia-nl-localc5b32c1f-worker-2"]: Still creating... [20s elapsed]
        hcloud_server.workers["alethia-nl-localc5b32c1f-worker-5"]: Still creating... [20s elapsed]
        hcloud_server.workers["alethia-nl-localc5b32c1f-worker-6"]: Still creating... [20s elapsed]
        hcloud_server.workers["alethia-nl-localc5b32c1f-worker-1"]: Still creating... [20s elapsed]
        hcloud_server.workers["alethia-nl-localc5b32c1f-worker-1"]: Still creating... [30s elapsed]
        hcloud_server.workers["alethia-nl-localc5b32c1f-worker-6"]: Still creating... [30s elapsed]
        hcloud_server.workers["alethia-nl-localc5b32c1f-worker-3"]: Still creating... [30s elapsed]
        hcloud_server.workers["alethia-nl-localc5b32c1f-worker-5"]: Still creating... [30s elapsed]
        hcloud_server.workers["alethia-nl-localc5b32c1f-worker-4"]: Still creating... [30s elapsed]
        hcloud_server.control_planes["alethia-nl-localc5b32c1f-cp-1"]: Still creating... [30s elapsed]
        hcloud_server.workers["alethia-nl-localc5b32c1f-worker-2"]: Still creating... [30s elapsed]
        hcloud_server.control_planes["alethia-nl-localc5b32c1f-cp-1"]: Still creating... [40s elapsed]
        hcloud_server.workers["alethia-nl-localc5b32c1f-worker-2"]: Still creating... [40s elapsed]
        hcloud_server.workers["alethia-nl-localc5b32c1f-worker-3"]: Still creating... [40s elapsed]
        hcloud_server.workers["alethia-nl-localc5b32c1f-worker-6"]: Still creating... [40s elapsed]
        hcloud_server.workers["alethia-nl-localc5b32c1f-worker-1"]: Still creating... [40s elapsed]
        hcloud_server.workers["alethia-nl-localc5b32c1f-worker-4"]: Still creating... [40s elapsed]
        hcloud_server.workers["alethia-nl-localc5b32c1f-worker-5"]: Still creating... [40s elapsed]
        hcloud_server.workers["alethia-nl-localc5b32c1f-worker-6"]: Still creating... [50s elapsed]
        hcloud_server.workers["alethia-nl-localc5b32c1f-worker-4"]: Still creating... [50s elapsed]
        hcloud_server.control_planes["alethia-nl-localc5b32c1f-cp-1"]: Still creating... [50s elapsed]
        hcloud_server.workers["alethia-nl-localc5b32c1f-worker-1"]: Still creating... [50s elapsed]
        hcloud_server.workers["alethia-nl-localc5b32c1f-worker-5"]: Still creating... [50s elapsed]
        hcloud_server.workers["alethia-nl-localc5b32c1f-worker-3"]: Still creating... [50s elapsed]
        hcloud_server.workers["alethia-nl-localc5b32c1f-worker-2"]: Still creating... [50s elapsed]
        hcloud_server.workers["alethia-nl-localc5b32c1f-worker-2"]: Still creating... [1m0s elapsed]
        hcloud_server.workers["alethia-nl-localc5b32c1f-worker-4"]: Still creating... [1m0s elapsed]
        hcloud_server.workers["alethia-nl-localc5b32c1f-worker-6"]: Still creating... [1m0s elapsed]
        hcloud_server.workers["alethia-nl-localc5b32c1f-worker-3"]: Still creating... [1m0s elapsed]
        hcloud_server.workers["alethia-nl-localc5b32c1f-worker-5"]: Still creating... [1m0s elapsed]
        hcloud_server.workers["alethia-nl-localc5b32c1f-worker-1"]: Still creating... [1m0s elapsed]
        hcloud_server.control_planes["alethia-nl-localc5b32c1f-cp-1"]: Still creating... [1m0s elapsed]
        hcloud_server.control_planes["alethia-nl-localc5b32c1f-cp-1"]: Still creating... [1m10s elapsed]
        hcloud_server.workers["alethia-nl-localc5b32c1f-worker-2"]: Still creating... [1m10s elapsed]
        hcloud_server.workers["alethia-nl-localc5b32c1f-worker-1"]: Still creating... [1m10s elapsed]
        hcloud_server.workers["alethia-nl-localc5b32c1f-worker-6"]: Still creating... [1m10s elapsed]
        hcloud_server.workers["alethia-nl-localc5b32c1f-worker-3"]: Still creating... [1m10s elapsed]
        hcloud_server.workers["alethia-nl-localc5b32c1f-worker-4"]: Still creating... [1m10s elapsed]
        hcloud_server.workers["alethia-nl-localc5b32c1f-worker-5"]: Still creating... [1m10s elapsed]
        hcloud_server.workers["alethia-nl-localc5b32c1f-worker-5"]: Still creating... [1m20s elapsed]
        hcloud_server.workers["alethia-nl-localc5b32c1f-worker-3"]: Still creating... [1m20s elapsed]
        hcloud_server.workers["alethia-nl-localc5b32c1f-worker-2"]: Still creating... [1m20s elapsed]
        hcloud_server.control_planes["alethia-nl-localc5b32c1f-cp-1"]: Still creating... [1m20s elapsed]
        hcloud_server.workers["alethia-nl-localc5b32c1f-worker-6"]: Still creating... [1m20s elapsed]
        hcloud_server.workers["alethia-nl-localc5b32c1f-worker-4"]: Still creating... [1m20s elapsed]
        hcloud_server.workers["alethia-nl-localc5b32c1f-worker-1"]: Still creating... [1m20s elapsed]
        hcloud_server.workers["alethia-nl-localc5b32c1f-worker-1"]: Still creating... [1m30s elapsed]
        hcloud_server.workers["alethia-nl-localc5b32c1f-worker-4"]: Still creating... [1m30s elapsed]
        hcloud_server.workers["alethia-nl-localc5b32c1f-worker-5"]: Still creating... [1m30s elapsed]
        hcloud_server.workers["alethia-nl-localc5b32c1f-worker-3"]: Still creating... [1m30s elapsed]
        hcloud_server.workers["alethia-nl-localc5b32c1f-worker-6"]: Still creating... [1m30s elapsed]
        hcloud_server.workers["alethia-nl-localc5b32c1f-worker-2"]: Still creating... [1m30s elapsed]
        hcloud_server.control_planes["alethia-nl-localc5b32c1f-cp-1"]: Still creating... [1m30s elapsed]
        hcloud_server.control_planes["alethia-nl-localc5b32c1f-cp-1"]: Still creating... [1m40s elapsed]
        hcloud_server.workers["alethia-nl-localc5b32c1f-worker-6"]: Still creating... [1m40s elapsed]
        hcloud_server.workers["alethia-nl-localc5b32c1f-worker-3"]: Still creating... [1m40s elapsed]
        hcloud_server.workers["alethia-nl-localc5b32c1f-worker-2"]: Still creating... [1m40s elapsed]
        hcloud_server.workers["alethia-nl-localc5b32c1f-worker-5"]: Still creating... [1m40s elapsed]
        hcloud_server.workers["alethia-nl-localc5b32c1f-worker-4"]: Still creating... [1m40s elapsed]
        hcloud_server.workers["alethia-nl-localc5b32c1f-worker-1"]: Still creating... [1m40s elapsed]
        hcloud_server.workers["alethia-nl-localc5b32c1f-worker-1"]: Creation complete after 1m41s [id=163483903]
        hcloud_server.control_planes["alethia-nl-localc5b32c1f-cp-1"]: Still creating... [1m50s elapsed]
        hcloud_server.workers["alethia-nl-localc5b32c1f-worker-4"]: Still creating... [1m50s elapsed]
        hcloud_server.workers["alethia-nl-localc5b32c1f-worker-6"]: Still creating... [1m50s elapsed]
        hcloud_server.workers["alethia-nl-localc5b32c1f-worker-5"]: Still creating... [1m50s elapsed]
        hcloud_server.workers["alethia-nl-localc5b32c1f-worker-2"]: Still creating... [1m50s elapsed]
        hcloud_server.workers["alethia-nl-localc5b32c1f-worker-3"]: Still creating... [1m50s elapsed]
        hcloud_server.workers["alethia-nl-localc5b32c1f-worker-3"]: Still creating... [2m0s elapsed]
        hcloud_server.workers["alethia-nl-localc5b32c1f-worker-5"]: Still creating... [2m0s elapsed]
        hcloud_server.workers["alethia-nl-localc5b32c1f-worker-2"]: Still creating... [2m0s elapsed]
        hcloud_server.control_planes["alethia-nl-localc5b32c1f-cp-1"]: Still creating... [2m0s elapsed]
        hcloud_server.workers["alethia-nl-localc5b32c1f-worker-4"]: Still creating... [2m0s elapsed]
        hcloud_server.workers["alethia-nl-localc5b32c1f-worker-6"]: Still creating... [2m0s elapsed]
        hcloud_server.workers["alethia-nl-localc5b32c1f-worker-6"]: Still creating... [2m10s elapsed]
        hcloud_server.workers["alethia-nl-localc5b32c1f-worker-2"]: Still creating... [2m10s elapsed]
        hcloud_server.workers["alethia-nl-localc5b32c1f-worker-3"]: Still creating... [2m10s elapsed]
        hcloud_server.control_planes["alethia-nl-localc5b32c1f-cp-1"]: Still creating... [2m10s elapsed]
        hcloud_server.workers["alethia-nl-localc5b32c1f-worker-4"]: Still creating... [2m10s elapsed]
        hcloud_server.workers["alethia-nl-localc5b32c1f-worker-5"]: Still creating... [2m10s elapsed]
        hcloud_server.control_planes["alethia-nl-localc5b32c1f-cp-1"]: Still creating... [2m20s elapsed]
        hcloud_server.workers["alethia-nl-localc5b32c1f-worker-2"]: Still creating... [2m20s elapsed]
        hcloud_server.workers["alethia-nl-localc5b32c1f-worker-3"]: Still creating... [2m20s elapsed]
        hcloud_server.workers["alethia-nl-localc5b32c1f-worker-5"]: Still creating... [2m20s elapsed]
        hcloud_server.workers["alethia-nl-localc5b32c1f-worker-4"]: Still creating... [2m20s elapsed]
        hcloud_server.workers["alethia-nl-localc5b32c1f-worker-6"]: Still creating... [2m20s elapsed]
        hcloud_server.workers["alethia-nl-localc5b32c1f-worker-6"]: Still creating... [2m30s elapsed]
        hcloud_server.workers["alethia-nl-localc5b32c1f-worker-4"]: Still creating... [2m30s elapsed]
        hcloud_server.workers["alethia-nl-localc5b32c1f-worker-2"]: Still creating... [2m30s elapsed]
        hcloud_server.workers["alethia-nl-localc5b32c1f-worker-5"]: Still creating... [2m30s elapsed]
        hcloud_server.workers["alethia-nl-localc5b32c1f-worker-3"]: Still creating... [2m30s elapsed]
        hcloud_server.control_planes["alethia-nl-localc5b32c1f-cp-1"]: Still creating... [2m30s elapsed]
        hcloud_server.workers["alethia-nl-localc5b32c1f-worker-5"]: Still creating... [2m40s elapsed]
        hcloud_server.workers["alethia-nl-localc5b32c1f-worker-3"]: Still creating... [2m40s elapsed]
        hcloud_server.control_planes["alethia-nl-localc5b32c1f-cp-1"]: Still creating... [2m40s elapsed]
        hcloud_server.workers["alethia-nl-localc5b32c1f-worker-4"]: Still creating... [2m40s elapsed]
        hcloud_server.workers["alethia-nl-localc5b32c1f-worker-6"]: Still creating... [2m40s elapsed]
        hcloud_server.workers["alethia-nl-localc5b32c1f-worker-2"]: Still creating... [2m40s elapsed]
        hcloud_server.workers["alethia-nl-localc5b32c1f-worker-4"]: Creation complete after 2m41s [id=163483904]
        hcloud_server.workers["alethia-nl-localc5b32c1f-worker-5"]: Creation complete after 2m41s [id=163483908]
        hcloud_server.control_planes["alethia-nl-localc5b32c1f-cp-1"]: Creation complete after 2m41s [id=163483905]
        hcloud_server.workers["alethia-nl-localc5b32c1f-worker-3"]: Creation complete after 2m41s [id=163483906]
        talos_machine_configuration_apply.control_plane["alethia-nl-localc5b32c1f-cp-1"]: Creating...
        hcloud_server.workers["alethia-nl-localc5b32c1f-worker-6"]: Creation complete after 2m41s [id=163483907]
        hcloud_server.workers["alethia-nl-localc5b32c1f-worker-2"]: Creation complete after 2m41s [id=163483909]
        talos_machine_configuration_apply.worker["alethia-nl-localc5b32c1f-worker-5"]: Creating...
        talos_machine_configuration_apply.worker["alethia-nl-localc5b32c1f-worker-1"]: Creating...
        talos_machine_configuration_apply.worker["alethia-nl-localc5b32c1f-worker-6"]: Creating...
        talos_machine_configuration_apply.worker["alethia-nl-localc5b32c1f-worker-3"]: Creating...
        talos_machine_configuration_apply.worker["alethia-nl-localc5b32c1f-worker-4"]: Creating...
        talos_machine_configuration_apply.worker["alethia-nl-localc5b32c1f-worker-2"]: Creating...
        talos_machine_configuration_apply.control_plane["alethia-nl-localc5b32c1f-cp-1"]: Creation complete after 0s [id=machine_configuration_apply]
        talos_machine_bootstrap.this: Creating...
        talos_machine_configuration_apply.worker["alethia-nl-localc5b32c1f-worker-5"]: Creation complete after 0s [id=machine_configuration_apply]
        talos_machine_configuration_apply.worker["alethia-nl-localc5b32c1f-worker-3"]: Creation complete after 0s [id=machine_configuration_apply]
        talos_machine_configuration_apply.worker["alethia-nl-localc5b32c1f-worker-4"]: Creation complete after 0s [id=machine_configuration_apply]
        talos_machine_configuration_apply.worker["alethia-nl-localc5b32c1f-worker-1"]: Creation complete after 0s [id=machine_configuration_apply]
        talos_machine_configuration_apply.worker["alethia-nl-localc5b32c1f-worker-6"]: Creation complete after 0s [id=machine_configuration_apply]
        talos_machine_configuration_apply.worker["alethia-nl-localc5b32c1f-worker-2"]: Creation complete after 0s [id=machine_configuration_apply]
        talos_machine_bootstrap.this: Creation complete after 0s [id=machine_bootstrap]
        talos_cluster_kubeconfig.this: [REDACTED]
        talos_cluster_kubeconfig.this: [REDACTED]
        
        Apply complete! Resources: 33 added, 0 changed, 0 destroyed.
        
        Outputs:
        
        bootstrap_manifests = [REDACTED]
        bucket_endpoints = {}
        bucket_names = []
        dns_name_servers = []
        dns_zone_id = ""
        kubeconfig = [REDACTED]
        network_id = "12577172"
        talos_cluster_endpoint = "https://46.225.22.114:6443"
        talos_cluster_name = "alethia-nl-localc5b32c1f"
        talosconfig = [REDACTED]
        Getting OpenTofu outputs...
        Writing Talos kubeconfig for cluster alethia-nl-localc5b32c1f...
        Kubeconfig written to /Users/borislavborisov/.alethia/kubeconfig
        Bootstrapping cluster CNI + cloud integration (self-managed)...
        error: error validating "/var/folders/vm/lhl4207s6nx4bn8xn8slz2lr0000gn/T/alethia-bootstrap-24217061/bootstrap.yaml": error validating data: failed to download openapi: Get "https://46.225.22.114:6443/openapi/v2?timeout=32s": dial tcp 46.225.22.114:6443: connect: connection refused; if you choose to ignore these errors, turn validation off with --validate=false
        CNI bootstrap attempt 1/4 failed (API/CRD not ready yet): command returned non-zero exit code: exit status 1
        secret/hcloud serverside-applied
        namespace/cilium-secrets serverside-applied
        serviceaccount/cilium serverside-applied
        role.rbac.authorization.k8s.io/cilium-config-agent serverside-applied
        role.rbac.authorization.k8s.io/cilium-tlsinterception-secrets serverside-applied
        role.rbac.authorization.k8s.io/cilium-operator-tlsinterception-secrets serverside-applied
        role.rbac.authorization.k8s.io/cilium-operator-ztunnel serverside-applied
        rolebinding.rbac.authorization.k8s.io/cilium-config-agent serverside-applied
        rolebinding.rbac.authorization.k8s.io/cilium-tlsinterception-secrets serverside-applied
        rolebinding.rbac.authorization.k8s.io/cilium-operator-tlsinterception-secrets serverside-applied
        rolebinding.rbac.authorization.k8s.io/cilium-operator-ztunnel serverside-applied
        service/cilium-envoy serverside-applied
        daemonset.apps/cilium serverside-applied
        serviceaccount/cilium-envoy serverside-applied
        daemonset.apps/cilium-envoy serverside-applied
        deployment.apps/cilium-operator serverside-applied
        serviceaccount/cilium-operator serverside-applied
        configmap/cilium-config serverside-applied
        configmap/cilium-envoy-config serverside-applied
        clusterrole.rbac.authorization.k8s.io/cilium serverside-applied
        clusterrole.rbac.authorization.k8s.io/cilium-operator serverside-applied
        clusterrolebinding.rbac.authorization.k8s.io/cilium serverside-applied
        clusterrolebinding.rbac.authorization.k8s.io/cilium-operator serverside-applied
        serviceaccount/hcloud-cloud-controller-manager serverside-applied
        clusterrole.rbac.authorization.k8s.io/system:hcloud-cloud-controller-manager serverside-applied
        clusterrolebinding.rbac.authorization.k8s.io/system:hcloud-cloud-controller-manager:restricted serverside-applied
        deployment.apps/hcloud-cloud-controller-manager serverside-applied
        serviceaccount/hcloud-csi-controller serverside-applied
        storageclass.storage.k8s.io/hcloud-volumes serverside-applied
        clusterrole.rbac.authorization.k8s.io/hcloud-csi-controller serverside-applied
        clusterrolebinding.rbac.authorization.k8s.io/hcloud-csi-controller serverside-applied
        daemonset.apps/hcloud-csi-node serverside-applied
        deployment.apps/hcloud-csi-controller serverside-applied
        csidriver.storage.k8s.io/csi.hetzner.cloud serverside-applied
        Waiting for the cluster to become reachable (timeout 8m0s)...
        Cluster API server is reachable.
        5/7 nodes Ready.
        Verifying a pod can reach the API server (ClusterIP 10.0.96.1:443) across the cluster network...
        A pod reached the API server across the cluster network — pod datapath is healthy.
        Installing ArgoCD...
        "argo" already exists with the same configuration, skipping
        Hang tight while we grab the latest from your chart repositories...
        ...Successfully got an update from the "keda-r" chart repository
        ...Successfully got an update from the "edns-r" chart repository
        ...Successfully got an update from the "hcloud" chart repository
        ...Successfully got an update from the "vmware-tanzu" chart repository
        ...Successfully got an update from the "ss-r" chart repository
        ...Successfully got an update from the "ot" chart repository
        ...Successfully got an update from the "vel-r" chart repository
        ...Successfully got an update from the "ing-r" chart repository
        ...Successfully got an update from the "trivy-r" chart repository
        ...Successfully got an update from the "kyv-r" chart repository
        ...Successfully got an update from the "minio-r" chart repository
        ...Successfully got an update from the "minio-official" chart repository
        ...Successfully got an update from the "rel-r" chart repository
        ...Successfully got an update from the "argo" chart repository
        ...Successfully got an update from the "falco-r" chart repository
        ...Successfully got an update from the "otel-r" chart repository
        ...Successfully got an update from the "stakater" chart repository
        ...Successfully got an update from the "ar-r" chart repository
        ...Successfully got an update from the "valkey-io" chart repository
        ...Successfully got an update from the "cm-r" chart repository
        ...Successfully got an update from the "cnpg" chart repository
        ...Successfully got an update from the "harbor" chart repository
        ...Successfully got an update from the "hashicorp" chart repository
        ...Successfully got an update from the "tem-r" chart repository
        ...Successfully got an update from the "harbor-r" chart repository
        ...Successfully got an update from the "goharbor" chart repository
        ...Successfully got an update from the "vault-r" chart repository
        ...Successfully got an update from the "gold-r" chart repository
        ...Successfully got an update from the "cloudpirates" chart repository
        ...Successfully got an update from the "prometheus-community" chart repository
        ...Successfully got an update from the "external-secrets" chart repository
        ...Successfully got an update from the "loki-r" chart repository
        ...Successfully got an update from the "kps-r" chart repository
        ...Successfully got an update from the "bitnami" chart repository
        ...Successfully got an update from the "rmq" chart repository
        Update Complete. ⎈Happy Helming!⎈
        namespace/argocd created
        secret/argocd-redis created
        Pre-seeded argocd-redis secret (avoids the chart's flaky redis-secret-init hook).
        Release "argo-cd" does not exist. Installing it now.
        NAME: argo-cd
        LAST DEPLOYED: Mon Aug 24 23:42:24 2026
        NAMESPACE: argocd
        STATUS: deployed
        REVISION: 1
        TEST SUITE: None
        NOTES:
        In order to access the server UI you have the following options:
        
        1. kubectl port-forward service/argo-cd-argocd-server -n argocd 8080:443
        
            and then open the browser on http://localhost:8080 and accept the certificate
        
        2. enable ingress in the values file `server.ingress.enabled` and either
              - Add the annotation for ssl passthrough: https://argo-cd.readthedocs.io/en/stable/operator-manual/ingress/#option-1-ssl-passthrough
              - Set the `configs.params."server.insecure"` in the values file and terminate SSL at your ingress: https://argo-cd.readthedocs.io/en/stable/operator-manual/ingress/#option-2-multiple-ingress-objects-and-hosts
        
        
        After reaching the UI the first time you can login with username: admin and the random password generated during the installation. You can find the password by running:
        
        kubectl -n argocd get secret argocd-initial-admin-secret -o jsonpath="{.data.password}" | base64 -d
        
        (You should delete the initial secret afterwards as suggested by the Getting Started Guide: https://argo-cd.readthedocs.io/en/stable/getting_started/#4-login-using-the-cli)
        ArgoCD installed.
        ArgoCD ready (no ingress on this cloud yet — access via port-forward; retrieve the admin password on-demand from argocd-initial-admin-secret).
        Seeding external-dns credential secret external-dns-hetzner...
        namespace/external-dns created
        secret/external-dns-hetzner created
        Applying ArgoCD infrastructure applications...
        Warning: metadata.finalizers: "resources-finalizer.argocd.argoproj.io": prefer a domain-qualified finalizer name including a path (/) to avoid accidental conflicts with other finalizer writers
        application.argoproj.io/external-secrets-operator created
        application.argoproj.io/metrics-server created
        appproject.argoproj.io/infra created
        ArgoCD infrastructure applications applied.
        external-dns is not rendered for this configuration — removing any stale install...
        error: the server doesn't have a resource type "clusterissuer"
        Warning: could not remove stale cert-manager ClusterIssuer letsencrypt-prod: command returned non-zero exit code: exit status 1
        error: the server doesn't have a resource type "clustersecretstore"
        Warning: could not remove stale ClusterSecretStore secretstore-alibaba: command returned non-zero exit code: exit status 1
        error: the server doesn't have a resource type "clustersecretstore"
        Warning: could not remove stale ClusterSecretStore secretstore-hetzner: command returned non-zero exit code: exit status 1
        error: the server doesn't have a resource type "clustersecretstore"
        Warning: could not remove stale ClusterSecretStore secretstore-vault: command returned non-zero exit code: exit status 1
        error: the server doesn't have a resource type "clustersecretstore"
        Warning: could not remove stale ClusterSecretStore secretstore-infisical: command returned non-zero exit code: exit status 1
        error: the server doesn't have a resource type "clustersecretstore"
        Warning: could not remove stale ClusterSecretStore secretstore-aws-xacct: command returned non-zero exit code: exit status 1
        error: the server doesn't have a resource type "clustersecretstore"
        Warning: could not remove stale ClusterSecretStore secretstore-azure-xacct: command returned non-zero exit code: exit status 1
        error: the server doesn't have a resource type "clustersecretstore"
        Warning: could not remove stale ClusterSecretStore secretstore-alibaba-xacct: command returned non-zero exit code: exit status 1
        error: the server doesn't have a resource type "clustersecretstore"
        Warning: could not remove stale ClusterSecretStore secretstore-gcp: command returned non-zero exit code: exit status 1
        error: the server doesn't have a resource type "clustersecretstore"
        Warning: could not remove stale ClusterSecretStore secretstore-azure: command returned non-zero exit code: exit status 1
        error: the server doesn't have a resource type "clustersecretstore"
        Warning: could not remove stale ClusterSecretStore secretstore-generic: command returned non-zero exit code: exit status 1
        error: the server doesn't have a resource type "clustersecretstore"
        Warning: could not remove stale ClusterSecretStore secretstore-doppler: command returned non-zero exit code: exit status 1
        error: the server doesn't have a resource type "clustersecretstore"
        Warning: could not remove stale ClusterSecretStore secretstore-gcp-xacct: command returned non-zero exit code: exit status 1
        error: the server doesn't have a resource type "clustersecretstore"
        Warning: could not remove stale ClusterSecretStore secretstore-aws: command returned non-zero exit code: exit status 1
        Applying add-on wave 1 (4 application(s))...
        Warning: metadata.finalizers: "resources-finalizer.argocd.argoproj.io": prefer a domain-qualified finalizer name including a path (/) to avoid accidental conflicts with other finalizer writers
        application.argoproj.io/addon-ingress-nginx created
        Warning: metadata.finalizers: "resources-finalizer.argocd.argoproj.io": prefer a domain-qualified finalizer name including a path (/) to avoid accidental conflicts with other finalizer writers
        application.argoproj.io/addon-kyverno created
        Warning: metadata.finalizers: "resources-finalizer.argocd.argoproj.io": prefer a domain-qualified finalizer name including a path (/) to avoid accidental conflicts with other finalizer writers
        application.argoproj.io/addon-reloader created
        Warning: metadata.finalizers: "resources-finalizer.argocd.argoproj.io": prefer a domain-qualified finalizer name including a path (/) to avoid accidental conflicts with other finalizer writers
        application.argoproj.io/addon-sealed-secrets created
        Applying add-on wave 2 (9 application(s))...
        Warning: metadata.finalizers: "resources-finalizer.argocd.argoproj.io": prefer a domain-qualified finalizer name including a path (/) to avoid accidental conflicts with other finalizer writers
        application.argoproj.io/addon-argo-rollouts created
        Warning: metadata.finalizers: "resources-finalizer.argocd.argoproj.io": prefer a domain-qualified finalizer name including a path (/) to avoid accidental conflicts with other finalizer writers
        application.argoproj.io/addon-external-dns created
        Warning: metadata.finalizers: "resources-finalizer.argocd.argoproj.io": prefer a domain-qualified finalizer name including a path (/) to avoid accidental conflicts with other finalizer writers
        application.argoproj.io/addon-falco created
        Warning: metadata.finalizers: "resources-finalizer.argocd.argoproj.io": prefer a domain-qualified finalizer name including a path (/) to avoid accidental conflicts with other finalizer writers
        application.argoproj.io/addon-harbor created
        Warning: metadata.finalizers: "resources-finalizer.argocd.argoproj.io": prefer a domain-qualified finalizer name including a path (/) to avoid accidental conflicts with other finalizer writers
        application.argoproj.io/addon-keda created
        Warning: metadata.finalizers: "resources-finalizer.argocd.argoproj.io": prefer a domain-qualified finalizer name including a path (/) to avoid accidental conflicts with other finalizer writers
        application.argoproj.io/addon-kube-prometheus-stack created
        Warning: metadata.finalizers: "resources-finalizer.argocd.argoproj.io": prefer a domain-qualified finalizer name including a path (/) to avoid accidental conflicts with other finalizer writers
        application.argoproj.io/addon-minio created
        Warning: metadata.finalizers: "resources-finalizer.argocd.argoproj.io": prefer a domain-qualified finalizer name including a path (/) to avoid accidental conflicts with other finalizer writers
        application.argoproj.io/addon-trivy-operator created
        Warning: metadata.finalizers: "resources-finalizer.argocd.argoproj.io": prefer a domain-qualified finalizer name including a path (/) to avoid accidental conflicts with other finalizer writers
        application.argoproj.io/addon-vault created
        Applying add-on wave 3 (4 application(s))...
        Warning: metadata.finalizers: "resources-finalizer.argocd.argoproj.io": prefer a domain-qualified finalizer name including a path (/) to avoid accidental conflicts with other finalizer writers
        application.argoproj.io/addon-loki created
        Warning: metadata.finalizers: "resources-finalizer.argocd.argoproj.io": prefer a domain-qualified finalizer name including a path (/) to avoid accidental conflicts with other finalizer writers
        application.argoproj.io/addon-opentelemetry-collector created
        Warning: metadata.finalizers: "resources-finalizer.argocd.argoproj.io": prefer a domain-qualified finalizer name including a path (/) to avoid accidental conflicts with other finalizer writers
        application.argoproj.io/addon-tempo created
        Warning: metadata.finalizers: "resources-finalizer.argocd.argoproj.io": prefer a domain-qualified finalizer name including a path (/) to avoid accidental conflicts with other finalizer writers
        application.argoproj.io/addon-velero created
        Applying add-on wave 4 (1 application(s))...
        Warning: metadata.finalizers: "resources-finalizer.argocd.argoproj.io": prefer a domain-qualified finalizer name including a path (/) to avoid accidental conflicts with other finalizer writers
        application.argoproj.io/addon-goldilocks created
        Warning: could not list BYO binding ExternalSecrets to prune: command failed: exit status 1, stderr: error: the server doesn't have a resource type "externalsecrets"
        
        Waiting up to 10m0s for 18 add-on(s) to converge...
        Add-on convergence wait timed out after 10m0s: [addon-argo-rollouts(Healthy/OutOfSync) addon-external-dns(Degraded/Synced) addon-falco(Progressing/Synced) addon-harbor(Missing/OutOfSync) addon-ingress-nginx(Progressing/Synced) addon-kube-prometheus-stack(Progressing/Synced) addon-kyverno(Healthy/OutOfSync) addon-loki(Progressing/OutOfSync) addon-minio(Degraded/OutOfSync) addon-tempo(Healthy/OutOfSync) addon-vault(Progressing/OutOfSync) addon-velero(Missing/OutOfSync)]
        Deployment completed successfully.
        Warning: failed to persist Fabric talosconfig for placement re-mint: put talosconfig returned status 404
        {"time":"2026-08-24T23:53:09.199806+03:00","level":"INFO","msg":"job completed successfully","runner_id":"43575db0-147e-462e-9d71-345f7a9b7a76","job_id":"6e9500dd-8a03-4a07-ac9f-388dd3596e1e"}
    t2_provision_test.go:986: Destroying environment alethia-nl-localc5b32c1f...
Initializing OpenTofu...
    t2_provision_test.go:986: {
    t2_provision_test.go:986:   "terraform_version": "1.9.0",
    t2_provision_test.go:986:   "platform": "darwin_arm64",
    t2_provision_test.go:986:   "provider_selections": {
    t2_provision_test.go:986:     "registry.opentofu.org/aminueza/minio": "3.38.5",
    t2_provision_test.go:986:     "registry.opentofu.org/hashicorp/helm": "2.17.0",
    t2_provision_test.go:986:     "registry.opentofu.org/hcloud-talos/imager": "1.0.18",
    t2_provision_test.go:986:     "registry.opentofu.org/hetznercloud/hcloud": "1.67.0",
    t2_provision_test.go:986:     "registry.opentofu.org/siderolabs/talos": "0.11.0"
    t2_provision_test.go:986:   }
    t2_provision_test.go:986: }
    t2_provision_test.go:986: 
    t2_provision_test.go:986: Initializing the backend...
    t2_provision_test.go:986: 
    t2_provision_test.go:986: Successfully configured the backend "http"! OpenTofu will automatically
    t2_provision_test.go:986: use this backend unless the backend configuration changes.
    t2_provision_test.go:986: 
    t2_provision_test.go:986: Initializing provider plugins...
    t2_provision_test.go:986: - terraform.io/builtin/terraform is built in to OpenTofu
    t2_provision_test.go:986: - Reusing previous version of hcloud-talos/imager from the dependency lock file
    t2_provision_test.go:986: - Reusing previous version of hashicorp/helm from the dependency lock file
    t2_provision_test.go:986: - Reusing previous version of aminueza/minio from the dependency lock file
    t2_provision_test.go:986: - Reusing previous version of hetznercloud/hcloud from the dependency lock file
    t2_provision_test.go:986: - Reusing previous version of siderolabs/talos from the dependency lock file
    t2_provision_test.go:986: - Using siderolabs/talos v0.11.0 from the shared cache directory
    t2_provision_test.go:986: - Using hcloud-talos/imager v1.0.18 from the shared cache directory
    t2_provision_test.go:986: - Using hashicorp/helm v2.17.0 from the shared cache directory
    t2_provision_test.go:986: - Using aminueza/minio v3.38.5 from the shared cache directory
    t2_provision_test.go:986: - Using hetznercloud/hcloud v1.67.0 from the shared cache directory
    t2_provision_test.go:986: 
    t2_provision_test.go:986: OpenTofu has been successfully initialized!
    t2_provision_test.go:986:    Destroying Cloud Resources (this may take 10-15 mins)...
Running OpenTofu destroy...
    t2_provision_test.go:986: terraform_data.dns_zone_guard: Refreshing state... [id=344a9251-9190-e98e-4742-427b143c3096]
    t2_provision_test.go:986: terraform_data.compat_k8s_guard: Refreshing state... [id=495b223c-3bdb-6978-ba00-f28699047b66]
    t2_provision_test.go:986: hcloud_network.this[0]: Refreshing state... [id=12577172]
    t2_provision_test.go:986: data.talos_image_factory_extensions_versions.this: Reading...
    t2_provision_test.go:986: data.hcloud_location.selected: Reading...
    t2_provision_test.go:986: talos_machine_secrets.this: Refreshing state... [id=machine_secrets]
    t2_provision_test.go:986: terraform_data.byo_network_guard: Refreshing state... [id=29f75226-9cf6-af15-fdb2-4d48eea05cbe]
    t2_provision_test.go:986: data.helm_template.hcloud_csi: Reading...
    t2_provision_test.go:986: data.helm_template.hcloud_ccm: Reading...
    t2_provision_test.go:986: data.helm_template.cilium: Reading...
    t2_provision_test.go:986: hcloud_firewall.this: Refreshing state... [id=11513743]
    t2_provision_test.go:986: data.hcloud_location.selected: Read complete after 0s [name=nbg1]
    t2_provision_test.go:986: hcloud_primary_ip.worker_ipv4[5]: Refreshing state... [name=alethia-nl-localc5b32c1f-worker-6-ipv4]
    t2_provision_test.go:986: hcloud_primary_ip.worker_ipv4[0]: Refreshing state... [name=alethia-nl-localc5b32c1f-worker-1-ipv4]
    t2_provision_test.go:986: hcloud_primary_ip.worker_ipv4[2]: Refreshing state... [name=alethia-nl-localc5b32c1f-worker-3-ipv4]
    t2_provision_test.go:986: hcloud_primary_ip.worker_ipv4[4]: Refreshing state... [name=alethia-nl-localc5b32c1f-worker-5-ipv4]
    t2_provision_test.go:986: hcloud_primary_ip.worker_ipv4[3]: Refreshing state... [name=alethia-nl-localc5b32c1f-worker-4-ipv4]
    t2_provision_test.go:986: hcloud_primary_ip.worker_ipv4[1]: Refreshing state... [name=alethia-nl-localc5b32c1f-worker-2-ipv4]
    t2_provision_test.go:986: hcloud_primary_ip.control_plane_ipv4[0]: Refreshing state... [name=alethia-nl-localc5b32c1f-cp-1-ipv4]
    t2_provision_test.go:986: hcloud_network_subnet.nodes: Refreshing state... [id=12577172-10.0.0.0/24]
    t2_provision_test.go:986: data.talos_client_configuration.this: Reading...
    t2_provision_test.go:986: data.talos_client_configuration.this: Read complete after 0s [id=alethia-nl-localc5b32c1f]
    t2_provision_test.go:986: data.talos_machine_configuration.worker: Reading...
    t2_provision_test.go:986: data.talos_machine_configuration.control_plane: Reading...
    t2_provision_test.go:986: data.talos_machine_configuration.worker: Read complete after 0s [id=alethia-nl-localc5b32c1f]
    t2_provision_test.go:986: data.talos_machine_configuration.control_plane: Read complete after 0s [id=alethia-nl-localc5b32c1f]
    t2_provision_test.go:986: data.talos_image_factory_extensions_versions.this: Read complete after 1s [id=extensions_info]
    t2_provision_test.go:986: talos_image_factory_schematic.this: Refreshing state... [id=ce4c980550dd2ab1b17bbf2b08801c7eb59418eafe8f279833297925d67c7515]
    t2_provision_test.go:986: data.talos_image_factory_urls.amd64[0]: Reading...
    t2_provision_test.go:986: data.talos_image_factory_urls.amd64[0]: Read complete after 0s
    t2_provision_test.go:986: imager_image.amd64[0]: Refreshing state... [id=423919448]
    t2_provision_test.go:986: hcloud_server.control_planes["alethia-nl-localc5b32c1f-cp-1"]: Refreshing state... [id=163483905]
    t2_provision_test.go:986: hcloud_server.workers["alethia-nl-localc5b32c1f-worker-5"]: Refreshing state... [id=163483908]
    t2_provision_test.go:986: hcloud_server.workers["alethia-nl-localc5b32c1f-worker-3"]: Refreshing state... [id=163483906]
    t2_provision_test.go:986: hcloud_server.workers["alethia-nl-localc5b32c1f-worker-6"]: Refreshing state... [id=163483907]
    t2_provision_test.go:986: hcloud_server.workers["alethia-nl-localc5b32c1f-worker-1"]: Refreshing state... [id=163483903]
    t2_provision_test.go:986: hcloud_server.workers["alethia-nl-localc5b32c1f-worker-4"]: Refreshing state... [id=163483904]
    t2_provision_test.go:986: hcloud_server.workers["alethia-nl-localc5b32c1f-worker-2"]: Refreshing state... [id=163483909]
    t2_provision_test.go:986: talos_machine_configuration_apply.control_plane["alethia-nl-localc5b32c1f-cp-1"]: Refreshing state... [id=machine_configuration_apply]
    t2_provision_test.go:986: talos_machine_bootstrap.this: Refreshing state... [id=machine_bootstrap]
    t2_provision_test.go:986: talos_cluster_kubeconfig.this: [REDACTED] state... [id=alethia-nl-localc5b32c1f]
    t2_provision_test.go:986: talos_machine_configuration_apply.worker["alethia-nl-localc5b32c1f-worker-6"]: Refreshing state... [id=machine_configuration_apply]
    t2_provision_test.go:986: talos_machine_configuration_apply.worker["alethia-nl-localc5b32c1f-worker-5"]: Refreshing state... [id=machine_configuration_apply]
    t2_provision_test.go:986: talos_machine_configuration_apply.worker["alethia-nl-localc5b32c1f-worker-1"]: Refreshing state... [id=machine_configuration_apply]
    t2_provision_test.go:986: talos_machine_configuration_apply.worker["alethia-nl-localc5b32c1f-worker-2"]: Refreshing state... [id=machine_configuration_apply]
    t2_provision_test.go:986: talos_machine_configuration_apply.worker["alethia-nl-localc5b32c1f-worker-4"]: Refreshing state... [id=machine_configuration_apply]
    t2_provision_test.go:986: talos_machine_configuration_apply.worker["alethia-nl-localc5b32c1f-worker-3"]: Refreshing state... [id=machine_configuration_apply]
    t2_provision_test.go:986: data.helm_template.hcloud_csi: Read complete after 4s [id=hcloud-csi]
    t2_provision_test.go:986: terraform_data.csi_volume_label_guard: Refreshing state... [id=15e681fa-2b9d-3f56-8515-a4688942b240]
    t2_provision_test.go:986: data.helm_template.hcloud_ccm: Read complete after 7s [id=hcloud-cloud-controller-manager]
    t2_provision_test.go:986: data.helm_template.cilium: Still reading... [10s elapsed]
    t2_provision_test.go:986: data.helm_template.cilium: Read complete after 11s [id=cilium]
    t2_provision_test.go:986: 
    t2_provision_test.go:986: OpenTofu used the selected providers to generate the following execution
    t2_provision_test.go:986: plan. Resource actions are indicated with the following symbols:
    t2_provision_test.go:986:   - destroy
    t2_provision_test.go:986: 
    t2_provision_test.go:986: OpenTofu will perform the following actions:
    t2_provision_test.go:986: 
    t2_provision_test.go:986:   # hcloud_firewall.this will be destroyed
    t2_provision_test.go:986:   - resource "hcloud_firewall" "this" {
    t2_provision_test.go:986:       - id     = "11513743" -> null
    t2_provision_test.go:986:       - labels = {
    t2_provision_test.go:986:           - "alethia_project-id" = "e2e-localc5b32c1f"
    t2_provision_test.go:986:           - "cluster"            = "alethia-nl-localc5b32c1f"
    t2_provision_test.go:986:         } -> null
    t2_provision_test.go:986:       - name   = "alethia-nl-localc5b32c1f" -> null
    t2_provision_test.go:986: 
    t2_provision_test.go:986:       - apply_to {
    t2_provision_test.go:986:           - server = 163483903 -> null
    t2_provision_test.go:986:         }
    t2_provision_test.go:986:       - apply_to {
    t2_provision_test.go:986:           - server = 163483904 -> null
    t2_provision_test.go:986:         }
    t2_provision_test.go:986:       - apply_to {
    t2_provision_test.go:986:           - server = 163483905 -> null
    t2_provision_test.go:986:         }
    t2_provision_test.go:986:       - apply_to {
    t2_provision_test.go:986:           - server = 163483906 -> null
    t2_provision_test.go:986:         }
    t2_provision_test.go:986:       - apply_to {
    t2_provision_test.go:986:           - server = 163483907 -> null
    t2_provision_test.go:986:         }
    t2_provision_test.go:986:       - apply_to {
    t2_provision_test.go:986:           - server = 163483908 -> null
    t2_provision_test.go:986:         }
    t2_provision_test.go:986:       - apply_to {
    t2_provision_test.go:986:           - server = 163483909 -> null
    t2_provision_test.go:986:         }
    t2_provision_test.go:986: 
    t2_provision_test.go:986:       - rule {
    t2_provision_test.go:986:           - description     = "Intra-cluster ICMP (private network)" -> null
    t2_provision_test.go:986:           - destination_ips = [] -> null
    t2_provision_test.go:986:           - direction       = "in" -> null
    t2_provision_test.go:986:           - protocol        = "icmp" -> null
    t2_provision_test.go:986:           - source_ips      = [
    t2_provision_test.go:986:               - "10.0.0.0/16",
    t2_provision_test.go:986:             ] -> null
    t2_provision_test.go:986:         }
    t2_provision_test.go:986:       - rule {
    t2_provision_test.go:986:           - description     = "Intra-cluster TCP (private network)" -> null
    t2_provision_test.go:986:           - destination_ips = [] -> null
    t2_provision_test.go:986:           - direction       = "in" -> null
    t2_provision_test.go:986:           - port            = "any" -> null
    t2_provision_test.go:986:           - protocol        = "tcp" -> null
    t2_provision_test.go:986:           - source_ips      = [
    t2_provision_test.go:986:               - "10.0.0.0/16",
    t2_provision_test.go:986:             ] -> null
    t2_provision_test.go:986:         }
    t2_provision_test.go:986:       - rule {
    t2_provision_test.go:986:           - description     = "Intra-cluster UDP (private network)" -> null
    t2_provision_test.go:986:           - destination_ips = [] -> null
    t2_provision_test.go:986:           - direction       = "in" -> null
    t2_provision_test.go:986:           - port            = "any" -> null
    t2_provision_test.go:986:           - protocol        = "udp" -> null
    t2_provision_test.go:986:           - source_ips      = [
    t2_provision_test.go:986:               - "10.0.0.0/16",
    t2_provision_test.go:986:             ] -> null
    t2_provision_test.go:986:         }
    t2_provision_test.go:986:       - rule {
    t2_provision_test.go:986:           - description     = "Kubernetes API server" -> null
    t2_provision_test.go:986:           - destination_ips = [] -> null
    t2_provision_test.go:986:           - direction       = "in" -> null
    t2_provision_test.go:986:           - port            = "6443" -> null
    t2_provision_test.go:986:           - protocol        = "tcp" -> null
    t2_provision_test.go:986:           - source_ips      = [
    t2_provision_test.go:986:               - "0.0.0.0/0",
    t2_provision_test.go:986:               - "::/0",
    t2_provision_test.go:986:             ] -> null
    t2_provision_test.go:986:         }
    t2_provision_test.go:986:       - rule {
    t2_provision_test.go:986:           - description     = "Talos apid (trustd)" -> null
    t2_provision_test.go:986:           - destination_ips = [] -> null
    t2_provision_test.go:986:           - direction       = "in" -> null
    t2_provision_test.go:986:           - port            = "50001" -> null
    t2_provision_test.go:986:           - protocol        = "tcp" -> null
    t2_provision_test.go:986:           - source_ips      = [
    t2_provision_test.go:986:               - "0.0.0.0/0",
    t2_provision_test.go:986:               - "::/0",
    t2_provision_test.go:986:             ] -> null
    t2_provision_test.go:986:         }
    t2_provision_test.go:986:       - rule {
    t2_provision_test.go:986:           - description     = "Talos apid" -> null
    t2_provision_test.go:986:           - destination_ips = [] -> null
    t2_provision_test.go:986:           - direction       = "in" -> null
    t2_provision_test.go:986:           - port            = "50000" -> null
    t2_provision_test.go:986:           - protocol        = "tcp" -> null
    t2_provision_test.go:986:           - source_ips      = [
    t2_provision_test.go:986:               - "0.0.0.0/0",
    t2_provision_test.go:986:               - "::/0",
    t2_provision_test.go:986:             ] -> null
    t2_provision_test.go:986:         }
    t2_provision_test.go:986:     }
    t2_provision_test.go:986: 
    t2_provision_test.go:986:   # hcloud_network.this[0] will be destroyed
    t2_provision_test.go:986:   - resource "hcloud_network" "this" {
    t2_provision_test.go:986:       - delete_protection        = false -> null
    t2_provision_test.go:986:       - expose_routes_to_vswitch = false -> null
    t2_provision_test.go:986:       - id                       = "12577172" -> null
    t2_provision_test.go:986:       - ip_range                 = "10.0.0.0/16" -> null
    t2_provision_test.go:986:       - labels                   = {
    t2_provision_test.go:986:           - "alethia_project-id" = "e2e-localc5b32c1f"
    t2_provision_test.go:986:           - "cluster"            = "alethia-nl-localc5b32c1f"
    t2_provision_test.go:986:         } -> null
    t2_provision_test.go:986:       - name                     = "alethia-nl-localc5b32c1f" -> null
    t2_provision_test.go:986:     }
    t2_provision_test.go:986: 
    t2_provision_test.go:986:   # hcloud_network_subnet.nodes will be destroyed
    t2_provision_test.go:986:   - resource "hcloud_network_subnet" "nodes" {
    t2_provision_test.go:986:       - gateway      = "10.0.0.1" -> null
    t2_provision_test.go:986:       - id           = "12577172-10.0.0.0/24" -> null
    t2_provision_test.go:986:       - ip_range     = "10.0.0.0/24" -> null
    t2_provision_test.go:986:       - network_id   = 12577172 -> null
    t2_provision_test.go:986:       - network_zone = "eu-central" -> null
    t2_provision_test.go:986:       - type         = "cloud" -> null
    t2_provision_test.go:986:     }
    t2_provision_test.go:986: 
    t2_provision_test.go:986:   # hcloud_primary_ip.control_plane_ipv4[0] will be destroyed
    t2_provision_test.go:986:   - resource "hcloud_primary_ip" "control_plane_ipv4" {
    t2_provision_test.go:986:       - assignee_id       = 163483905 -> null
    t2_provision_test.go:986:       - assignee_type     = "server" -> null
    t2_provision_test.go:986:       - auto_delete       = false -> null
    t2_provision_test.go:986:       - delete_protection = false -> null
    t2_provision_test.go:986:       - id                = 146393869 -> null
    t2_provision_test.go:986:       - ip_address        = "46.225.22.114" -> null
    t2_provision_test.go:986:       - labels            = {
    t2_provision_test.go:986:           - "alethia_project-id" = "e2e-localc5b32c1f"
    t2_provision_test.go:986:           - "cluster"            = "alethia-nl-localc5b32c1f"
    t2_provision_test.go:986:           - "role"               = "control-plane"
    t2_provision_test.go:986:         } -> null
    t2_provision_test.go:986:       - location          = "nbg1" -> null
    t2_provision_test.go:986:       - name              = "alethia-nl-localc5b32c1f-cp-1-ipv4" -> null
    t2_provision_test.go:986:       - type              = "ipv4" -> null
    t2_provision_test.go:986:     }
    t2_provision_test.go:986: 
    t2_provision_test.go:986:   # hcloud_primary_ip.worker_ipv4[0] will be destroyed
    t2_provision_test.go:986:   - resource "hcloud_primary_ip" "worker_ipv4" {
    t2_provision_test.go:986:       - assignee_id       = 163483903 -> null
    t2_provision_test.go:986:       - assignee_type     = "server" -> null
    t2_provision_test.go:986:       - auto_delete       = false -> null
    t2_provision_test.go:986:       - delete_protection = false -> null
    t2_provision_test.go:986:       - id                = 146393864 -> null
    t2_provision_test.go:986:       - ip_address        = "2.28.57.167" -> null
    t2_provision_test.go:986:       - labels            = {
    t2_provision_test.go:986:           - "alethia_project-id" = "e2e-localc5b32c1f"
    t2_provision_test.go:986:           - "cluster"            = "alethia-nl-localc5b32c1f"
    t2_provision_test.go:986:           - "role"               = "worker"
    t2_provision_test.go:986:         } -> null
    t2_provision_test.go:986:       - location          = "nbg1" -> null
    t2_provision_test.go:986:       - name              = "alethia-nl-localc5b32c1f-worker-1-ipv4" -> null
    t2_provision_test.go:986:       - type              = "ipv4" -> null
    t2_provision_test.go:986:     }
    t2_provision_test.go:986: 
    t2_provision_test.go:986:   # hcloud_primary_ip.worker_ipv4[1] will be destroyed
    t2_provision_test.go:986:   - resource "hcloud_primary_ip" "worker_ipv4" {
    t2_provision_test.go:986:       - assignee_id       = 163483909 -> null
    t2_provision_test.go:986:       - assignee_type     = "server" -> null
    t2_provision_test.go:986:       - auto_delete       = false -> null
    t2_provision_test.go:986:       - delete_protection = false -> null
    t2_provision_test.go:986:       - id                = 146393868 -> null
    t2_provision_test.go:986:       - ip_address        = "91.98.206.101" -> null
    t2_provision_test.go:986:       - labels            = {
    t2_provision_test.go:986:           - "alethia_project-id" = "e2e-localc5b32c1f"
    t2_provision_test.go:986:           - "cluster"            = "alethia-nl-localc5b32c1f"
    t2_provision_test.go:986:           - "role"               = "worker"
    t2_provision_test.go:986:         } -> null
    t2_provision_test.go:986:       - location          = "nbg1" -> null
    t2_provision_test.go:986:       - name              = "alethia-nl-localc5b32c1f-worker-2-ipv4" -> null
    t2_provision_test.go:986:       - type              = "ipv4" -> null
    t2_provision_test.go:986:     }
    t2_provision_test.go:986: 
    t2_provision_test.go:986:   # hcloud_primary_ip.worker_ipv4[2] will be destroyed
    t2_provision_test.go:986:   - resource "hcloud_primary_ip" "worker_ipv4" {
    t2_provision_test.go:986:       - assignee_id       = 163483906 -> null
    t2_provision_test.go:986:       - assignee_type     = "server" -> null
    t2_provision_test.go:986:       - auto_delete       = false -> null
    t2_provision_test.go:986:       - delete_protection = false -> null
    t2_provision_test.go:986:       - id                = 146393863 -> null
    t2_provision_test.go:986:       - ip_address        = "2.28.57.143" -> null
    t2_provision_test.go:986:       - labels            = {
    t2_provision_test.go:986:           - "alethia_project-id" = "e2e-localc5b32c1f"
    t2_provision_test.go:986:           - "cluster"            = "alethia-nl-localc5b32c1f"
    t2_provision_test.go:986:           - "role"               = "worker"
    t2_provision_test.go:986:         } -> null
    t2_provision_test.go:986:       - location          = "nbg1" -> null
    t2_provision_test.go:986:       - name              = "alethia-nl-localc5b32c1f-worker-3-ipv4" -> null
    t2_provision_test.go:986:       - type              = "ipv4" -> null
    t2_provision_test.go:986:     }
    t2_provision_test.go:986: 
    t2_provision_test.go:986:   # hcloud_primary_ip.worker_ipv4[3] will be destroyed
    t2_provision_test.go:986:   - resource "hcloud_primary_ip" "worker_ipv4" {
    t2_provision_test.go:986:       - assignee_id       = 163483904 -> null
    t2_provision_test.go:986:       - assignee_type     = "server" -> null
    t2_provision_test.go:986:       - auto_delete       = false -> null
    t2_provision_test.go:986:       - delete_protection = false -> null
    t2_provision_test.go:986:       - id                = 146393866 -> null
    t2_provision_test.go:986:       - ip_address        = "91.99.97.101" -> null
    t2_provision_test.go:986:       - labels            = {
    t2_provision_test.go:986:           - "alethia_project-id" = "e2e-localc5b32c1f"
    t2_provision_test.go:986:           - "cluster"            = "alethia-nl-localc5b32c1f"
    t2_provision_test.go:986:           - "role"               = "worker"
    t2_provision_test.go:986:         } -> null
    t2_provision_test.go:986:       - location          = "nbg1" -> null
    t2_provision_test.go:986:       - name              = "alethia-nl-localc5b32c1f-worker-4-ipv4" -> null
    t2_provision_test.go:986:       - type              = "ipv4" -> null
    t2_provision_test.go:986:     }
    t2_provision_test.go:986: 
    t2_provision_test.go:986:   # hcloud_primary_ip.worker_ipv4[4] will be destroyed
    t2_provision_test.go:986:   - resource "hcloud_primary_ip" "worker_ipv4" {
    t2_provision_test.go:986:       - assignee_id       = 163483908 -> null
    t2_provision_test.go:986:       - assignee_type     = "server" -> null
    t2_provision_test.go:986:       - auto_delete       = false -> null
    t2_provision_test.go:986:       - delete_protection = false -> null
    t2_provision_test.go:986:       - id                = 146393865 -> null
    t2_provision_test.go:986:       - ip_address        = "2.28.63.3" -> null
    t2_provision_test.go:986:       - labels            = {
    t2_provision_test.go:986:           - "alethia_project-id" = "e2e-localc5b32c1f"
    t2_provision_test.go:986:           - "cluster"            = "alethia-nl-localc5b32c1f"
    t2_provision_test.go:986:           - "role"               = "worker"
    t2_provision_test.go:986:         } -> null
    t2_provision_test.go:986:       - location          = "nbg1" -> null
    t2_provision_test.go:986:       - name              = "alethia-nl-localc5b32c1f-worker-5-ipv4" -> null
    t2_provision_test.go:986:       - type              = "ipv4" -> null
    t2_provision_test.go:986:     }
    t2_provision_test.go:986: 
    t2_provision_test.go:986:   # hcloud_primary_ip.worker_ipv4[5] will be destroyed
    t2_provision_test.go:986:   - resource "hcloud_primary_ip" "worker_ipv4" {
    t2_provision_test.go:986:       - assignee_id       = 163483907 -> null
    t2_provision_test.go:986:       - assignee_type     = "server" -> null
    t2_provision_test.go:986:       - auto_delete       = false -> null
    t2_provision_test.go:986:       - delete_protection = false -> null
    t2_provision_test.go:986:       - id                = 146393867 -> null
    t2_provision_test.go:986:       - ip_address        = "167.233.161.38" -> null
    t2_provision_test.go:986:       - labels            = {
    t2_provision_test.go:986:           - "alethia_project-id" = "e2e-localc5b32c1f"
    t2_provision_test.go:986:           - "cluster"            = "alethia-nl-localc5b32c1f"
    t2_provision_test.go:986:           - "role"               = "worker"
    t2_provision_test.go:986:         } -> null
    t2_provision_test.go:986:       - location          = "nbg1" -> null
    t2_provision_test.go:986:       - name              = "alethia-nl-localc5b32c1f-worker-6-ipv4" -> null
    t2_provision_test.go:986:       - type              = "ipv4" -> null
    t2_provision_test.go:986:     }
    t2_provision_test.go:986: 
    t2_provision_test.go:986:   # hcloud_server.control_planes["alethia-nl-localc5b32c1f-cp-1"] will be destroyed
    t2_provision_test.go:986:   - resource "hcloud_server" "control_planes" {
    t2_provision_test.go:986:       - backups                    = false -> null
    t2_provision_test.go:986:       - delete_protection          = false -> null
    t2_provision_test.go:986:       - firewall_ids               = [
    t2_provision_test.go:986:           - 11513743,
    t2_provision_test.go:986:         ] -> null
    t2_provision_test.go:986:       - id                         = "163483905" -> null
    t2_provision_test.go:986:       - ignore_remote_firewall_ids = false -> null
    t2_provision_test.go:986:       - image                      = "423919448" -> null
    t2_provision_test.go:986:       - ipv4_address               = "46.225.22.114" -> null
    t2_provision_test.go:986:       - ipv6_address               = "2a01:4f8:1c19:5dcb::1" -> null
    t2_provision_test.go:986:       - ipv6_network               = "2a01:4f8:1c19:5dcb::/64" -> null
    t2_provision_test.go:986:       - keep_disk                  = false -> null
    t2_provision_test.go:986:       - labels                     = {
    t2_provision_test.go:986:           - "alethia_project-id" = "e2e-localc5b32c1f"
    t2_provision_test.go:986:           - "cluster"            = "alethia-nl-localc5b32c1f"
    t2_provision_test.go:986:           - "role"               = "control-plane"
    t2_provision_test.go:986:         } -> null
    t2_provision_test.go:986:       - location                   = "nbg1" -> null
    t2_provision_test.go:986:       - name                       = "alethia-nl-localc5b32c1f-cp-1" -> null
    t2_provision_test.go:986:       - placement_group_id         = 0 -> null
    t2_provision_test.go:986:       - primary_disk_size          = 80 -> null
    t2_provision_test.go:986:       - rebuild_protection         = false -> null
    t2_provision_test.go:986:       - server_type                = "cx33" -> null
    t2_provision_test.go:986:       - shutdown_before_deletion   = false -> null
    t2_provision_test.go:986:       - status                     = "running" -> null
    t2_provision_test.go:986:       - user_data                  = (sensitive value) -> null
    t2_provision_test.go:986: 
    t2_provision_test.go:986:       - network {
    t2_provision_test.go:986:           - alias_ips   = [] -> null
    t2_provision_test.go:986:           - ip          = "10.0.0.101" -> null
    t2_provision_test.go:986:           - mac_address = "86:00:00:36:1c:8b" -> null
    t2_provision_test.go:986:           - network_id  = 12577172 -> null
    t2_provision_test.go:986:         }
    t2_provision_test.go:986: 
    t2_provision_test.go:986:       - public_net {
    t2_provision_test.go:986:           - ipv4         = 146393869 -> null
    t2_provision_test.go:986:           - ipv4_enabled = true -> null
    t2_provision_test.go:986:           - ipv6         = 0 -> null
    t2_provision_test.go:986:           - ipv6_enabled = true -> null
    t2_provision_test.go:986:         }
    t2_provision_test.go:986:     }
    t2_provision_test.go:986: 
    t2_provision_test.go:986:   # hcloud_server.workers["alethia-nl-localc5b32c1f-worker-1"] will be destroyed
    t2_provision_test.go:986:   - resource "hcloud_server" "workers" {
    t2_provision_test.go:986:       - backups                    = false -> null
    t2_provision_test.go:986:       - delete_protection          = false -> null
    t2_provision_test.go:986:       - firewall_ids               = [
    t2_provision_test.go:986:           - 11513743,
    t2_provision_test.go:986:         ] -> null
    t2_provision_test.go:986:       - id                         = "163483903" -> null
    t2_provision_test.go:986:       - ignore_remote_firewall_ids = false -> null
    t2_provision_test.go:986:       - image                      = "423919448" -> null
    t2_provision_test.go:986:       - ipv4_address               = "2.28.57.167" -> null
    t2_provision_test.go:986:       - ipv6_address               = "2a01:4f8:1c16:8f58::1" -> null
    t2_provision_test.go:986:       - ipv6_network               = "2a01:4f8:1c16:8f58::/64" -> null
    t2_provision_test.go:986:       - keep_disk                  = false -> null
    t2_provision_test.go:986:       - labels                     = {
    t2_provision_test.go:986:           - "alethia_project-id" = "e2e-localc5b32c1f"
    t2_provision_test.go:986:           - "cluster"            = "alethia-nl-localc5b32c1f"
    t2_provision_test.go:986:           - "role"               = "worker"
    t2_provision_test.go:986:         } -> null
    t2_provision_test.go:986:       - location                   = "nbg1" -> null
    t2_provision_test.go:986:       - name                       = "alethia-nl-localc5b32c1f-worker-1" -> null
    t2_provision_test.go:986:       - placement_group_id         = 0 -> null
    t2_provision_test.go:986:       - primary_disk_size          = 80 -> null
    t2_provision_test.go:986:       - rebuild_protection         = false -> null
    t2_provision_test.go:986:       - server_type                = "cx33" -> null
    t2_provision_test.go:986:       - shutdown_before_deletion   = false -> null
    t2_provision_test.go:986:       - status                     = "running" -> null
    t2_provision_test.go:986:       - user_data                  = (sensitive value) -> null
    t2_provision_test.go:986: 
    t2_provision_test.go:986:       - network {
    t2_provision_test.go:986:           - alias_ips   = [] -> null
    t2_provision_test.go:986:           - ip          = "10.0.0.201" -> null
    t2_provision_test.go:986:           - mac_address = "86:00:00:36:1c:8e" -> null
    t2_provision_test.go:986:           - network_id  = 12577172 -> null
    t2_provision_test.go:986:         }
    t2_provision_test.go:986: 
    t2_provision_test.go:986:       - public_net {
    t2_provision_test.go:986:           - ipv4         = 146393864 -> null
    t2_provision_test.go:986:           - ipv4_enabled = true -> null
    t2_provision_test.go:986:           - ipv6         = 0 -> null
    t2_provision_test.go:986:           - ipv6_enabled = true -> null
    t2_provision_test.go:986:         }
    t2_provision_test.go:986:     }
    t2_provision_test.go:986: 
    t2_provision_test.go:986:   # hcloud_server.workers["alethia-nl-localc5b32c1f-worker-2"] will be destroyed
    t2_provision_test.go:986:   - resource "hcloud_server" "workers" {
    t2_provision_test.go:986:       - backups                    = false -> null
    t2_provision_test.go:986:       - delete_protection          = false -> null
    t2_provision_test.go:986:       - firewall_ids               = [
    t2_provision_test.go:986:           - 11513743,
    t2_provision_test.go:986:         ] -> null
    t2_provision_test.go:986:       - id                         = "163483909" -> null
    t2_provision_test.go:986:       - ignore_remote_firewall_ids = false -> null
    t2_provision_test.go:986:       - image                      = "423919448" -> null
    t2_provision_test.go:986:       - ipv4_address               = "91.98.206.101" -> null
    t2_provision_test.go:986:       - ipv6_address               = "2a01:4f8:1c16:e1b5::1" -> null
    t2_provision_test.go:986:       - ipv6_network               = "2a01:4f8:1c16:e1b5::/64" -> null
    t2_provision_test.go:986:       - keep_disk                  = false -> null
    t2_provision_test.go:986:       - labels                     = {
    t2_provision_test.go:986:           - "alethia_project-id" = "e2e-localc5b32c1f"
    t2_provision_test.go:986:           - "cluster"            = "alethia-nl-localc5b32c1f"
    t2_provision_test.go:986:           - "role"               = "worker"
    t2_provision_test.go:986:         } -> null
    t2_provision_test.go:986:       - location                   = "nbg1" -> null
    t2_provision_test.go:986:       - name                       = "alethia-nl-localc5b32c1f-worker-2" -> null
    t2_provision_test.go:986:       - placement_group_id         = 0 -> null
    t2_provision_test.go:986:       - primary_disk_size          = 80 -> null
    t2_provision_test.go:986:       - rebuild_protection         = false -> null
    t2_provision_test.go:986:       - server_type                = "cx33" -> null
    t2_provision_test.go:986:       - shutdown_before_deletion   = false -> null
    t2_provision_test.go:986:       - status                     = "running" -> null
    t2_provision_test.go:986:       - user_data                  = (sensitive value) -> null
    t2_provision_test.go:986: 
    t2_provision_test.go:986:       - network {
    t2_provision_test.go:986:           - alias_ips   = [] -> null
    t2_provision_test.go:986:           - ip          = "10.0.0.202" -> null
    t2_provision_test.go:986:           - mac_address = "86:00:00:36:1c:88" -> null
    t2_provision_test.go:986:           - network_id  = 12577172 -> null
    t2_provision_test.go:986:         }
    t2_provision_test.go:986: 
    t2_provision_test.go:986:       - public_net {
    t2_provision_test.go:986:           - ipv4         = 146393868 -> null
    t2_provision_test.go:986:           - ipv4_enabled = true -> null
    t2_provision_test.go:986:           - ipv6         = 0 -> null
    t2_provision_test.go:986:           - ipv6_enabled = true -> null
    t2_provision_test.go:986:         }
    t2_provision_test.go:986:     }
    t2_provision_test.go:986: 
    t2_provision_test.go:986:   # hcloud_server.workers["alethia-nl-localc5b32c1f-worker-3"] will be destroyed
    t2_provision_test.go:986:   - resource "hcloud_server" "workers" {
    t2_provision_test.go:986:       - backups                    = false -> null
    t2_provision_test.go:986:       - delete_protection          = false -> null
    t2_provision_test.go:986:       - firewall_ids               = [
    t2_provision_test.go:986:           - 11513743,
    t2_provision_test.go:986:         ] -> null
    t2_provision_test.go:986:       - id                         = "163483906" -> null
    t2_provision_test.go:986:       - ignore_remote_firewall_ids = false -> null
    t2_provision_test.go:986:       - image                      = "423919448" -> null
    t2_provision_test.go:986:       - ipv4_address               = "2.28.57.143" -> null
    t2_provision_test.go:986:       - ipv6_address               = "2a01:4f8:1c16:b366::1" -> null
    t2_provision_test.go:986:       - ipv6_network               = "2a01:4f8:1c16:b366::/64" -> null
    t2_provision_test.go:986:       - keep_disk                  = false -> null
    t2_provision_test.go:986:       - labels                     = {
    t2_provision_test.go:986:           - "alethia_project-id" = "e2e-localc5b32c1f"
    t2_provision_test.go:986:           - "cluster"            = "alethia-nl-localc5b32c1f"
    t2_provision_test.go:986:           - "role"               = "worker"
    t2_provision_test.go:986:         } -> null
    t2_provision_test.go:986:       - location                   = "nbg1" -> null
    t2_provision_test.go:986:       - name                       = "alethia-nl-localc5b32c1f-worker-3" -> null
    t2_provision_test.go:986:       - placement_group_id         = 0 -> null
    t2_provision_test.go:986:       - primary_disk_size          = 80 -> null
    t2_provision_test.go:986:       - rebuild_protection         = false -> null
    t2_provision_test.go:986:       - server_type                = "cx33" -> null
    t2_provision_test.go:986:       - shutdown_before_deletion   = false -> null
    t2_provision_test.go:986:       - status                     = "running" -> null
    t2_provision_test.go:986:       - user_data                  = (sensitive value) -> null
    t2_provision_test.go:986: 
    t2_provision_test.go:986:       - network {
    t2_provision_test.go:986:           - alias_ips   = [] -> null
    t2_provision_test.go:986:           - ip          = "10.0.0.203" -> null
    t2_provision_test.go:986:           - mac_address = "86:00:00:36:1c:8a" -> null
    t2_provision_test.go:986:           - network_id  = 12577172 -> null
    t2_provision_test.go:986:         }
    t2_provision_test.go:986: 
    t2_provision_test.go:986:       - public_net {
    t2_provision_test.go:986:           - ipv4         = 146393863 -> null
    t2_provision_test.go:986:           - ipv4_enabled = true -> null
    t2_provision_test.go:986:           - ipv6         = 0 -> null
    t2_provision_test.go:986:           - ipv6_enabled = true -> null
    t2_provision_test.go:986:         }
    t2_provision_test.go:986:     }
    t2_provision_test.go:986: 
    t2_provision_test.go:986:   # hcloud_server.workers["alethia-nl-localc5b32c1f-worker-4"] will be destroyed
    t2_provision_test.go:986:   - resource "hcloud_server" "workers" {
    t2_provision_test.go:986:       - backups                    = false -> null
    t2_provision_test.go:986:       - delete_protection          = false -> null
    t2_provision_test.go:986:       - firewall_ids               = [
    t2_provision_test.go:986:           - 11513743,
    t2_provision_test.go:986:         ] -> null
    t2_provision_test.go:986:       - id                         = "163483904" -> null
    t2_provision_test.go:986:       - ignore_remote_firewall_ids = false -> null
    t2_provision_test.go:986:       - image                      = "423919448" -> null
    t2_provision_test.go:986:       - ipv4_address               = "91.99.97.101" -> null
    t2_provision_test.go:986:       - ipv6_address               = "2a01:4f8:1c16:bc5f::1" -> null
    t2_provision_test.go:986:       - ipv6_network               = "2a01:4f8:1c16:bc5f::/64" -> null
    t2_provision_test.go:986:       - keep_disk                  = false -> null
    t2_provision_test.go:986:       - labels                     = {
    t2_provision_test.go:986:           - "alethia_project-id" = "e2e-localc5b32c1f"
    t2_provision_test.go:986:           - "cluster"            = "alethia-nl-localc5b32c1f"
    t2_provision_test.go:986:           - "role"               = "worker"
    t2_provision_test.go:986:         } -> null
    t2_provision_test.go:986:       - location                   = "nbg1" -> null
    t2_provision_test.go:986:       - name                       = "alethia-nl-localc5b32c1f-worker-4" -> null
    t2_provision_test.go:986:       - placement_group_id         = 0 -> null
    t2_provision_test.go:986:       - primary_disk_size          = 80 -> null
    t2_provision_test.go:986:       - rebuild_protection         = false -> null
    t2_provision_test.go:986:       - server_type                = "cx33" -> null
    t2_provision_test.go:986:       - shutdown_before_deletion   = false -> null
    t2_provision_test.go:986:       - status                     = "running" -> null
    t2_provision_test.go:986:       - user_data                  = (sensitive value) -> null
    t2_provision_test.go:986: 
    t2_provision_test.go:986:       - network {
    t2_provision_test.go:986:           - alias_ips   = [] -> null
    t2_provision_test.go:986:           - ip          = "10.0.0.204" -> null
    t2_provision_test.go:986:           - mac_address = "86:00:00:36:1c:8d" -> null
    t2_provision_test.go:986:           - network_id  = 12577172 -> null
    t2_provision_test.go:986:         }
    t2_provision_test.go:986: 
    t2_provision_test.go:986:       - public_net {
    t2_provision_test.go:986:           - ipv4         = 146393866 -> null
    t2_provision_test.go:986:           - ipv4_enabled = true -> null
    t2_provision_test.go:986:           - ipv6         = 0 -> null
    t2_provision_test.go:986:           - ipv6_enabled = true -> null
    t2_provision_test.go:986:         }
    t2_provision_test.go:986:     }
    t2_provision_test.go:986: 
    t2_provision_test.go:986:   # hcloud_server.workers["alethia-nl-localc5b32c1f-worker-5"] will be destroyed
    t2_provision_test.go:986:   - resource "hcloud_server" "workers" {
    t2_provision_test.go:986:       - backups                    = false -> null
    t2_provision_test.go:986:       - delete_protection          = false -> null
    t2_provision_test.go:986:       - firewall_ids               = [
    t2_provision_test.go:986:           - 11513743,
    t2_provision_test.go:986:         ] -> null
    t2_provision_test.go:986:       - id                         = "163483908" -> null
    t2_provision_test.go:986:       - ignore_remote_firewall_ids = false -> null
    t2_provision_test.go:986:       - image                      = "423919448" -> null
    t2_provision_test.go:986:       - ipv4_address               = "2.28.63.3" -> null
    t2_provision_test.go:986:       - ipv6_address               = "2a01:4f8:1c16:50f8::1" -> null
    t2_provision_test.go:986:       - ipv6_network               = "2a01:4f8:1c16:50f8::/64" -> null
    t2_provision_test.go:986:       - keep_disk                  = false -> null
    t2_provision_test.go:986:       - labels                     = {
    t2_provision_test.go:986:           - "alethia_project-id" = "e2e-localc5b32c1f"
    t2_provision_test.go:986:           - "cluster"            = "alethia-nl-localc5b32c1f"
    t2_provision_test.go:986:           - "role"               = "worker"
    t2_provision_test.go:986:         } -> null
    t2_provision_test.go:986:       - location                   = "nbg1" -> null
    t2_provision_test.go:986:       - name                       = "alethia-nl-localc5b32c1f-worker-5" -> null
    t2_provision_test.go:986:       - placement_group_id         = 0 -> null
    t2_provision_test.go:986:       - primary_disk_size          = 80 -> null
    t2_provision_test.go:986:       - rebuild_protection         = false -> null
    t2_provision_test.go:986:       - server_type                = "cx33" -> null
    t2_provision_test.go:986:       - shutdown_before_deletion   = false -> null
    t2_provision_test.go:986:       - status                     = "running" -> null
    t2_provision_test.go:986:       - user_data                  = (sensitive value) -> null
    t2_provision_test.go:986: 
    t2_provision_test.go:986:       - network {
    t2_provision_test.go:986:           - alias_ips   = [] -> null
    t2_provision_test.go:986:           - ip          = "10.0.0.205" -> null
    t2_provision_test.go:986:           - mac_address = "86:00:00:36:1c:8c" -> null
    t2_provision_test.go:986:           - network_id  = 12577172 -> null
    t2_provision_test.go:986:         }
    t2_provision_test.go:986: 
    t2_provision_test.go:986:       - public_net {
    t2_provision_test.go:986:           - ipv4         = 146393865 -> null
    t2_provision_test.go:986:           - ipv4_enabled = true -> null
    t2_provision_test.go:986:           - ipv6         = 0 -> null
    t2_provision_test.go:986:           - ipv6_enabled = true -> null
    t2_provision_test.go:986:         }
    t2_provision_test.go:986:     }
    t2_provision_test.go:986: 
    t2_provision_test.go:986:   # hcloud_server.workers["alethia-nl-localc5b32c1f-worker-6"] will be destroyed
    t2_provision_test.go:986:   - resource "hcloud_server" "workers" {
    t2_provision_test.go:986:       - backups                    = false -> null
    t2_provision_test.go:986:       - delete_protection          = false -> null
    t2_provision_test.go:986:       - firewall_ids               = [
    t2_provision_test.go:986:           - 11513743,
    t2_provision_test.go:986:         ] -> null
    t2_provision_test.go:986:       - id                         = "163483907" -> null
    t2_provision_test.go:986:       - ignore_remote_firewall_ids = false -> null
    t2_provision_test.go:986:       - image                      = "423919448" -> null
    t2_provision_test.go:986:       - ipv4_address               = "167.233.161.38" -> null
    t2_provision_test.go:986:       - ipv6_address               = "2a01:4f8:1c16:ab1b::1" -> null
    t2_provision_test.go:986:       - ipv6_network               = "2a01:4f8:1c16:ab1b::/64" -> null
    t2_provision_test.go:986:       - keep_disk                  = false -> null
    t2_provision_test.go:986:       - labels                     = {
    t2_provision_test.go:986:           - "alethia_project-id" = "e2e-localc5b32c1f"
    t2_provision_test.go:986:           - "cluster"            = "alethia-nl-localc5b32c1f"
    t2_provision_test.go:986:           - "role"               = "worker"
    t2_provision_test.go:986:         } -> null
    t2_provision_test.go:986:       - location                   = "nbg1" -> null
    t2_provision_test.go:986:       - name                       = "alethia-nl-localc5b32c1f-worker-6" -> null
    t2_provision_test.go:986:       - placement_group_id         = 0 -> null
    t2_provision_test.go:986:       - primary_disk_size          = 80 -> null
    t2_provision_test.go:986:       - rebuild_protection         = false -> null
    t2_provision_test.go:986:       - server_type                = "cx33" -> null
    t2_provision_test.go:986:       - shutdown_before_deletion   = false -> null
    t2_provision_test.go:986:       - status                     = "running" -> null
    t2_provision_test.go:986:       - user_data                  = (sensitive value) -> null
    t2_provision_test.go:986: 
    t2_provision_test.go:986:       - network {
    t2_provision_test.go:986:           - alias_ips   = [] -> null
    t2_provision_test.go:986:           - ip          = "10.0.0.206" -> null
    t2_provision_test.go:986:           - mac_address = "86:00:00:36:1c:89" -> null
    t2_provision_test.go:986:           - network_id  = 12577172 -> null
    t2_provision_test.go:986:         }
    t2_provision_test.go:986: 
    t2_provision_test.go:986:       - public_net {
    t2_provision_test.go:986:           - ipv4         = 146393867 -> null
    t2_provision_test.go:986:           - ipv4_enabled = true -> null
    t2_provision_test.go:986:           - ipv6         = 0 -> null
    t2_provision_test.go:986:           - ipv6_enabled = true -> null
    t2_provision_test.go:986:         }
    t2_provision_test.go:986:     }
    t2_provision_test.go:986: 
    t2_provision_test.go:986:   # imager_image.amd64[0] will be destroyed
    t2_provision_test.go:986:   - resource "imager_image" "amd64" {
    t2_provision_test.go:986:       - architecture       = "x86" -> null
    t2_provision_test.go:986:       - debug_skip_cleanup = false -> null
    t2_provision_test.go:986:       - description        = "alethia-nl-localc5b32c1f-talos-v1.13.6-amd64" -> null
    t2_provision_test.go:986:       - effective_labels   = {
    t2_provision_test.go:986:           - "alethia_project-id"     = "e2e-localc5b32c1f"
    t2_provision_test.go:986:           - "apricote.de/created-by" = "hcloud-upload-image"
    t2_provision_test.go:986:           - "arch"                   = "x86"
    t2_provision_test.go:986:           - "cluster"                = "alethia-nl-localc5b32c1f"
    t2_provision_test.go:986:           - "creator"                = "hcloud-talos-imager"
    t2_provision_test.go:986:           - "os"                     = "talos"
    t2_provision_test.go:986:         } -> null
    t2_provision_test.go:986:       - id                 = "423919448" -> null
    t2_provision_test.go:986:       - image_id           = "423919448" -> null
    t2_provision_test.go:986:       - image_url          = "https://factory.talos.dev/image/ce4c980550dd2ab1b17bbf2b08801c7eb59418eafe8f279833297925d67c7515/v1.13.6/hcloud-amd64.raw.xz" -> null
    t2_provision_test.go:986:       - labels             = {
    t2_provision_test.go:986:           - "alethia_project-id" = "e2e-localc5b32c1f"
    t2_provision_test.go:986:           - "cluster"            = "alethia-nl-localc5b32c1f"
    t2_provision_test.go:986:           - "os"                 = "talos"
    t2_provision_test.go:986:         } -> null
    t2_provision_test.go:986:       - location           = "nbg1" -> null
    t2_provision_test.go:986:     }
    t2_provision_test.go:986: 
    t2_provision_test.go:986:   # talos_cluster_kubeconfig.this will be destroyed
    t2_provision_test.go:986:   - resource "talos_cluster_kubeconfig" "this" {
    t2_provision_test.go:986:       - certificate_renewal_duration    = "720h" -> null
    t2_provision_test.go:986:       - client_configuration            = {
    t2_provision_test.go:986:           - ca_certificate     = "LS0tLS1CRUdJTiBDRVJUSUZJQ0FURS0tLS0tCk1JSUJQekNCOHFBREFnRUNBaEVBajE0VWE2dDBHTm11c0FGbTI4V21rVEFGQmdNclpYQXdFREVPTUF3R0ExVUUKQ2hNRmRHRnNiM013SGhjTk1qWXdPREkwTWpBek5qQTBXaGNOTXpZd09ESXhNakF6TmpBMFdqQVFNUTR3REFZRApWUVFLRXdWMFlXeHZjekFxTUFVR0F5dGxjQU1oQUwycVJnQmxZTndwY3dQUndGM05pV2s5cXZUdWlxTUVYdHovCnNJczV6T1BEbzJFd1h6QU9CZ05WSFE4QkFmOEVCQU1DQW9Rd0hRWURWUjBsQkJZd0ZBWUlLd1lCQlFVSEF3RUcKQ0NzR0FRVUZCd01DTUE4R0ExVWRFd0VCL3dRRk1BTUJBZjh3SFFZRFZSME9CQllFRkRjTk9tQVN0d29LTVVxcQp3UndRa1FqUW5GcUdNQVVHQXl0bGNBTkJBSlArNFc2MS92UTBwOU0yNEo2eTlBZ1ROYTBuQWhHQnk4UVFHTjhmCmlFMHVrZTdTQkRXRnVLNG4yOXdFc01DbUR1emZyQzlvTGd2R3hMVzdiRUwxakFNPQotLS0tLUVORCBDRVJUSUZJQ0FURS0tLS0tCg==" -> null
    t2_provision_test.go:986:           - client_certificate = "[REDACTED]" -> null
    t2_provision_test.go:986:           - client_key         = (sensitive value) -> null
    t2_provision_test.go:986:         } -> null
    t2_provision_test.go:986:       - endpoint                        = "46.225.22.114" -> null
    t2_provision_test.go:986:       - id                              = "alethia-nl-localc5b32c1f" -> null
    t2_provision_test.go:986:       - kubeconfig_raw                  = (sensitive value) -> null
    t2_provision_test.go:986:       - kubernetes_client_configuration = {
    t2_provision_test.go:986:           - ca_certificate     = "LS0tLS1CRUdJTiBDRVJUSUZJQ0FURS0tLS0tCk1JSUJpVENDQVRDZ0F3SUJBZ0lSQUp4NUp1SEpDOTIyRWdHZTl3TmJzZ0l3Q2dZSUtvWkl6ajBFQXdJd0ZURVQKTUJFR0ExVUVDaE1LYTNWaVpYSnVaWFJsY3pBZUZ3MHlOakE0TWpReU1ETTJNRFJhRncwek5qQTRNakV5TURNMgpNRFJhTUJVeEV6QVJCZ05WQkFvVENtdDFZbVZ5Ym1WMFpYTXdXVEFUQmdjcWhrak9QUUlCQmdncWhrak9QUU1CCkJ3TkNBQVQrcHc5M1dKRHpnZ1I4c0I0V2NudWtUekxGVHM0RS9QRnQ1LytadlpyY2ZBSEthd2V4eEZNMEtyTHMKTFJoczZvWHZCdmFNMFlHY0JXY0NacjdySk8wem8yRXdYekFPQmdOVkhROEJBZjhFQkFNQ0FvUXdIUVlEVlIwbApCQll3RkFZSUt3WUJCUVVIQXdFR0NDc0dBUVVGQndNQ01BOEdBMVVkRXdFQi93UUZNQU1CQWY4d0hRWURWUjBPCkJCWUVGQkVyWWVXSkJpa0FzSXJxUG92V1dSWjU4S1NJTUFvR0NDcUdTTTQ5QkFNQ0EwY0FNRVFDSUNkNTlSR2QKZ0FDNDN4UUVGV1pyb1VsQVZYRGRSendwTFR5bmVlZlkwOFZQQWlBOURzT25oU01iem5Kc3o1TTV5T2RmNEk2UgpvbTBqdXBjWHJhL1ZucHBwcXc9PQotLS0tLUVORCBDRVJUSUZJQ0FURS0tLS0tCg==" -> null
    t2_provision_test.go:986:           - client_certificate = "[REDACTED]" -> null
    t2_provision_test.go:986:           - client_key         = (sensitive value) -> null
    t2_provision_test.go:986:           - host               = "https://46.225.22.114:6443" -> null
    t2_provision_test.go:986:         } -> null
    t2_provision_test.go:986:       - node                            = "46.225.22.114" -> null
    t2_provision_test.go:986:     }
    t2_provision_test.go:986: 
    t2_provision_test.go:986:   # talos_image_factory_schematic.this will be destroyed
    t2_provision_test.go:986:   - resource "talos_image_factory_schematic" "this" {
    t2_provision_test.go:986:       - id        = "ce4c980550dd2ab1b17bbf2b08801c7eb59418eafe8f279833297925d67c7515" -> null
    t2_provision_test.go:986:       - schematic = <<-EOT
    t2_provision_test.go:986:             "customization":
    t2_provision_test.go:986:               "systemExtensions":
    t2_provision_test.go:986:                 "officialExtensions":
    t2_provision_test.go:986:                 - "siderolabs/qemu-guest-agent"
    t2_provision_test.go:986:         EOT -> null
    t2_provision_test.go:986:     }
    t2_provision_test.go:986: 
    t2_provision_test.go:986:   # talos_machine_bootstrap.this will be destroyed
    t2_provision_test.go:986:   - resource "talos_machine_bootstrap" "this" {
    t2_provision_test.go:986:       - client_configuration = {
    t2_provision_test.go:986:           - ca_certificate     = "LS0tLS1CRUdJTiBDRVJUSUZJQ0FURS0tLS0tCk1JSUJQekNCOHFBREFnRUNBaEVBajE0VWE2dDBHTm11c0FGbTI4V21rVEFGQmdNclpYQXdFREVPTUF3R0ExVUUKQ2hNRmRHRnNiM013SGhjTk1qWXdPREkwTWpBek5qQTBXaGNOTXpZd09ESXhNakF6TmpBMFdqQVFNUTR3REFZRApWUVFLRXdWMFlXeHZjekFxTUFVR0F5dGxjQU1oQUwycVJnQmxZTndwY3dQUndGM05pV2s5cXZUdWlxTUVYdHovCnNJczV6T1BEbzJFd1h6QU9CZ05WSFE4QkFmOEVCQU1DQW9Rd0hRWURWUjBsQkJZd0ZBWUlLd1lCQlFVSEF3RUcKQ0NzR0FRVUZCd01DTUE4R0ExVWRFd0VCL3dRRk1BTUJBZjh3SFFZRFZSME9CQllFRkRjTk9tQVN0d29LTVVxcQp3UndRa1FqUW5GcUdNQVVHQXl0bGNBTkJBSlArNFc2MS92UTBwOU0yNEo2eTlBZ1ROYTBuQWhHQnk4UVFHTjhmCmlFMHVrZTdTQkRXRnVLNG4yOXdFc01DbUR1emZyQzlvTGd2R3hMVzdiRUwxakFNPQotLS0tLUVORCBDRVJUSUZJQ0FURS0tLS0tCg==" -> null
    t2_provision_test.go:986:           - client_certificate = "[REDACTED]" -> null
    t2_provision_test.go:986:           - client_key         = (sensitive value) -> null
    t2_provision_test.go:986:         } -> null
    t2_provision_test.go:986:       - endpoint             = "46.225.22.114" -> null
    t2_provision_test.go:986:       - id                   = "machine_bootstrap" -> null
    t2_provision_test.go:986:       - node                 = "46.225.22.114" -> null
    t2_provision_test.go:986:     }
    t2_provision_test.go:986: 
    t2_provision_test.go:986:   # talos_machine_configuration_apply.control_plane["alethia-nl-localc5b32c1f-cp-1"] will be destroyed
    t2_provision_test.go:986:   - resource "talos_machine_configuration_apply" "control_plane" {
    t2_provision_test.go:986:       - apply_mode                  = "auto" -> null
    t2_provision_test.go:986:       - client_configuration        = {
    t2_provision_test.go:986:           - ca_certificate     = "LS0tLS1CRUdJTiBDRVJUSUZJQ0FURS0tLS0tCk1JSUJQekNCOHFBREFnRUNBaEVBajE0VWE2dDBHTm11c0FGbTI4V21rVEFGQmdNclpYQXdFREVPTUF3R0ExVUUKQ2hNRmRHRnNiM013SGhjTk1qWXdPREkwTWpBek5qQTBXaGNOTXpZd09ESXhNakF6TmpBMFdqQVFNUTR3REFZRApWUVFLRXdWMFlXeHZjekFxTUFVR0F5dGxjQU1oQUwycVJnQmxZTndwY3dQUndGM05pV2s5cXZUdWlxTUVYdHovCnNJczV6T1BEbzJFd1h6QU9CZ05WSFE4QkFmOEVCQU1DQW9Rd0hRWURWUjBsQkJZd0ZBWUlLd1lCQlFVSEF3RUcKQ0NzR0FRVUZCd01DTUE4R0ExVWRFd0VCL3dRRk1BTUJBZjh3SFFZRFZSME9CQllFRkRjTk9tQVN0d29LTVVxcQp3UndRa1FqUW5GcUdNQVVHQXl0bGNBTkJBSlArNFc2MS92UTBwOU0yNEo2eTlBZ1ROYTBuQWhHQnk4UVFHTjhmCmlFMHVrZTdTQkRXRnVLNG4yOXdFc01DbUR1emZyQzlvTGd2R3hMVzdiRUwxakFNPQotLS0tLUVORCBDRVJUSUZJQ0FURS0tLS0tCg==" -> null
    t2_provision_test.go:986:           - client_certificate = "[REDACTED]" -> null
    t2_provision_test.go:986:           - client_key         = (sensitive value) -> null
    t2_provision_test.go:986:         } -> null
    t2_provision_test.go:986:       - endpoint                    = "46.225.22.114" -> null
    t2_provision_test.go:986:       - id                          = "machine_configuration_apply" -> null
    t2_provision_test.go:986:       - machine_configuration       = (sensitive value) -> null
    t2_provision_test.go:986:       - machine_configuration_hash  = "013d16654a448af761793eb81bd214e8a8d514e038d7b558f3298636ff2d5924" -> null
    t2_provision_test.go:986:       - machine_configuration_input = (sensitive value) -> null
    t2_provision_test.go:986:       - node                        = "46.225.22.114" -> null
    t2_provision_test.go:986:       - resolved_apply_mode         = "auto" -> null
    t2_provision_test.go:986:     }
    t2_provision_test.go:986: 
    t2_provision_test.go:986:   # talos_machine_configuration_apply.worker["alethia-nl-localc5b32c1f-worker-1"] will be destroyed
    t2_provision_test.go:986:   - resource "talos_machine_configuration_apply" "worker" {
    t2_provision_test.go:986:       - apply_mode                  = "auto" -> null
    t2_provision_test.go:986:       - client_configuration        = {
    t2_provision_test.go:986:           - ca_certificate     = "LS0tLS1CRUdJTiBDRVJUSUZJQ0FURS0tLS0tCk1JSUJQekNCOHFBREFnRUNBaEVBajE0VWE2dDBHTm11c0FGbTI4V21rVEFGQmdNclpYQXdFREVPTUF3R0ExVUUKQ2hNRmRHRnNiM013SGhjTk1qWXdPREkwTWpBek5qQTBXaGNOTXpZd09ESXhNakF6TmpBMFdqQVFNUTR3REFZRApWUVFLRXdWMFlXeHZjekFxTUFVR0F5dGxjQU1oQUwycVJnQmxZTndwY3dQUndGM05pV2s5cXZUdWlxTUVYdHovCnNJczV6T1BEbzJFd1h6QU9CZ05WSFE4QkFmOEVCQU1DQW9Rd0hRWURWUjBsQkJZd0ZBWUlLd1lCQlFVSEF3RUcKQ0NzR0FRVUZCd01DTUE4R0ExVWRFd0VCL3dRRk1BTUJBZjh3SFFZRFZSME9CQllFRkRjTk9tQVN0d29LTVVxcQp3UndRa1FqUW5GcUdNQVVHQXl0bGNBTkJBSlArNFc2MS92UTBwOU0yNEo2eTlBZ1ROYTBuQWhHQnk4UVFHTjhmCmlFMHVrZTdTQkRXRnVLNG4yOXdFc01DbUR1emZyQzlvTGd2R3hMVzdiRUwxakFNPQotLS0tLUVORCBDRVJUSUZJQ0FURS0tLS0tCg==" -> null
    t2_provision_test.go:986:           - client_certificate = "[REDACTED]" -> null
    t2_provision_test.go:986:           - client_key         = (sensitive value) -> null
    t2_provision_test.go:986:         } -> null
    t2_provision_test.go:986:       - endpoint                    = "2.28.57.167" -> null
    t2_provision_test.go:986:       - id                          = "machine_configuration_apply" -> null
    t2_provision_test.go:986:       - machine_configuration       = (sensitive value) -> null
    t2_provision_test.go:986:       - machine_configuration_hash  = "2fb4ae274f7e3354440a4fe2414c3e3d490f5400ea90157982935a139d93c1c6" -> null
    t2_provision_test.go:986:       - machine_configuration_input = (sensitive value) -> null
    t2_provision_test.go:986:       - node                        = "2.28.57.167" -> null
    t2_provision_test.go:986:       - resolved_apply_mode         = "auto" -> null
    t2_provision_test.go:986:     }
    t2_provision_test.go:986: 
    t2_provision_test.go:986:   # talos_machine_configuration_apply.worker["alethia-nl-localc5b32c1f-worker-2"] will be destroyed
    t2_provision_test.go:986:   - resource "talos_machine_configuration_apply" "worker" {
    t2_provision_test.go:986:       - apply_mode                  = "auto" -> null
    t2_provision_test.go:986:       - client_configuration        = {
    t2_provision_test.go:986:           - ca_certificate     = "LS0tLS1CRUdJTiBDRVJUSUZJQ0FURS0tLS0tCk1JSUJQekNCOHFBREFnRUNBaEVBajE0VWE2dDBHTm11c0FGbTI4V21rVEFGQmdNclpYQXdFREVPTUF3R0ExVUUKQ2hNRmRHRnNiM013SGhjTk1qWXdPREkwTWpBek5qQTBXaGNOTXpZd09ESXhNakF6TmpBMFdqQVFNUTR3REFZRApWUVFLRXdWMFlXeHZjekFxTUFVR0F5dGxjQU1oQUwycVJnQmxZTndwY3dQUndGM05pV2s5cXZUdWlxTUVYdHovCnNJczV6T1BEbzJFd1h6QU9CZ05WSFE4QkFmOEVCQU1DQW9Rd0hRWURWUjBsQkJZd0ZBWUlLd1lCQlFVSEF3RUcKQ0NzR0FRVUZCd01DTUE4R0ExVWRFd0VCL3dRRk1BTUJBZjh3SFFZRFZSME9CQllFRkRjTk9tQVN0d29LTVVxcQp3UndRa1FqUW5GcUdNQVVHQXl0bGNBTkJBSlArNFc2MS92UTBwOU0yNEo2eTlBZ1ROYTBuQWhHQnk4UVFHTjhmCmlFMHVrZTdTQkRXRnVLNG4yOXdFc01DbUR1emZyQzlvTGd2R3hMVzdiRUwxakFNPQotLS0tLUVORCBDRVJUSUZJQ0FURS0tLS0tCg==" -> null
    t2_provision_test.go:986:           - client_certificate = "[REDACTED]" -> null
    t2_provision_test.go:986:           - client_key         = (sensitive value) -> null
    t2_provision_test.go:986:         } -> null
    t2_provision_test.go:986:       - endpoint                    = "91.98.206.101" -> null
    t2_provision_test.go:986:       - id                          = "machine_configuration_apply" -> null
    t2_provision_test.go:986:       - machine_configuration       = (sensitive value) -> null
    t2_provision_test.go:986:       - machine_configuration_hash  = "2fb4ae274f7e3354440a4fe2414c3e3d490f5400ea90157982935a139d93c1c6" -> null
    t2_provision_test.go:986:       - machine_configuration_input = (sensitive value) -> null
    t2_provision_test.go:986:       - node                        = "91.98.206.101" -> null
    t2_provision_test.go:986:       - resolved_apply_mode         = "auto" -> null
    t2_provision_test.go:986:     }
    t2_provision_test.go:986: 
    t2_provision_test.go:986:   # talos_machine_configuration_apply.worker["alethia-nl-localc5b32c1f-worker-3"] will be destroyed
    t2_provision_test.go:986:   - resource "talos_machine_configuration_apply" "worker" {
    t2_provision_test.go:986:       - apply_mode                  = "auto" -> null
    t2_provision_test.go:986:       - client_configuration        = {
    t2_provision_test.go:986:           - ca_certificate     = "LS0tLS1CRUdJTiBDRVJUSUZJQ0FURS0tLS0tCk1JSUJQekNCOHFBREFnRUNBaEVBajE0VWE2dDBHTm11c0FGbTI4V21rVEFGQmdNclpYQXdFREVPTUF3R0ExVUUKQ2hNRmRHRnNiM013SGhjTk1qWXdPREkwTWpBek5qQTBXaGNOTXpZd09ESXhNakF6TmpBMFdqQVFNUTR3REFZRApWUVFLRXdWMFlXeHZjekFxTUFVR0F5dGxjQU1oQUwycVJnQmxZTndwY3dQUndGM05pV2s5cXZUdWlxTUVYdHovCnNJczV6T1BEbzJFd1h6QU9CZ05WSFE4QkFmOEVCQU1DQW9Rd0hRWURWUjBsQkJZd0ZBWUlLd1lCQlFVSEF3RUcKQ0NzR0FRVUZCd01DTUE4R0ExVWRFd0VCL3dRRk1BTUJBZjh3SFFZRFZSME9CQllFRkRjTk9tQVN0d29LTVVxcQp3UndRa1FqUW5GcUdNQVVHQXl0bGNBTkJBSlArNFc2MS92UTBwOU0yNEo2eTlBZ1ROYTBuQWhHQnk4UVFHTjhmCmlFMHVrZTdTQkRXRnVLNG4yOXdFc01DbUR1emZyQzlvTGd2R3hMVzdiRUwxakFNPQotLS0tLUVORCBDRVJUSUZJQ0FURS0tLS0tCg==" -> null
    t2_provision_test.go:986:           - client_certificate = "[REDACTED]" -> null
    t2_provision_test.go:986:           - client_key         = (sensitive value) -> null
    t2_provision_test.go:986:         } -> null
    t2_provision_test.go:986:       - endpoint                    = "2.28.57.143" -> null
    t2_provision_test.go:986:       - id                          = "machine_configuration_apply" -> null
    t2_provision_test.go:986:       - machine_configuration       = (sensitive value) -> null
    t2_provision_test.go:986:       - machine_configuration_hash  = "2fb4ae274f7e3354440a4fe2414c3e3d490f5400ea90157982935a139d93c1c6" -> null
    t2_provision_test.go:986:       - machine_configuration_input = (sensitive value) -> null
    t2_provision_test.go:986:       - node                        = "2.28.57.143" -> null
    t2_provision_test.go:986:       - resolved_apply_mode         = "auto" -> null
    t2_provision_test.go:986:     }
    t2_provision_test.go:986: 
    t2_provision_test.go:986:   # talos_machine_configuration_apply.worker["alethia-nl-localc5b32c1f-worker-4"] will be destroyed
    t2_provision_test.go:986:   - resource "talos_machine_configuration_apply" "worker" {
    t2_provision_test.go:986:       - apply_mode                  = "auto" -> null
    t2_provision_test.go:986:       - client_configuration        = {
    t2_provision_test.go:986:           - ca_certificate     = "LS0tLS1CRUdJTiBDRVJUSUZJQ0FURS0tLS0tCk1JSUJQekNCOHFBREFnRUNBaEVBajE0VWE2dDBHTm11c0FGbTI4V21rVEFGQmdNclpYQXdFREVPTUF3R0ExVUUKQ2hNRmRHRnNiM013SGhjTk1qWXdPREkwTWpBek5qQTBXaGNOTXpZd09ESXhNakF6TmpBMFdqQVFNUTR3REFZRApWUVFLRXdWMFlXeHZjekFxTUFVR0F5dGxjQU1oQUwycVJnQmxZTndwY3dQUndGM05pV2s5cXZUdWlxTUVYdHovCnNJczV6T1BEbzJFd1h6QU9CZ05WSFE4QkFmOEVCQU1DQW9Rd0hRWURWUjBsQkJZd0ZBWUlLd1lCQlFVSEF3RUcKQ0NzR0FRVUZCd01DTUE4R0ExVWRFd0VCL3dRRk1BTUJBZjh3SFFZRFZSME9CQllFRkRjTk9tQVN0d29LTVVxcQp3UndRa1FqUW5GcUdNQVVHQXl0bGNBTkJBSlArNFc2MS92UTBwOU0yNEo2eTlBZ1ROYTBuQWhHQnk4UVFHTjhmCmlFMHVrZTdTQkRXRnVLNG4yOXdFc01DbUR1emZyQzlvTGd2R3hMVzdiRUwxakFNPQotLS0tLUVORCBDRVJUSUZJQ0FURS0tLS0tCg==" -> null
    t2_provision_test.go:986:           - client_certificate = "[REDACTED]" -> null
    t2_provision_test.go:986:           - client_key         = (sensitive value) -> null
    t2_provision_test.go:986:         } -> null
    t2_provision_test.go:986:       - endpoint                    = "91.99.97.101" -> null
    t2_provision_test.go:986:       - id                          = "machine_configuration_apply" -> null
    t2_provision_test.go:986:       - machine_configuration       = (sensitive value) -> null
    t2_provision_test.go:986:       - machine_configuration_hash  = "2fb4ae274f7e3354440a4fe2414c3e3d490f5400ea90157982935a139d93c1c6" -> null
    t2_provision_test.go:986:       - machine_configuration_input = (sensitive value) -> null
    t2_provision_test.go:986:       - node                        = "91.99.97.101" -> null
    t2_provision_test.go:986:       - resolved_apply_mode         = "auto" -> null
    t2_provision_test.go:986:     }
    t2_provision_test.go:986: 
    t2_provision_test.go:986:   # talos_machine_configuration_apply.worker["alethia-nl-localc5b32c1f-worker-5"] will be destroyed
    t2_provision_test.go:986:   - resource "talos_machine_configuration_apply" "worker" {
    t2_provision_test.go:986:       - apply_mode                  = "auto" -> null
    t2_provision_test.go:986:       - client_configuration        = {
    t2_provision_test.go:986:           - ca_certificate     = "LS0tLS1CRUdJTiBDRVJUSUZJQ0FURS0tLS0tCk1JSUJQekNCOHFBREFnRUNBaEVBajE0VWE2dDBHTm11c0FGbTI4V21rVEFGQmdNclpYQXdFREVPTUF3R0ExVUUKQ2hNRmRHRnNiM013SGhjTk1qWXdPREkwTWpBek5qQTBXaGNOTXpZd09ESXhNakF6TmpBMFdqQVFNUTR3REFZRApWUVFLRXdWMFlXeHZjekFxTUFVR0F5dGxjQU1oQUwycVJnQmxZTndwY3dQUndGM05pV2s5cXZUdWlxTUVYdHovCnNJczV6T1BEbzJFd1h6QU9CZ05WSFE4QkFmOEVCQU1DQW9Rd0hRWURWUjBsQkJZd0ZBWUlLd1lCQlFVSEF3RUcKQ0NzR0FRVUZCd01DTUE4R0ExVWRFd0VCL3dRRk1BTUJBZjh3SFFZRFZSME9CQllFRkRjTk9tQVN0d29LTVVxcQp3UndRa1FqUW5GcUdNQVVHQXl0bGNBTkJBSlArNFc2MS92UTBwOU0yNEo2eTlBZ1ROYTBuQWhHQnk4UVFHTjhmCmlFMHVrZTdTQkRXRnVLNG4yOXdFc01DbUR1emZyQzlvTGd2R3hMVzdiRUwxakFNPQotLS0tLUVORCBDRVJUSUZJQ0FURS0tLS0tCg==" -> null
    t2_provision_test.go:986:           - client_certificate = "[REDACTED]" -> null
    t2_provision_test.go:986:           - client_key         = (sensitive value) -> null
    t2_provision_test.go:986:         } -> null
    t2_provision_test.go:986:       - endpoint                    = "2.28.63.3" -> null
    t2_provision_test.go:986:       - id                          = "machine_configuration_apply" -> null
    t2_provision_test.go:986:       - machine_configuration       = (sensitive value) -> null
    t2_provision_test.go:986:       - machine_configuration_hash  = "2fb4ae274f7e3354440a4fe2414c3e3d490f5400ea90157982935a139d93c1c6" -> null
    t2_provision_test.go:986:       - machine_configuration_input = (sensitive value) -> null
    t2_provision_test.go:986:       - node                        = "2.28.63.3" -> null
    t2_provision_test.go:986:       - resolved_apply_mode         = "auto" -> null
    t2_provision_test.go:986:     }
    t2_provision_test.go:986: 
    t2_provision_test.go:986:   # talos_machine_configuration_apply.worker["alethia-nl-localc5b32c1f-worker-6"] will be destroyed
    t2_provision_test.go:986:   - resource "talos_machine_configuration_apply" "worker" {
    t2_provision_test.go:986:       - apply_mode                  = "auto" -> null
    t2_provision_test.go:986:       - client_configuration        = {
    t2_provision_test.go:986:           - ca_certificate     = "LS0tLS1CRUdJTiBDRVJUSUZJQ0FURS0tLS0tCk1JSUJQekNCOHFBREFnRUNBaEVBajE0VWE2dDBHTm11c0FGbTI4V21rVEFGQmdNclpYQXdFREVPTUF3R0ExVUUKQ2hNRmRHRnNiM013SGhjTk1qWXdPREkwTWpBek5qQTBXaGNOTXpZd09ESXhNakF6TmpBMFdqQVFNUTR3REFZRApWUVFLRXdWMFlXeHZjekFxTUFVR0F5dGxjQU1oQUwycVJnQmxZTndwY3dQUndGM05pV2s5cXZUdWlxTUVYdHovCnNJczV6T1BEbzJFd1h6QU9CZ05WSFE4QkFmOEVCQU1DQW9Rd0hRWURWUjBsQkJZd0ZBWUlLd1lCQlFVSEF3RUcKQ0NzR0FRVUZCd01DTUE4R0ExVWRFd0VCL3dRRk1BTUJBZjh3SFFZRFZSME9CQllFRkRjTk9tQVN0d29LTVVxcQp3UndRa1FqUW5GcUdNQVVHQXl0bGNBTkJBSlArNFc2MS92UTBwOU0yNEo2eTlBZ1ROYTBuQWhHQnk4UVFHTjhmCmlFMHVrZTdTQkRXRnVLNG4yOXdFc01DbUR1emZyQzlvTGd2R3hMVzdiRUwxakFNPQotLS0tLUVORCBDRVJUSUZJQ0FURS0tLS0tCg==" -> null
    t2_provision_test.go:986:           - client_certificate = "[REDACTED]" -> null
    t2_provision_test.go:986:           - client_key         = (sensitive value) -> null
    t2_provision_test.go:986:         } -> null
    t2_provision_test.go:986:       - endpoint                    = "167.233.161.38" -> null
    t2_provision_test.go:986:       - id                          = "machine_configuration_apply" -> null
    t2_provision_test.go:986:       - machine_configuration       = (sensitive value) -> null
    t2_provision_test.go:986:       - machine_configuration_hash  = "2fb4ae274f7e3354440a4fe2414c3e3d490f5400ea90157982935a139d93c1c6" -> null
    t2_provision_test.go:986:       - machine_configuration_input = (sensitive value) -> null
    t2_provision_test.go:986:       - node                        = "167.233.161.38" -> null
    t2_provision_test.go:986:       - resolved_apply_mode         = "auto" -> null
    t2_provision_test.go:986:     }
    t2_provision_test.go:986: 
    t2_provision_test.go:986:   # talos_machine_secrets.this will be destroyed
    t2_provision_test.go:986:   - resource "talos_machine_secrets" "this" {
    t2_provision_test.go:986:       - client_configuration = {
    t2_provision_test.go:986:           - ca_certificate     = "LS0tLS1CRUdJTiBDRVJUSUZJQ0FURS0tLS0tCk1JSUJQekNCOHFBREFnRUNBaEVBajE0VWE2dDBHTm11c0FGbTI4V21rVEFGQmdNclpYQXdFREVPTUF3R0ExVUUKQ2hNRmRHRnNiM013SGhjTk1qWXdPREkwTWpBek5qQTBXaGNOTXpZd09ESXhNakF6TmpBMFdqQVFNUTR3REFZRApWUVFLRXdWMFlXeHZjekFxTUFVR0F5dGxjQU1oQUwycVJnQmxZTndwY3dQUndGM05pV2s5cXZUdWlxTUVYdHovCnNJczV6T1BEbzJFd1h6QU9CZ05WSFE4QkFmOEVCQU1DQW9Rd0hRWURWUjBsQkJZd0ZBWUlLd1lCQlFVSEF3RUcKQ0NzR0FRVUZCd01DTUE4R0ExVWRFd0VCL3dRRk1BTUJBZjh3SFFZRFZSME9CQllFRkRjTk9tQVN0d29LTVVxcQp3UndRa1FqUW5GcUdNQVVHQXl0bGNBTkJBSlArNFc2MS92UTBwOU0yNEo2eTlBZ1ROYTBuQWhHQnk4UVFHTjhmCmlFMHVrZTdTQkRXRnVLNG4yOXdFc01DbUR1emZyQzlvTGd2R3hMVzdiRUwxakFNPQotLS0tLUVORCBDRVJUSUZJQ0FURS0tLS0tCg==" -> null
    t2_provision_test.go:986:           - client_certificate = "[REDACTED]" -> null
    t2_provision_test.go:986:           - client_key         = (sensitive value) -> null
    t2_provision_test.go:986:         } -> null
    t2_provision_test.go:986:       - id                   = "machine_secrets" -> null
    t2_provision_test.go:986:       - machine_secrets      = {
    t2_provision_test.go:986:           - certs      = {
    t2_provision_test.go:986:               - etcd               = {
    t2_provision_test.go:986:                   - cert = "LS0tLS1CRUdJTiBDRVJUSUZJQ0FURS0tLS0tCk1JSUJmVENDQVNPZ0F3SUJBZ0lRWTJqbmRFaXZycnhaUFlmN2RsWm1UREFLQmdncWhrak9QUVFEQWpBUE1RMHcKQ3dZRFZRUUtFd1JsZEdOa01CNFhEVEkyTURneU5ESXdNell3TkZvWERUTTJNRGd5TVRJd016WXdORm93RHpFTgpNQXNHQTFVRUNoTUVaWFJqWkRCWk1CTUdCeXFHU000OUFnRUdDQ3FHU000OUF3RUhBMElBQkg1TXBoeDV5RjFaClVUaW4wSlRCb1JwUnQ0SlZZbFcrWGw1NE52c1loRkZDVDZFbnRHZlRVM3FGa25wUXRWQ0dPQktqc1A2Q1VnQkkKUDl4c2lJT1F5RzZqWVRCZk1BNEdBMVVkRHdFQi93UUVBd0lDaERBZEJnTlZIU1VFRmpBVUJnZ3JCZ0VGQlFjRApBUVlJS3dZQkJRVUhBd0l3RHdZRFZSMFRBUUgvQkFVd0F3RUIvekFkQmdOVkhRNEVGZ1FVWU5EanRwWGorbTRGCnFnMURuT2ZpaVFHMnhmVXdDZ1lJS29aSXpqMEVBd0lEU0FBd1JRSWhBTXhoazFPYUxON25nNkdVVUNMVjhxRHAKS05aWTdHWGR3ZVZiNEpDM0hzTzJBaUJJbVlVWFFFZEprNWZvTVZtZG95d1p4UnBWbk1UcE9oZkM0Yy9YNTNjTwpEUT09Ci0tLS0tRU5EIENFUlRJRklDQVRFLS0tLS0K" -> null
    t2_provision_test.go:986:                   - key  = (sensitive value) -> null
    t2_provision_test.go:986:                 } -> null
    t2_provision_test.go:986:               - k8s                = {
    t2_provision_test.go:986:                   - cert = "LS0tLS1CRUdJTiBDRVJUSUZJQ0FURS0tLS0tCk1JSUJpVENDQVRDZ0F3SUJBZ0lSQUp4NUp1SEpDOTIyRWdHZTl3TmJzZ0l3Q2dZSUtvWkl6ajBFQXdJd0ZURVQKTUJFR0ExVUVDaE1LYTNWaVpYSnVaWFJsY3pBZUZ3MHlOakE0TWpReU1ETTJNRFJhRncwek5qQTRNakV5TURNMgpNRFJhTUJVeEV6QVJCZ05WQkFvVENtdDFZbVZ5Ym1WMFpYTXdXVEFUQmdjcWhrak9QUUlCQmdncWhrak9QUU1CCkJ3TkNBQVQrcHc5M1dKRHpnZ1I4c0I0V2NudWtUekxGVHM0RS9QRnQ1LytadlpyY2ZBSEthd2V4eEZNMEtyTHMKTFJoczZvWHZCdmFNMFlHY0JXY0NacjdySk8wem8yRXdYekFPQmdOVkhROEJBZjhFQkFNQ0FvUXdIUVlEVlIwbApCQll3RkFZSUt3WUJCUVVIQXdFR0NDc0dBUVVGQndNQ01BOEdBMVVkRXdFQi93UUZNQU1CQWY4d0hRWURWUjBPCkJCWUVGQkVyWWVXSkJpa0FzSXJxUG92V1dSWjU4S1NJTUFvR0NDcUdTTTQ5QkFNQ0EwY0FNRVFDSUNkNTlSR2QKZ0FDNDN4UUVGV1pyb1VsQVZYRGRSendwTFR5bmVlZlkwOFZQQWlBOURzT25oU01iem5Kc3o1TTV5T2RmNEk2UgpvbTBqdXBjWHJhL1ZucHBwcXc9PQotLS0tLUVORCBDRVJUSUZJQ0FURS0tLS0tCg==" -> null
    t2_provision_test.go:986:                   - key  = (sensitive value) -> null
    t2_provision_test.go:986:                 } -> null
    t2_provision_test.go:986:               - k8s_aggregator     = {
    t2_provision_test.go:986:                   - cert = "LS0tLS1CRUdJTiBDRVJUSUZJQ0FURS0tLS0tCk1JSUJZVENDQVFhZ0F3SUJBZ0lSQUtrYm9NVFBPSk5oVlFoQlRYVnlGaTh3Q2dZSUtvWkl6ajBFQXdJd0FEQWUKRncweU5qQTRNalF5TURNMk1EUmFGdzB6TmpBNE1qRXlNRE0yTURSYU1BQXdXVEFUQmdjcWhrak9QUUlCQmdncQpoa2pPUFFNQkJ3TkNBQVFtQ2tMZXRiVUxINGZSVDJMN1pUOWNzSCt5WFJYWFp5aXc4NHlZcG4rcHk2QWU4SGFGCmR6Ym1qZ1p3d21mcHErLzA2c1EybmFPeGpSWUJHVCtMdHk5d28yRXdYekFPQmdOVkhROEJBZjhFQkFNQ0FvUXcKSFFZRFZSMGxCQll3RkFZSUt3WUJCUVVIQXdFR0NDc0dBUVVGQndNQ01BOEdBMVVkRXdFQi93UUZNQU1CQWY4dwpIUVlEVlIwT0JCWUVGTnlyN29SQW9LYWNiVmVlS1FSb2o2aStnbzd4TUFvR0NDcUdTTTQ5QkFNQ0Ewa0FNRVlDCklRQ0tlNTgwZTkzUnJ0dE40ck1icGxXajU5VXkxa09ZbW9jT0dUdkJNUGZRV3dJaEFJU0l3V3l5ZEQrSjNsUjcKaDRCek9YaS9vUW1mamwxVU9iSzNPdjU3U01UYQotLS0tLUVORCBDRVJUSUZJQ0FURS0tLS0tCg==" -> null
    t2_provision_test.go:986:                   - key  = (sensitive value) -> null
    t2_provision_test.go:986:                 } -> null
    t2_provision_test.go:986:               - k8s_serviceaccount = {
    t2_provision_test.go:986:                   - key = (sensitive value) -> null
    t2_provision_test.go:986:                 } -> null
    t2_provision_test.go:986:               - os                 = {
    t2_provision_test.go:986:                   - cert = "LS0tLS1CRUdJTiBDRVJUSUZJQ0FURS0tLS0tCk1JSUJQekNCOHFBREFnRUNBaEVBajE0VWE2dDBHTm11c0FGbTI4V21rVEFGQmdNclpYQXdFREVPTUF3R0ExVUUKQ2hNRmRHRnNiM013SGhjTk1qWXdPREkwTWpBek5qQTBXaGNOTXpZd09ESXhNakF6TmpBMFdqQVFNUTR3REFZRApWUVFLRXdWMFlXeHZjekFxTUFVR0F5dGxjQU1oQUwycVJnQmxZTndwY3dQUndGM05pV2s5cXZUdWlxTUVYdHovCnNJczV6T1BEbzJFd1h6QU9CZ05WSFE4QkFmOEVCQU1DQW9Rd0hRWURWUjBsQkJZd0ZBWUlLd1lCQlFVSEF3RUcKQ0NzR0FRVUZCd01DTUE4R0ExVWRFd0VCL3dRRk1BTUJBZjh3SFFZRFZSME9CQllFRkRjTk9tQVN0d29LTVVxcQp3UndRa1FqUW5GcUdNQVVHQXl0bGNBTkJBSlArNFc2MS92UTBwOU0yNEo2eTlBZ1ROYTBuQWhHQnk4UVFHTjhmCmlFMHVrZTdTQkRXRnVLNG4yOXdFc01DbUR1emZyQzlvTGd2R3hMVzdiRUwxakFNPQotLS0tLUVORCBDRVJUSUZJQ0FURS0tLS0tCg==" -> null
    t2_provision_test.go:986:                   - key  = (sensitive value) -> null
    t2_provision_test.go:986:                 } -> null
    t2_provision_test.go:986:             } -> null
    t2_provision_test.go:986:           - cluster    = {
    t2_provision_test.go:986:               - id     = "5yOIkvtFQrgu6OKG_nfvqzDF8qNZT6mJnwC_EvBsjzk=" -> null
    t2_provision_test.go:986:               - secret = (sensitive value) -> null
    t2_provision_test.go:986:             } -> null
    t2_provision_test.go:986:           - secrets    = {
    t2_provision_test.go:986:               - bootstrap_token             = (sensitive value) -> null
    t2_provision_test.go:986:               - secretbox_encryption_secret = (sensitive value) -> null
    t2_provision_test.go:986:             } -> null
    t2_provision_test.go:986:           - trustdinfo = {
    t2_provision_test.go:986:               - token = (sensitive value) -> null
    t2_provision_test.go:986:             } -> null
    t2_provision_test.go:986:         } -> null
    t2_provision_test.go:986:       - talos_version        = "v1.13.6" -> null
    t2_provision_test.go:986:     }
    t2_provision_test.go:986: 
    t2_provision_test.go:986:   # terraform_data.byo_network_guard will be destroyed
    t2_provision_test.go:986:   - resource "terraform_data" "byo_network_guard" {
    t2_provision_test.go:986:       - id = "29f75226-9cf6-af15-fdb2-4d48eea05cbe" -> null
    t2_provision_test.go:986:     }
    t2_provision_test.go:986: 
    t2_provision_test.go:986:   # terraform_data.compat_k8s_guard will be destroyed
    t2_provision_test.go:986:   - resource "terraform_data" "compat_k8s_guard" {
    t2_provision_test.go:986:       - id = "495b223c-3bdb-6978-ba00-f28699047b66" -> null
    t2_provision_test.go:986:     }
    t2_provision_test.go:986: 
    t2_provision_test.go:986:   # terraform_data.csi_volume_label_guard will be destroyed
    t2_provision_test.go:986:   - resource "terraform_data" "csi_volume_label_guard" {
    t2_provision_test.go:986:       - id     = "15e681fa-2b9d-3f56-8515-a4688942b240" -> null
    t2_provision_test.go:986:       - input  = "2.22.0" -> null
    t2_provision_test.go:986:       - output = "2.22.0" -> null
    t2_provision_test.go:986:     }
    t2_provision_test.go:986: 
    t2_provision_test.go:986:   # terraform_data.dns_zone_guard will be destroyed
    t2_provision_test.go:986:   - resource "terraform_data" "dns_zone_guard" {
    t2_provision_test.go:986:       - id = "344a9251-9190-e98e-4742-427b143c3096" -> null
    t2_provision_test.go:986:     }
    t2_provision_test.go:986: 
    t2_provision_test.go:986: Plan: 0 to add, 0 to change, 33 to destroy.
    t2_provision_test.go:986: 
    t2_provision_test.go:986: Changes to Outputs:
    t2_provision_test.go:986:   - bootstrap_manifests    = (sensitive value) -> null
    t2_provision_test.go:986:   - bucket_endpoints       = {} -> null
    t2_provision_test.go:986:   - bucket_names           = [] -> null
    t2_provision_test.go:986:   - dns_name_servers       = [] -> null
    t2_provision_test.go:986:   - dns_zone_id            = "" -> null
    t2_provision_test.go:986:   - kubeconfig             = (sensitive value) -> null
    t2_provision_test.go:986:   - network_id             = "12577172" -> null
    t2_provision_test.go:986:   - talos_cluster_endpoint = "https://46.225.22.114:6443" -> null
    t2_provision_test.go:986:   - talos_cluster_name     = "alethia-nl-localc5b32c1f" -> null
    t2_provision_test.go:986:   - talosconfig            = (sensitive value) -> null
    t2_provision_test.go:986: terraform_data.dns_zone_guard: Destroying... [id=344a9251-9190-e98e-4742-427b143c3096]
    t2_provision_test.go:986: terraform_data.byo_network_guard: Destroying... [id=29f75226-9cf6-af15-fdb2-4d48eea05cbe]
    t2_provision_test.go:986: terraform_data.compat_k8s_guard: Destroying... [id=495b223c-3bdb-6978-ba00-f28699047b66]
    t2_provision_test.go:986: terraform_data.csi_volume_label_guard: Destroying... [id=15e681fa-2b9d-3f56-8515-a4688942b240]
    t2_provision_test.go:986: terraform_data.byo_network_guard: Destruction complete after 0s
    t2_provision_test.go:986: terraform_data.compat_k8s_guard: Destruction complete after 0s
    t2_provision_test.go:986: terraform_data.csi_volume_label_guard: Destruction complete after 0s
    t2_provision_test.go:986: terraform_data.dns_zone_guard: Destruction complete after 0s
    t2_provision_test.go:986: talos_cluster_kubeconfig.this: [REDACTED] [id=alethia-nl-localc5b32c1f]
    t2_provision_test.go:986: talos_machine_configuration_apply.worker["alethia-nl-localc5b32c1f-worker-1"]: Destroying... [id=machine_configuration_apply]
    t2_provision_test.go:986: talos_machine_configuration_apply.worker["alethia-nl-localc5b32c1f-worker-2"]: Destroying... [id=machine_configuration_apply]
    t2_provision_test.go:986: talos_machine_configuration_apply.worker["alethia-nl-localc5b32c1f-worker-3"]: Destroying... [id=machine_configuration_apply]
    t2_provision_test.go:986: talos_machine_configuration_apply.worker["alethia-nl-localc5b32c1f-worker-6"]: Destroying... [id=machine_configuration_apply]
    t2_provision_test.go:986: talos_machine_configuration_apply.worker["alethia-nl-localc5b32c1f-worker-5"]: Destroying... [id=machine_configuration_apply]
    t2_provision_test.go:986: talos_machine_configuration_apply.worker["alethia-nl-localc5b32c1f-worker-4"]: Destroying... [id=machine_configuration_apply]
    t2_provision_test.go:986: talos_machine_configuration_apply.worker["alethia-nl-localc5b32c1f-worker-3"]: Destruction complete after 0s
    t2_provision_test.go:986: talos_machine_configuration_apply.worker["alethia-nl-localc5b32c1f-worker-2"]: Destruction complete after 0s
    t2_provision_test.go:986: talos_cluster_kubeconfig.this: [REDACTED] complete after 0s
    t2_provision_test.go:986: talos_machine_configuration_apply.worker["alethia-nl-localc5b32c1f-worker-1"]: Destruction complete after 0s
    t2_provision_test.go:986: talos_machine_configuration_apply.worker["alethia-nl-localc5b32c1f-worker-5"]: Destruction complete after 0s
    t2_provision_test.go:986: talos_machine_configuration_apply.worker["alethia-nl-localc5b32c1f-worker-6"]: Destruction complete after 0s
    t2_provision_test.go:986: talos_machine_configuration_apply.worker["alethia-nl-localc5b32c1f-worker-4"]: Destruction complete after 0s
    t2_provision_test.go:986: talos_machine_bootstrap.this: Destroying... [id=machine_bootstrap]
    t2_provision_test.go:986: talos_machine_bootstrap.this: Destruction complete after 0s
    t2_provision_test.go:986: talos_machine_configuration_apply.control_plane["alethia-nl-localc5b32c1f-cp-1"]: Destroying... [id=machine_configuration_apply]
    t2_provision_test.go:986: hcloud_server.workers["alethia-nl-localc5b32c1f-worker-2"]: Destroying... [id=163483909]
    t2_provision_test.go:986: hcloud_server.workers["alethia-nl-localc5b32c1f-worker-3"]: Destroying... [id=163483906]
    t2_provision_test.go:986: hcloud_server.workers["alethia-nl-localc5b32c1f-worker-6"]: Destroying... [id=163483907]
    t2_provision_test.go:986: talos_machine_configuration_apply.control_plane["alethia-nl-localc5b32c1f-cp-1"]: Destruction complete after 0s
    t2_provision_test.go:986: hcloud_server.workers["alethia-nl-localc5b32c1f-worker-5"]: Destroying... [id=163483908]
    t2_provision_test.go:986: hcloud_server.workers["alethia-nl-localc5b32c1f-worker-1"]: Destroying... [id=163483903]
    t2_provision_test.go:986: hcloud_server.workers["alethia-nl-localc5b32c1f-worker-4"]: Destroying... [id=163483904]
    t2_provision_test.go:986: hcloud_server.control_planes["alethia-nl-localc5b32c1f-cp-1"]: Destroying... [id=163483905]
    t2_provision_test.go:986: hcloud_server.workers["alethia-nl-localc5b32c1f-worker-2"]: Still destroying... [id=163483909, 10s elapsed]
    t2_provision_test.go:986: hcloud_server.workers["alethia-nl-localc5b32c1f-worker-6"]: Still destroying... [id=163483907, 10s elapsed]
    t2_provision_test.go:986: hcloud_server.workers["alethia-nl-localc5b32c1f-worker-3"]: Still destroying... [id=163483906, 10s elapsed]
    t2_provision_test.go:986: hcloud_server.workers["alethia-nl-localc5b32c1f-worker-5"]: Still destroying... [id=163483908, 10s elapsed]
    t2_provision_test.go:986: hcloud_server.workers["alethia-nl-localc5b32c1f-worker-1"]: Still destroying... [id=163483903, 10s elapsed]
    t2_provision_test.go:986: hcloud_server.workers["alethia-nl-localc5b32c1f-worker-4"]: Still destroying... [id=163483904, 10s elapsed]
    t2_provision_test.go:986: hcloud_server.control_planes["alethia-nl-localc5b32c1f-cp-1"]: Still destroying... [id=163483905, 10s elapsed]
    t2_provision_test.go:986: hcloud_server.workers["alethia-nl-localc5b32c1f-worker-5"]: Still destroying... [id=163483908, 20s elapsed]
    t2_provision_test.go:986: hcloud_server.workers["alethia-nl-localc5b32c1f-worker-3"]: Still destroying... [id=163483906, 20s elapsed]
    t2_provision_test.go:986: hcloud_server.control_planes["alethia-nl-localc5b32c1f-cp-1"]: Still destroying... [id=163483905, 20s elapsed]
    t2_provision_test.go:986: hcloud_server.workers["alethia-nl-localc5b32c1f-worker-1"]: Still destroying... [id=163483903, 20s elapsed]
    t2_provision_test.go:986: hcloud_server.workers["alethia-nl-localc5b32c1f-worker-4"]: Still destroying... [id=163483904, 20s elapsed]
    t2_provision_test.go:986: hcloud_server.workers["alethia-nl-localc5b32c1f-worker-6"]: Still destroying... [id=163483907, 20s elapsed]
    t2_provision_test.go:986: hcloud_server.workers["alethia-nl-localc5b32c1f-worker-2"]: Still destroying... [id=163483909, 20s elapsed]
    t2_provision_test.go:986: hcloud_server.workers["alethia-nl-localc5b32c1f-worker-6"]: Still destroying... [id=163483907, 30s elapsed]
    t2_provision_test.go:986: hcloud_server.workers["alethia-nl-localc5b32c1f-worker-3"]: Still destroying... [id=163483906, 30s elapsed]
    t2_provision_test.go:986: hcloud_server.workers["alethia-nl-localc5b32c1f-worker-4"]: Still destroying... [id=163483904, 30s elapsed]
    t2_provision_test.go:986: hcloud_server.workers["alethia-nl-localc5b32c1f-worker-1"]: Still destroying... [id=163483903, 30s elapsed]
    t2_provision_test.go:986: hcloud_server.workers["alethia-nl-localc5b32c1f-worker-2"]: Still destroying... [id=163483909, 30s elapsed]
    t2_provision_test.go:986: hcloud_server.control_planes["alethia-nl-localc5b32c1f-cp-1"]: Still destroying... [id=163483905, 30s elapsed]
    t2_provision_test.go:986: hcloud_server.workers["alethia-nl-localc5b32c1f-worker-5"]: Still destroying... [id=163483908, 30s elapsed]
    t2_provision_test.go:986: hcloud_server.workers["alethia-nl-localc5b32c1f-worker-1"]: Destruction complete after 35s
    t2_provision_test.go:986: hcloud_server.workers["alethia-nl-localc5b32c1f-worker-3"]: Destruction complete after 35s
    t2_provision_test.go:986: hcloud_server.workers["alethia-nl-localc5b32c1f-worker-4"]: Destruction complete after 35s
    t2_provision_test.go:986: hcloud_server.workers["alethia-nl-localc5b32c1f-worker-5"]: Destruction complete after 35s
    t2_provision_test.go:986: hcloud_server.control_planes["alethia-nl-localc5b32c1f-cp-1"]: Destruction complete after 35s
    t2_provision_test.go:986: hcloud_server.workers["alethia-nl-localc5b32c1f-worker-2"]: Destruction complete after 35s
    t2_provision_test.go:986: hcloud_server.workers["alethia-nl-localc5b32c1f-worker-6"]: Destruction complete after 35s
    t2_provision_test.go:986: hcloud_network_subnet.nodes: Destroying... [id=12577172-10.0.0.0/24]
    t2_provision_test.go:986: hcloud_primary_ip.worker_ipv4[1]: Destroying... [name=alethia-nl-localc5b32c1f-worker-2-ipv4]
    t2_provision_test.go:986: hcloud_primary_ip.worker_ipv4[5]: Destroying... [name=alethia-nl-localc5b32c1f-worker-6-ipv4]
    t2_provision_test.go:986: hcloud_primary_ip.control_plane_ipv4[0]: Destroying... [name=alethia-nl-localc5b32c1f-cp-1-ipv4]
    t2_provision_test.go:986: hcloud_primary_ip.worker_ipv4[2]: Destroying... [name=alethia-nl-localc5b32c1f-worker-3-ipv4]
    t2_provision_test.go:986: imager_image.amd64[0]: Destroying... [id=423919448]
    t2_provision_test.go:986: hcloud_primary_ip.worker_ipv4[0]: Destroying... [name=alethia-nl-localc5b32c1f-worker-1-ipv4]
    t2_provision_test.go:986: hcloud_primary_ip.worker_ipv4[3]: Destroying... [name=alethia-nl-localc5b32c1f-worker-4-ipv4]
    t2_provision_test.go:986: hcloud_firewall.this: Destroying... [id=11513743]
    t2_provision_test.go:986: talos_machine_secrets.this: Destroying... [id=machine_secrets]
    t2_provision_test.go:986: talos_machine_secrets.this: Destruction complete after 0s
    t2_provision_test.go:986: hcloud_primary_ip.worker_ipv4[4]: Destroying... [name=alethia-nl-localc5b32c1f-worker-5-ipv4]
    t2_provision_test.go:986: hcloud_firewall.this: Destruction complete after 0s
    t2_provision_test.go:986: hcloud_primary_ip.worker_ipv4[1]: Destruction complete after 0s
    t2_provision_test.go:986: hcloud_primary_ip.control_plane_ipv4[0]: Destruction complete after 0s
    t2_provision_test.go:986: hcloud_primary_ip.worker_ipv4[2]: Destruction complete after 0s
    t2_provision_test.go:986: hcloud_primary_ip.worker_ipv4[4]: Destruction complete after 0s
    t2_provision_test.go:986: hcloud_primary_ip.worker_ipv4[5]: Destruction complete after 0s
    t2_provision_test.go:986: hcloud_primary_ip.worker_ipv4[3]: Destruction complete after 0s
    t2_provision_test.go:986: imager_image.amd64[0]: Destruction complete after 0s
    t2_provision_test.go:986: hcloud_primary_ip.worker_ipv4[0]: Destruction complete after 0s
    t2_provision_test.go:986: talos_image_factory_schematic.this: Destroying... [id=ce4c980550dd2ab1b17bbf2b08801c7eb59418eafe8f279833297925d67c7515]
    t2_provision_test.go:986: talos_image_factory_schematic.this: Destruction complete after 0s
    t2_provision_test.go:986: hcloud_network_subnet.nodes: Destruction complete after 0s
    t2_provision_test.go:986: hcloud_network.this[0]: Destroying... [id=12577172]
    t2_provision_test.go:986: hcloud_network.this[0]: Destruction complete after 1s
    t2_provision_test.go:986: 
    t2_provision_test.go:986: Warning: Value for undeclared variable
    t2_provision_test.go:986: 
    t2_provision_test.go:986: The root module does not declare a variable named "registry_provider" but a
    t2_provision_test.go:986: value was found in file
    t2_provision_test.go:986: "/var/folders/vm/lhl4207s6nx4bn8xn8slz2lr0000gn/T/alethia-destroy-1006095415/work/tofu.tfvars.json".
    t2_provision_test.go:986: If you meant to use this value, add a "variable" block to the configuration.
    t2_provision_test.go:986: 
    t2_provision_test.go:986: To silence these warnings, use TF_VAR_... environment variables to provide
    t2_provision_test.go:986: certain "global" settings to all configurations in your organization. To
    t2_provision_test.go:986: reduce the verbosity of these warnings, use the -compact-warnings option.
    t2_provision_test.go:986: 
    t2_provision_test.go:986: Warning: Value for undeclared variable
    t2_provision_test.go:986: 
    t2_provision_test.go:986: The root module does not declare a variable named "registry_pull_provider"
    t2_provision_test.go:986: but a value was found in file
    t2_provision_test.go:986: "/var/folders/vm/lhl4207s6nx4bn8xn8slz2lr0000gn/T/alethia-destroy-1006095415/work/tofu.tfvars.json".
    t2_provision_test.go:986: If you meant to use this value, add a "variable" block to the configuration.
    t2_provision_test.go:986: 
    t2_provision_test.go:986: To silence these warnings, use TF_VAR_... environment variables to provide
    t2_provision_test.go:986: certain "global" settings to all configurations in your organization. To
    t2_provision_test.go:986: reduce the verbosity of these warnings, use the -compact-warnings option.
    t2_provision_test.go:986: 
    t2_provision_test.go:986: Warning: Values for undeclared variables
    t2_provision_test.go:986: 
    t2_provision_test.go:986: In addition to the other similar warnings shown, 2 other variable(s) defined
    t2_provision_test.go:986: without being declared.
    t2_provision_test.go:986: 
    t2_provision_test.go:986: Destroy complete! Resources: 33 destroyed.
    t2_provision_test.go:986: Environment destroyed successfully!
    t2_provision_test.go:365: teardown: cluster destroyed via RunDestroy
--- FAIL: TestT2RealCloudProvisioning (2271.56s)
FAIL
FAIL	github.com/alethialabs-io/alethialabs/test/e2e	2272.048s
?   	github.com/alethialabs-io/alethialabs/test/e2e/cmd/t2budget	[no test files]
FAIL
